{
  "type": "FeatureCollection",
  "generator": "overpass-turbo",
  "copyright": "The data included in this document is from www.openstreetmap.org. The data is made available under ODbL.",
  "timestamp": "2026-08-12T18:02:00Z",
  "features": [
    {
      "type": "Feature",
      "properties": {
        "@id": "relation/151874",
        "name": "İstanbul Surları",
        "name:de": "Theodosianische Landmauer",
        "name:en": "Theodosian Walls",
        "name:nl": "Muur van Theodosius",
        "site": "ruins",
        "tourism": "attraction",
        "type": "site",
        "wikidata": "Q89917",
        "wikipedia": "tr:Konstantinopolis Surları",
        "@geometry": "center"
      },
      "geometry": {
        "type": "Point",
        "coordinates": [
          28.9312722,
          41.0142069
        ]
      },
      "id": "relation/151874"
    },
    {
      "type": "Feature",
      "properties": {
        "@id": "relation/1555271",
        "alt_name:br": "Moskeenn Veur Santez-Sofia",
        "int_name": "Hagia Sophia Grand Mosque",
        "name": "Ayasofya-i Kebir Câmi-i Şerifi",
        "name:ar": "آيا صوفيا",
        "name:br": "Santez-Sofia",
        "name:fr": "Sainte-Sophie",
        "name:hr": "Aja Sofija",
        "tourism": "museum",
        "type": "site",
        "website": "https://www.geziyerler.com/ayasofya-muzesi",
        "wikipedia": "tr:Ayasofya",
        "@geometry": "center"
      },
      "geometry": {
        "type": "Point",
        "coordinates": [
          28.9798633,
          41.0084634
        ]
      },
      "id": "relation/1555271"
    },
    {
      "type": "Feature",
      "properties": {
        "@id": "relation/1558808",
        "building": "yes",
        "historic": "building",
        "name": "Süleymaniye İmareti",
        "source": "Bing",
        "type": "multipolygon",
        "wikidata": "Q134732099",
        "@geometry": "center"
      },
      "geometry": {
        "type": "Point",
        "coordinates": [
          28.9622945,
          41.0168225
        ]
      },
      "id": "relation/1558808"
    },
    {
      "type": "Feature",
      "properties": {
        "@id": "relation/1564032",
        "addr:housenumber": "1",
        "addr:postcode": "34116",
        "addr:street": "Profesör Doktor Sıddık Sami Onar Caddesi",
        "amenity": "place_of_worship",
        "architect": "Mimar Sinan",
        "building": "mosque",
        "denomination": "sunni",
        "ele": "58",
        "image": "https://photos.app.goo.gl/u46uMmKRRBgqZQCa6",
        "name": "Süleymaniye Camii",
        "name:ar": "مسجد السليمانية",
        "name:cs": "Sulejmanova mešita",
        "name:da": "Süleymaniye-moskéen",
        "name:de": "Süleymaniye Moschee",
        "name:en": "Süleymaniye Mosque",
        "name:fa": "مسجد سلیمانیه",
        "name:fr": "Mosquée Süleymaniye",
        "name:ko": "쉴레이마니예 모스크",
        "name:pt": "Mesquita de Solimão",
        "name:ru": "Мечеть Сулеймание",
        "name:tr": "Süleymaniye Camii",
        "name:zh": "蘇萊曼尼耶清真寺/苏莱曼尼耶清真寺",
        "name:zh-Hans": "苏莱曼尼耶清真寺",
        "name:zh-Hant": "蘇萊曼尼耶清真寺",
        "religion": "muslim",
        "type": "multipolygon",
        "website": "https://www.geziyerler.com/suleymaniye-camii",
        "wheelchair": "yes",
        "wikidata": "Q178643",
        "wikimedia_commons": "Category:Süleymaniye Mosque",
        "wikipedia": "en:Süleymaniye Mosque",
        "@geometry": "center"
      },
      "geometry": {
        "type": "Point",
        "coordinates": [
          28.9638245,
          41.0162403
        ]
      },
      "id": "relation/1564032"
    },
    {
      "type": "Feature",
      "properties": {
        "@id": "relation/1661399",
        "addr:city": "İstanbul",
        "addr:district": "Fatih",
        "addr:housenumber": "6",
        "addr:neighbourhood": "Ali Kuşçu Mahallesi",
        "addr:postcode": "34083",
        "addr:street": "Hattat Nafiz Caddesi",
        "amenity": "place_of_worship",
        "building": "mosque",
        "denomination": "sunni",
        "name": "Fatih Camii",
        "name:ar": "جامع الفاتح",
        "name:de": "Fatih-Moschee",
        "name:en": "Fatih Mosque",
        "name:fa": "مسجد فاتح",
        "name:hi": "फ़ातिह मस्जिद",
        "name:ml": "ഫത്തേഹ് മസ്ജിദ്",
        "name:ru": "мечеть Фатих",
        "name:tr": "Fatih Camii",
        "religion": "muslim",
        "start_date": "1463-1570م/ 867-875هـ",
        "tourism": "attraction",
        "type": "multipolygon",
        "wikidata": "Q756189",
        "wikimedia_commons": "Category:Fatih Mosque",
        "wikipedia": "tr:Fatih Camii",
        "@geometry": "center"
      },
      "geometry": {
        "type": "Point",
        "coordinates": [
          28.9497619,
          41.0197482
        ]
      },
      "id": "relation/1661399"
    },
    {
      "type": "Feature",
      "properties": {
        "@id": "relation/3325490",
        "building": "yes",
        "historic": "building",
        "name": "Maçka Silahhanesi",
        "type": "multipolygon",
        "wikidata": "Q6057518",
        "wikimedia_commons": "Category:Maçka Armory",
        "wikipedia": "tr:Maçka Silahhanesi",
        "@geometry": "center"
      },
      "geometry": {
        "type": "Point",
        "coordinates": [
          28.995223,
          41.0447085
        ]
      },
      "id": "relation/3325490"
    },
    {
      "type": "Feature",
      "properties": {
        "@id": "relation/4297527",
        "fax": "+90 212 369 66 06",
        "name": "Rahmi M. Koç Müzesi",
        "phone": "+90 212 369 66 00",
        "tourism": "museum",
        "type": "multipolygon",
        "website": "http://www.rmk-museum.org.tr/default.aspx",
        "website:en": "http://www.rmk-museum.org.tr/en/index.htm",
        "website:tr": "http://www.rmk-museum.org.tr/default.aspx",
        "wheelchair": "yes",
        "wheelchair:description": "Tekerlekli sandalye için %100 uygunluk gösteren Müze'de, kapı geçişleri, rampalar, asansörler, engelli tuvaletleri gibi her türlü olanaklar bulunmaktadır.",
        "wheelchair:description:tr": "Tekerlekli sandalye için %100 uygunluk gösteren Müze'de, kapı geçişleri, rampalar, asansörler, engelli tuvaletleri gibi her türlü olanaklar bulunmaktadır.",
        "wikidata": "Q3404565",
        "wikimedia_commons": "Category:Rahmi M. Koç Museum",
        "wikipedia": "tr:Rahmi M. Koç Müzesi",
        "@geometry": "center"
      },
      "geometry": {
        "type": "Point",
        "coordinates": [
          28.9484777,
          41.0420763
        ]
      },
      "id": "relation/4297527"
    },
    {
      "type": "Feature",
      "properties": {
        "@id": "relation/4297528",
        "historic": "ship",
        "image": "File:TCG Uluçalireis (S 338).jpg",
        "layer": "1",
        "name": "TCG Uluçalireis",
        "old_name": "USS Thornback (SS-418)",
        "ref": "S338",
        "ship:type": "submarine",
        "start_date": "1944",
        "tourism": "attraction",
        "type": "multipolygon",
        "website": "https://www.rmk-museum.org.tr/rmk_denizalti.htm",
        "wikidata": "Q4817294",
        "wikimedia_commons": "Category:USS Thornback (SS-418)",
        "wikipedia": "tr:TCG Uluçalireis (S-338)",
        "wikipedia:en": "USS Thornback (SS-418)",
        "@geometry": "center"
      },
      "geometry": {
        "type": "Point",
        "coordinates": [
          28.947617,
          41.0414334
        ]
      },
      "id": "relation/4297528"
    },
    {
      "type": "Feature",
      "properties": {
        "@id": "relation/4429629",
        "alt_name": "Wall of Manuel Komnenos",
        "building": "yes",
        "historic": "ruins",
        "name": "İstanbul Surları",
        "name:de": "Theodosianische Stadtmauer",
        "name:en": "Walls of Constantinople",
        "name:pl": "Mury Konstantynopola",
        "name:uk": "Стіни Константинополя",
        "type": "multipolygon",
        "wikidata": "Q89917",
        "wikipedia": "en:Walls of Constantinople",
        "@geometry": "center"
      },
      "geometry": {
        "type": "Point",
        "coordinates": [
          28.9392959,
          41.0355936
        ]
      },
      "id": "relation/4429629"
    },
    {
      "type": "Feature",
      "properties": {
        "@id": "relation/4429646",
        "area:highway": "pedestrian",
        "highway": "pedestrian",
        "landuse": "religious",
        "lit": "yes",
        "name": "Beyazıt Meydanı",
        "name:de": "Bayezidplatz",
        "name:el": "Πλατεία Μπεγιαζίτ",
        "name:en": "Beyazit Square",
        "name:fa": "میدان بایزید",
        "name:ru": "Площадь Беязыт",
        "name:tr": "Beyazıt Meydanı",
        "place": "square",
        "type": "multipolygon",
        "wikidata": "Q6043077",
        "wikimedia_commons": "Category:Beyazıt Square",
        "wikipedia": "tr:Beyazıt Meydanı",
        "@geometry": "center"
      },
      "geometry": {
        "type": "Point",
        "coordinates": [
          28.9639362,
          41.0102712
        ]
      },
      "id": "relation/4429646"
    },
    {
      "type": "Feature",
      "properties": {
        "@id": "relation/4429796",
        "addr:city": "İstanbul",
        "addr:district": "Üsküdar",
        "name": "Kız Kulesi",
        "name:de": "Leanderturm",
        "name:en": "Maiden's Tower",
        "name:ko": "마이덴 타워(처녀의 탑)",
        "name:ru": "Девичья башня",
        "name:tr": "Kız Kulesi",
        "name:zh": "少女塔",
        "name:zh-Hans": "少女塔",
        "name:zh-Hant": "少女塔",
        "source:position": "Bing",
        "tourism": "attraction",
        "type": "multipolygon",
        "wikidata": "Q848397",
        "wikimedia_commons": "Category:Maiden's Tower",
        "wikipedia": "tr:Kız Kulesi",
        "wikipedia:en": "Maiden's Tower",
        "@geometry": "center"
      },
      "geometry": {
        "type": "Point",
        "coordinates": [
          29.0040638,
          41.0211108
        ]
      },
      "id": "relation/4429796"
    },
    {
      "type": "Feature",
      "properties": {
        "@id": "relation/4465530",
        "addr:city": "İstanbul",
        "addr:district": "Fatih",
        "amenity": "place_of_worship",
        "building": "mosque",
        "denomination": "sunni",
        "name": "Nişancı Mehmetpaşa Camii",
        "name:ar": "جامع نيشانجي محمد باشا",
        "religion": "muslim",
        "type": "multipolygon",
        "wikidata": "Q6056382",
        "wikimedia_commons": "Category:Nişancı Mehmed Pasha Mosque",
        "wikipedia": "tr:Nişancı Mehmet Paşa Camii",
        "@geometry": "center"
      },
      "geometry": {
        "type": "Point",
        "coordinates": [
          28.9448032,
          41.0242108
        ]
      },
      "id": "relation/4465530"
    },
    {
      "type": "Feature",
      "properties": {
        "@id": "way/4471925",
        "addr:city": "İstanbul",
        "addr:district": "Beyoğlu",
        "addr:neighbourhood": "Gümüşsuyu",
        "leisure": "park",
        "name": "Taksim Gezi Parkı",
        "name:de": "Gezi-Park",
        "name:en": "Taksim Gezi Park",
        "name:fa": "پارک تقسیم گیزی",
        "wikidata": "Q6048634",
        "wikimedia_commons": "Category:Taksim Gezi Park",
        "wikipedia": "en:Taksim Gezi Park",
        "@geometry": "center"
      },
      "geometry": {
        "type": "Point",
        "coordinates": [
          28.9869032,
          41.0388553
        ]
      },
      "id": "way/4471925"
    },
    {
      "type": "Feature",
      "properties": {
        "@id": "relation/4473230",
        "area": "yes",
        "highway": "pedestrian",
        "lit": "yes",
        "name": "Taksim Meydanı",
        "name:ar": "ميدان تقسيم",
        "name:cs": "Taksimské náměstí",
        "name:de": "Taksim-Platz",
        "name:en": "Istanbul Taksim Square",
        "name:es": "Plaza Taksim",
        "name:fa": "میدان تقسیم",
        "name:fr": "Place Taksim",
        "name:he": "כיכר טקסים",
        "name:hi": "टकसीम चौक",
        "name:it": "Piazza Taksim",
        "name:ko": "탁심 광장",
        "name:lv": "Taksima",
        "name:ml": "തക്സിം ചത്വരം",
        "name:nl": "Taksimplein",
        "name:pt": "Praça Taksim",
        "name:ru": "площадь Таксим",
        "name:tr": "Taksim Meydanı",
        "place": "square",
        "surface": "paving_stones",
        "tourism": "attraction",
        "type": "multipolygon",
        "wikidata": "Q736072",
        "wikimedia_commons": "Category:Taksim Square",
        "wikipedia": "tr:Taksim Meydanı",
        "@geometry": "center"
      },
      "geometry": {
        "type": "Point",
        "coordinates": [
          28.985615,
          41.0378734
        ]
      },
      "id": "relation/4473230"
    },
    {
      "type": "Feature",
      "properties": {
        "@id": "relation/4567928",
        "addr:housenumber": "15",
        "addr:postcode": "34122",
        "addr:street": "Şehit Mehmetpaşa Sokağı",
        "amenity": "place_of_worship",
        "building": "mosque",
        "name": "Sokullu Şehit Mehmed Paşa Camii",
        "name:ar": "جامع سوكوللو مهمت باشا",
        "name:en": "Sokullu Mehmed Pasa Mosque",
        "religion": "muslim",
        "start_date": "1571",
        "type": "multipolygon",
        "wikidata": "Q1572472",
        "@geometry": "center"
      },
      "geometry": {
        "type": "Point",
        "coordinates": [
          28.9720415,
          41.0048439
        ]
      },
      "id": "relation/4567928"
    },
    {
      "type": "Feature",
      "properties": {
        "@id": "relation/4742207",
        "building": "yes",
        "name": "Marmara Üniversitesi Cumhuriyet Müzesi",
        "name:ar": "المتحف الجمهوري لجامعة مرمرة",
        "name:en": "Marmara University Republic Museum",
        "name:fa": "موزه جمهوری دانشگاه مرمره",
        "tourism": "museum",
        "type": "multipolygon",
        "website": "https://cumhuriyetmuzesi.marmara.edu.tr/",
        "@geometry": "center"
      },
      "geometry": {
        "type": "Point",
        "coordinates": [
          28.97413,
          41.0048417
        ]
      },
      "id": "relation/4742207"
    },
    {
      "type": "Feature",
      "properties": {
        "@id": "relation/4742554",
        "addr:city": "İstanbul",
        "building": "church",
        "disused:amenity": "place_of_worship",
        "historic": "yes",
        "image": "https://photos.app.goo.gl/wytzK87m6kBnU2kQA",
        "name": "Aya İrini Kilisesi",
        "name:ar": "آيا إيريني",
        "name:bg": "Света Ирина",
        "name:de": "Hagia Irene",
        "name:el": "Ναός της Αγίας Ειρήνης",
        "name:en": "Hagia Irene",
        "name:es": "Iglesia de Santa Irene",
        "name:fa": "ایا ایرنه",
        "name:fr": "Sainte-Irène",
        "name:hi": "हागिया आइरीन",
        "name:ru": "Церковь Св. Ирины в Стамбуле",
        "name:tr": "Aya İrini Kilisesi",
        "name:uk": "Церковь Св. Ирины в Стамбуле",
        "name:zh": "神圣和平教堂/神聖和平教堂",
        "name:zh-Hans": "神圣和平教堂",
        "name:zh-Hant": "神聖和平教堂",
        "start_date": "740",
        "tourism": "museum",
        "type": "multipolygon",
        "website": "https://muze.gen.tr/",
        "wikidata": "Q736676",
        "wikimedia_commons": "Category:Hagia Irene",
        "wikipedia": "tr:Aya İrini",
        "@geometry": "center"
      },
      "geometry": {
        "type": "Point",
        "coordinates": [
          28.9809477,
          41.0098292
        ]
      },
      "id": "relation/4742554"
    },
    {
      "type": "Feature",
      "properties": {
        "@id": "relation/6390364",
        "building": "yes",
        "historic": "building",
        "name": "Rüstem Paşa Medresesi",
        "type": "multipolygon",
        "wikidata": "Q31193235",
        "wikipedia": "tr:Rüstem Paşa Medresesi (İstanbul)",
        "@geometry": "center"
      },
      "geometry": {
        "type": "Point",
        "coordinates": [
          28.9724589,
          41.0131608
        ]
      },
      "id": "relation/6390364"
    },
    {
      "type": "Feature",
      "properties": {
        "@id": "relation/6606776",
        "leisure": "park",
        "name": "Yıldız Parkı",
        "name:ru": "Парк Йылдыз",
        "natural": "wood",
        "opening_hours": "Mo-Su 08:00-22:00",
        "type": "multipolygon",
        "wikidata": "Q1818005",
        "wikimedia_commons": "Category:Yıldız Park",
        "wikipedia": "tr:Yıldız Parkı",
        "@geometry": "center"
      },
      "geometry": {
        "type": "Point",
        "coordinates": [
          29.0168889,
          41.048307
        ]
      },
      "id": "relation/6606776"
    },
    {
      "type": "Feature",
      "properties": {
        "@id": "relation/7317847",
        "amenity": "place_of_worship",
        "building": "mosque",
        "denomination": "sunni",
        "name": "Sinan Paşa Camisi",
        "name:ar": "جامع سنان باشا",
        "name:el": "Τέμενος Σινάν Πασά",
        "name:en": "Sinan Pasha Mosque",
        "name:it": "Moschea di Sinan Pascià",
        "name:ru": "Мечеть Синан Паша",
        "name:zh": "希南帕夏清真寺",
        "religion": "muslim",
        "source": "bing",
        "type": "multipolygon",
        "wikidata": "Q1572395",
        "wikimedia_commons": "Category:Sinan Paşa Mosque",
        "wikipedia": "tr:Sinan Paşa Camii",
        "@geometry": "center"
      },
      "geometry": {
        "type": "Point",
        "coordinates": [
          29.0061492,
          41.0423653
        ]
      },
      "id": "relation/7317847"
    },
    {
      "type": "Feature",
      "properties": {
        "@id": "relation/7318154",
        "addr:postcode": "34470",
        "alt_name": "Rumeli Hisar;Rumelihisarı;Rumelihisarıı",
        "building": "castle",
        "castle_type": "fortress",
        "historic": "castle",
        "historic:civilization": "ottoman",
        "museum": "history",
        "name": "Rumeli Hisarı",
        "name:en": "Rumeli Fortress",
        "name:ru": "Крепость Румелихисар",
        "name:uk": "Румелі Хісари",
        "opening_hours": "Th-Tu 09:00-17:00",
        "source": "bing",
        "tourism": "museum",
        "type": "multipolygon",
        "website": "https://muze.gen.tr/muze-detay/rumeli",
        "wikidata": "Q90801",
        "wikimedia_commons": "Category:Rumeli Hisarı",
        "wikipedia": "tr:Rumeli Hisarı",
        "@geometry": "center"
      },
      "geometry": {
        "type": "Point",
        "coordinates": [
          29.0560944,
          41.0849152
        ]
      },
      "id": "relation/7318154"
    },
    {
      "type": "Feature",
      "properties": {
        "@id": "relation/7318379",
        "addr:city": "İstanbul",
        "addr:district": "Fatih",
        "amenity": "place_of_worship",
        "building": "mosque",
        "denomination": "sunni",
        "name": "Mihrimah Sultan Camii",
        "name:ar": "جامع ميهريماه سلطان",
        "name:de": "Mihrimah-Sultan-Moschee",
        "religion": "muslim",
        "source": "bing",
        "start_date": "1565",
        "type": "multipolygon",
        "wheelchair": "no",
        "wikidata": "Q1581190",
        "wikimedia_commons": "Category:Mihrimah Mosque (Edirnekapı)",
        "wikipedia": "en:Mihrimah Sultan Mosque, Edirnekapı",
        "@geometry": "center"
      },
      "geometry": {
        "type": "Point",
        "coordinates": [
          28.9356975,
          41.0293602
        ]
      },
      "id": "relation/7318379"
    },
    {
      "type": "Feature",
      "properties": {
        "@id": "relation/7318631",
        "addr:city": "İstanbul",
        "addr:district": "Fatih",
        "addr:neighbourhood": "Topkapı Mahallesi",
        "amenity": "place_of_worship",
        "building": "mosque",
        "name": "Kara Ahmet Paşa Cami",
        "name:ar": "جامع مركز غازي أحمد باشا",
        "name:ru": "Мечеть Кара-Ахмед паши",
        "religion": "muslim",
        "source": "bing",
        "type": "multipolygon",
        "wikidata": "Q1572049",
        "wikipedia": "tr:Gazi Ahmed Paşa Camii",
        "@geometry": "center"
      },
      "geometry": {
        "type": "Point",
        "coordinates": [
          28.9291215,
          41.0212358
        ]
      },
      "id": "relation/7318631"
    },
    {
      "type": "Feature",
      "properties": {
        "@id": "relation/7321116",
        "addr:city": "İstanbul",
        "addr:district": "Üsküdar",
        "addr:neighbourhood": "Mimar Sinan Mahallesi",
        "addr:postcode": "34672",
        "addr:street": "Hakimiyeti Milliye Caddesi",
        "alt_name": "Valide-i Atik Camii",
        "amenity": "place_of_worship",
        "building": "mosque",
        "historic": "yes",
        "historic:civilization": "ottoman",
        "name": "Yeni Valide Camii",
        "name:es": "Nueva mezquita de la Valida",
        "religion": "muslim",
        "source": "bing",
        "type": "multipolygon",
        "wikidata": "Q2334567",
        "wikimedia_commons": "Category:Yeni Valide Mosque",
        "wikipedia": "tr:Yeni Valide Camii",
        "@geometry": "center"
      },
      "geometry": {
        "type": "Point",
        "coordinates": [
          29.015039,
          41.0247806
        ]
      },
      "id": "relation/7321116"
    },
    {
      "type": "Feature",
      "properties": {
        "@id": "relation/7328115",
        "addr:city": "İstanbul",
        "addr:district": "Fatih",
        "addr:neighbourhood": "Balat Mahallesi",
        "addr:postcode": "34087",
        "amenity": "place_of_worship",
        "building": "mosque",
        "name": "Yavuz Sultan Selim Cami",
        "name:ar": "مسجد سليم الأول",
        "name:en": "Yavuz Sultan Selim Mosque",
        "name:fa": "مسجد یاوز سلیم",
        "name:ru": "Мечеть Явуз-Селим",
        "name:tr": "Yavuz Sultan Selim Camii",
        "name:ur": "یاوز سلیم مسجد",
        "name:zh": "塞利姆一世清真寺",
        "religion": "muslim",
        "tourism": "attraction",
        "type": "multipolygon",
        "wikidata": "Q2565329",
        "wikimedia_commons": "Category:Yavuz Selim Mosque",
        "wikipedia": "tr:Yavuz Selim Camii",
        "@geometry": "center"
      },
      "geometry": {
        "type": "Point",
        "coordinates": [
          28.9512953,
          41.0266074
        ]
      },
      "id": "relation/7328115"
    },
    {
      "type": "Feature",
      "properties": {
        "@id": "relation/7328116",
        "amenity": "place_of_worship",
        "building": "mosque",
        "denomination": "sunni",
        "name": "Laleli Camii",
        "name:ar": "جامع لاللي",
        "name:cs": "Mešita Laleli",
        "name:de": "Tulpenmoschee (Laleli)",
        "religion": "muslim",
        "source": "bing",
        "type": "multipolygon",
        "wheelchair": "no",
        "wikidata": "Q590900",
        "wikimedia_commons": "Category:Laleli Mosque (Istanbul)",
        "wikipedia": "tr:Laleli Camii",
        "@geometry": "center"
      },
      "geometry": {
        "type": "Point",
        "coordinates": [
          28.9565654,
          41.0100742
        ]
      },
      "id": "relation/7328116"
    },
    {
      "type": "Feature",
      "properties": {
        "@id": "relation/7534888",
        "addr:city": "İstanbul",
        "addr:district": "Üsküdar",
        "amenity": "place_of_worship",
        "building": "mosque",
        "capacity": "63000",
        "denomination": "sunni",
        "height": "30",
        "name": "Büyük Çamlıca Camii",
        "name:de": "Çamlıca-Moschee",
        "name:en": "Grand Çamlıca Mosque",
        "name:fr": "Mosquée de Çamlıca",
        "name:hi": "भव्य कैमलिका मस्जिद",
        "name:mk": "Чамлиџа-џамија",
        "name:ml": "ചാംലിക്ക മസ്ജിദ്",
        "name:tr": "Büyük Çamlıca Camii",
        "religion": "muslim",
        "source": "Maxar Premium-Luftbilder (Beta)",
        "start_date": "03.05.2019",
        "type": "multipolygon",
        "wikidata": "Q18341384",
        "wikimedia_commons": "Category:Çamlıca Mosque",
        "wikipedia": "tr:Çamlıca Camii",
        "@geometry": "center"
      },
      "geometry": {
        "type": "Point",
        "coordinates": [
          29.0703099,
          41.034429
        ]
      },
      "id": "relation/7534888"
    },
    {
      "type": "Feature",
      "properties": {
        "@id": "relation/7568501",
        "addr:city": "İstanbul",
        "addr:district": "Fatih",
        "addr:housenumber": "02124555700",
        "addr:street": "Ordu Caddesi",
        "amenity": "university",
        "building": "university",
        "education": "university",
        "email": "edebiyatdekan@istanbul.edu.tr",
        "historic": "building",
        "name": "İstanbul Üniversitesi Edebiyat Fakültesi",
        "name:ar": "كلية الأدبيات جامعة اسطنبول",
        "name:en": "Istanbul University Faculty of Letters",
        "name:ru": "Философский факультет Стамбульского университета",
        "type": "multipolygon",
        "website": "https://edebiyat.istanbul.edu.tr/",
        "wheelchair": "yes",
        "wikidata": "Q21600883",
        "wikimedia_commons": "Category:Istanbul University Faculty of Letters",
        "wikipedia": "tr:İstanbul Üniversitesi Edebiyat Fakültesi",
        "@geometry": "center"
      },
      "geometry": {
        "type": "Point",
        "coordinates": [
          28.9606319,
          41.0104619
        ]
      },
      "id": "relation/7568501"
    },
    {
      "type": "Feature",
      "properties": {
        "@id": "relation/7574356",
        "addr:city": "İstanbul",
        "addr:district": "Fatih",
        "addr:neighbourhood": "Rüstem Paşa Mahallesi",
        "addr:postcode": "34116",
        "amenity": "place_of_worship",
        "building": "mosque",
        "denomination": "sunni",
        "image": "https://photos.app.goo.gl/Q2sibnsg512QqKMr6",
        "name": "Yeni Camii",
        "name:ar": "مسجد الجديد",
        "name:de": "Neue Moschee",
        "name:en": "New Mosque",
        "name:fa": "مسجد جدید",
        "name:ko": "예니 모스크",
        "religion": "muslim",
        "type": "multipolygon",
        "website": "https://www.geziyerler.com/yeni-camii",
        "wikidata": "Q911720",
        "wikimedia_commons": "Category:New Mosque (Istanbul)",
        "wikipedia": "tr:Yeni Cami",
        "@geometry": "center"
      },
      "geometry": {
        "type": "Point",
        "coordinates": [
          28.9720803,
          41.0169497
        ]
      },
      "id": "relation/7574356"
    },
    {
      "type": "Feature",
      "properties": {
        "@id": "relation/7614527",
        "addr:city": "İstanbul",
        "addr:district": "Fatih",
        "addr:housenumber": "18",
        "addr:neighbourhood": "Dervişali,",
        "addr:postcode": "34087",
        "addr:street": "Kariye Cami Sk.",
        "amenity": "place_of_worship",
        "building": "mosque",
        "denomination": "sunni",
        "heritage": "yes",
        "historic": "church",
        "name": "Kariye Camii",
        "name:de": "Chora-Kirche",
        "name:el": "Μονή της Χώρας",
        "name:en": "The Chora",
        "name:es": "San Salvador de Cora",
        "name:fr": "Saint-Sauveur-in-Chora",
        "name:ko": "카리예 박물관",
        "name:pl": "Kościół Chora;Kościół św. Zabawiciela",
        "name:ru": "Музей Карие (Церковь Спасителя в Полях) (Монастырь Хора)",
        "name:tr": "Kariye Camii",
        "name:uk": "Музей Карие (Церковь Спасителя в Полях) (Монастырь Хора)",
        "name:zh": "柯拉教堂",
        "old_name:en": "Chora Church",
        "opening_hours": "09:00-18:00",
        "phone": "+90 212 631 92 41",
        "religion": "muslim",
        "type": "multipolygon",
        "website": "https://muze.gen.tr/muze-detay/kariye",
        "wheelchair": "yes",
        "wheelchair:description": "Özel araçla önüne kadar girilebilen Müze'nin anagirişinde 3-4 cm lik bir eşik bulunmaktadır. Tek başına tekerlekli sandalyeli görevlinin yardımıyla içeri kolayca girebilir. Yakınlarda engelli tuvaleti bulunmamaktadır.",
        "wikidata": "Q849489",
        "wikimedia_commons": "Category:Kariye Mosque",
        "wikipedia": "tr:Kariye Camii",
        "@geometry": "center"
      },
      "geometry": {
        "type": "Point",
        "coordinates": [
          28.9390393,
          41.0312131
        ]
      },
      "id": "relation/7614527"
    },
    {
      "type": "Feature",
      "properties": {
        "@id": "relation/7656705",
        "amenity": "place_of_worship",
        "building": "mosque",
        "denomination": "sunni",
        "name": "Damat İbrahim Paşa Camii",
        "name:ar": "دامات ابراهيم باشا جامي",
        "religion": "muslim",
        "type": "multipolygon",
        "wikidata": "Q6021363",
        "@geometry": "center"
      },
      "geometry": {
        "type": "Point",
        "coordinates": [
          28.9582602,
          41.0131032
        ]
      },
      "id": "relation/7656705"
    },
    {
      "type": "Feature",
      "properties": {
        "@id": "relation/7656706",
        "addr:city": "İstanbul",
        "addr:district": "Fatih",
        "addr:neighbourhood": "Kalenderhane Mahallesi",
        "addr:postcode": "34134",
        "alt_name": "Şehzade Mehmet Camii",
        "amenity": "place_of_worship",
        "architect": "Mimar Sinan",
        "building": "mosque",
        "denomination": "sunni",
        "name": "Şehzadebaşı Camii",
        "name:ar": "جامع شاهزاده",
        "name:cs": "Princova mešita",
        "name:de": "Prinzenmoschee",
        "name:en": "The Şehzade Mosque",
        "name:fa": "مسجد شاهزاده",
        "name:ru": "Мечеть Шехзаде",
        "name:ur": "شہزادہ مسجد",
        "name:zh": "泽扎德清真寺",
        "religion": "muslim",
        "tourism": "attraction",
        "type": "multipolygon",
        "wheelchair": "yes",
        "wikidata": "Q644677",
        "wikimedia_commons": "Category:Şehzade Mosque",
        "wikipedia": "tr:Şehzadebaşı Camii",
        "@geometry": "center"
      },
      "geometry": {
        "type": "Point",
        "coordinates": [
          28.9570828,
          41.0138822
        ]
      },
      "id": "relation/7656706"
    },
    {
      "type": "Feature",
      "properties": {
        "@id": "relation/8120955",
        "building": "museum",
        "castle_type": "palace",
        "historic": "castle",
        "name": "İbrahim Paşa Sarayı",
        "name:ar": "قصر ابراهيم باشا",
        "name:de": "Ibrahim Pascha Palast",
        "name:en": "Ibrahim Pasha Palace",
        "name:fa": "کاخ ابراهیم پاشا",
        "type": "multipolygon",
        "wheelchair": "limited",
        "wikidata": "Q1655940",
        "@geometry": "center"
      },
      "geometry": {
        "type": "Point",
        "coordinates": [
          28.9748082,
          41.0063974
        ]
      },
      "id": "relation/8120955"
    },
    {
      "type": "Feature",
      "properties": {
        "@id": "relation/9534796",
        "building": "medrese",
        "healthcare": "yes",
        "historic": "yes",
        "name": "Mihrimah Sultan Tıp Merkezi",
        "type": "multipolygon",
        "wikidata": "Q131741253",
        "@geometry": "center"
      },
      "geometry": {
        "type": "Point",
        "coordinates": [
          29.0163208,
          41.0272561
        ]
      },
      "id": "relation/9534796"
    },
    {
      "type": "Feature",
      "properties": {
        "@id": "relation/9948513",
        "leisure": "park",
        "name": "Büyük Çamlıca",
        "type": "multipolygon",
        "wikidata": "Q2414579",
        "wikimedia_commons": "Category:Çamlıca",
        "wikipedia": "en:Çamlıca Hill",
        "@geometry": "center"
      },
      "geometry": {
        "type": "Point",
        "coordinates": [
          29.067676,
          41.0267563
        ]
      },
      "id": "relation/9948513"
    },
    {
      "type": "Feature",
      "properties": {
        "@id": "relation/11316749",
        "barrier": "city_wall",
        "height": "15",
        "historic": "citywalls",
        "type": "multipolygon",
        "wikidata": "Q137220455",
        "@geometry": "center"
      },
      "geometry": {
        "type": "Point",
        "coordinates": [
          28.9813769,
          41.0099164
        ]
      },
      "id": "relation/11316749"
    },
    {
      "type": "Feature",
      "properties": {
        "@id": "relation/12342892",
        "amenity": "place_of_worship",
        "building": "mosque",
        "image": "https://photos.app.goo.gl/Gd3MRdmQqCK3aK139",
        "name": "Beyazıt Camii",
        "name:ar": "جامع بيازيد الأثري",
        "name:de": "Bayezid II Moschee",
        "name:en": "Bayezid II Mosque",
        "name:fa": "مسجد بایزید دوم",
        "name:fr": "Mosquée Bayezid II",
        "name:hi": "बेयाजिद द्वितीय मस्जिद",
        "name:ko": "베야지드 모스크",
        "name:ru": "мечеть Баезид",
        "name:tr": "Beyazıt Camii",
        "name:uk": "Мечеть Баязида",
        "name:ur": "بایزید دوم مسجد",
        "name:zh": "巴耶塞特二世清真寺",
        "religion": "muslim",
        "start_date": "1506",
        "type": "multipolygon",
        "wikidata": "Q853064",
        "wikimedia_commons": "Category:Bayezid II Mosque",
        "wikipedia": "tr:Bayezid Camii",
        "@geometry": "center"
      },
      "geometry": {
        "type": "Point",
        "coordinates": [
          28.9652771,
          41.010284
        ]
      },
      "id": "relation/12342892"
    },
    {
      "type": "Feature",
      "properties": {
        "@id": "relation/13234926",
        "building": "yes",
        "castle_type": "fortress",
        "description": "Anadolu Hisarı (Güzelce Hisarı olarak da bilinir), İstanbul'un Anadoluhisarı semtinde, Göksu Deresi'nin İstanbul Boğazı'na döküldüğü yerdedir.",
        "historic": "castle",
        "layer": "1",
        "museum": "history",
        "name": "Anadolu Hisarı",
        "name:ar": "قلعة الأناضول",
        "name:en": "Anadoluhisarı",
        "name:ru": "Анадолухисар",
        "name:ur": "اناضول حصار",
        "name:zh": "安纳托利亚堡垒",
        "start_date": "1393",
        "type": "multipolygon",
        "wikidata": "Q81650",
        "wikimedia_commons": "Category:Anadolu Hisarı",
        "wikipedia": "tr:Anadolu Hisarı",
        "wikipedia:en": "en:Anadoluhisarı",
        "@geometry": "center"
      },
      "geometry": {
        "type": "Point",
        "coordinates": [
          29.0670194,
          41.0820916
        ]
      },
      "id": "relation/13234926"
    },
    {
      "type": "Feature",
      "properties": {
        "@id": "relation/13864528",
        "historic": "fort",
        "name": "Kilyos Kalesi",
        "type": "multipolygon",
        "wikidata": "Q131901919",
        "@geometry": "center"
      },
      "geometry": {
        "type": "Point",
        "coordinates": [
          29.0355415,
          41.2491839
        ]
      },
      "id": "relation/13864528"
    },
    {
      "type": "Feature",
      "properties": {
        "@id": "relation/14876883",
        "addr:city": "İstanbul",
        "addr:district": "Ataşehir",
        "addr:housenumber": "2",
        "addr:neighbourhood": "Barbaros Mahallesi",
        "amenity": "place_of_worship",
        "building": "mosque",
        "name": "Mimar Sinan Camii",
        "religion": "muslim",
        "type": "multipolygon",
        "wikidata": "Q108000657",
        "wikimedia_commons": "Category:Mimar Sinan Mosque, Ataşehir",
        "wikipedia": "en:Mimar Sinan Mosque",
        "@geometry": "center"
      },
      "geometry": {
        "type": "Point",
        "coordinates": [
          29.1121873,
          40.9957898
        ]
      },
      "id": "relation/14876883"
    },
    {
      "type": "Feature",
      "properties": {
        "@id": "relation/15977901",
        "alt_name": "Eski Valide Camii",
        "amenity": "place_of_worship",
        "building": "mosque",
        "denomination": "sunni",
        "name": "Atik Valide Camii",
        "religion": "muslim",
        "type": "multipolygon",
        "wikidata": "Q2483550",
        "wikimedia_commons": "Category:Atik Valide Mosque",
        "wikipedia": "tr:Eski Valide Camii",
        "@geometry": "center"
      },
      "geometry": {
        "type": "Point",
        "coordinates": [
          29.0236277,
          41.0189082
        ]
      },
      "id": "relation/15977901"
    },
    {
      "type": "Feature",
      "properties": {
        "@id": "relation/16404061",
        "building": "yes",
        "historic": "building",
        "name": "Huber Köşkü",
        "type": "multipolygon",
        "wikidata": "Q6069884",
        "wikimedia_commons": "Category:Huber Kiosk",
        "wikipedia": "tr:Huber Köşkü",
        "@geometry": "center"
      },
      "geometry": {
        "type": "Point",
        "coordinates": [
          29.0619158,
          41.1343562
        ]
      },
      "id": "relation/16404061"
    },
    {
      "type": "Feature",
      "properties": {
        "@id": "relation/18055570",
        "addr:city": "İstanbul",
        "addr:district": "Fatih",
        "addr:housenumber": "7",
        "addr:neighbourhood": "Sultanahmet Mahallesi",
        "addr:postcode": "34122",
        "addr:street": "Atmeydanı Caddesi",
        "amenity": "place_of_worship",
        "building": "mosque",
        "denomination": "sunni",
        "email": "info@sultanahmetcamii.org",
        "est_height": "66.5",
        "fax": "+90 212 458 4466",
        "historic": "mosque",
        "historic:civilization": "ottoman",
        "image": "https://photos.app.goo.gl/j8xPXLGUEF22o4wy6",
        "landmark": "15",
        "name": "Sultanahmet Camii",
        "name:ar": "جامع السلطان أحمد",
        "name:br": "Moskeenn C'hlas",
        "name:cs": "Modrá mešita",
        "name:de": "Blaue Moschee",
        "name:el": "Μπλε Τζαμί",
        "name:en": "Blue Mosque",
        "name:es": "Mezquita Azul",
        "name:fa": "مسجد سلطان احمد",
        "name:fr": "La mosquée bleue",
        "name:hi": "सुल्तान अहमद मस्जिद (नीली मस्जिद)",
        "name:it": "Moschea Blu",
        "name:ko": "블루 모스크",
        "name:ml": "നീല മസ്ജിദ്",
        "name:pt": "Mesquita Azul",
        "name:ru": "Голубая мечеть",
        "name:tr": "Sultan Ahmet Camii",
        "name:zh-Hans": "苏丹艾哈迈德清真寺",
        "name:zh-Hant": "蘇丹艾哈邁德清真寺",
        "official_name:br": "Moskeenn ar Sultan Ahmed",
        "official_name:cs": "Mešita sultána Ahmeda",
        "official_name:en": "Sultan Ahmed Mosque",
        "official_name:ml": "സുൽത്താൻ അഹ്മദ് മസ്ജിദ്",
        "official_name:pt": "Mesquita do Sultão Amade",
        "opening_hours": "Mo-Su 08:30-12:15, 14:00-16:45, 17:45-18:30",
        "phone": "+90 212 518 1319",
        "religion": "muslim",
        "tourism": "attraction",
        "type": "multipolygon",
        "website": "https://www.geziyerler.com/sultan-ahmet-camii",
        "wheelchair": "no",
        "wikidata": "Q80541",
        "wikimedia_commons": "Category:Sultan Ahmed I Mosque",
        "wikipedia": "en:Blue Mosque, Istanbul",
        "@geometry": "center"
      },
      "geometry": {
        "type": "Point",
        "coordinates": [
          28.9766495,
          41.0054066
        ]
      },
      "id": "relation/18055570"
    },
    {
      "type": "Feature",
      "properties": {
        "@id": "relation/18146537",
        "amenity": "place_of_worship",
        "building": "mosque",
        "denomination": "sunni",
        "name": "Koca Sinan Paşa Külliyesi",
        "religion": "muslim",
        "type": "multipolygon",
        "wikidata": "Q107442950",
        "wikipedia": "tr:Koca Sinan Paşa Külliyesi",
        "@geometry": "center"
      },
      "geometry": {
        "type": "Point",
        "coordinates": [
          28.9690997,
          41.0088733
        ]
      },
      "id": "relation/18146537"
    },
    {
      "type": "Feature",
      "properties": {
        "@id": "relation/18146776",
        "building": "yes",
        "historic": "building",
        "name": "Nişancı Mehmet Paşa Medresesi",
        "name:ar": "مقام نيشانجي مهمت باشا",
        "type": "multipolygon",
        "wikidata": "Q131741299",
        "@geometry": "center"
      },
      "geometry": {
        "type": "Point",
        "coordinates": [
          28.9338364,
          41.0075896
        ]
      },
      "id": "relation/18146776"
    },
    {
      "type": "Feature",
      "properties": {
        "@id": "relation/18161438",
        "amenity": "place_of_worship",
        "building": "mosque",
        "historic": "yes",
        "image": "https://photos.app.goo.gl/ooTm5qtUgJVJrbAH6",
        "name": "Nuruosmaniye Camisi",
        "name:ar": "جامع نور عثمانية",
        "name:en": "Nuruosmaniye Mosque",
        "name:fa": "مسجد نورعثمانیه",
        "name:fr": "Mosquée Nuruosmaniye",
        "name:hi": "नुरुओसमनिया मस्जिद",
        "name:ko": "누루오스마니예 모스크",
        "name:ru": "Мечеть Нуруосмание",
        "name:zh": "奴魯奧斯瑪尼耶清真寺/奴鲁奥斯玛尼耶清真寺",
        "name:zh-Hans": "奴鲁奥斯玛尼耶清真寺",
        "name:zh-Hant": "奴魯奧斯瑪尼耶清真寺",
        "religion": "muslim",
        "source": "Bing",
        "tourism": "attraction",
        "type": "multipolygon",
        "wikidata": "Q1430090",
        "wikimedia_commons": "Category:Nuruosmaniye Mosque",
        "wikipedia": "en:Nuruosmaniye Mosque",
        "@geometry": "center"
      },
      "geometry": {
        "type": "Point",
        "coordinates": [
          28.9704056,
          41.0103417
        ]
      },
      "id": "relation/18161438"
    },
    {
      "type": "Feature",
      "properties": {
        "@id": "relation/18782269",
        "amenity": "place_of_worship",
        "building": "residential",
        "name": "Çatmalı Mescit",
        "religion": "muslim",
        "type": "multipolygon",
        "wikidata": "Q127418192",
        "@geometry": "center"
      },
      "geometry": {
        "type": "Point",
        "coordinates": [
          28.9707317,
          41.0319959
        ]
      },
      "id": "relation/18782269"
    },
    {
      "type": "Feature",
      "properties": {
        "@id": "relation/18789214",
        "amenity": "place_of_worship",
        "building": "yes",
        "name": "Samani Virani Sani Camii",
        "religion": "muslim",
        "type": "multipolygon",
        "wikidata": "Q127418506",
        "@geometry": "center"
      },
      "geometry": {
        "type": "Point",
        "coordinates": [
          28.9677254,
          41.013896
        ]
      },
      "id": "relation/18789214"
    },
    {
      "type": "Feature",
      "properties": {
        "@id": "relation/20318937",
        "alt_name": "Yedikule Hısarı",
        "building": "yes",
        "castle_type": "fortress",
        "historic": "castle",
        "layer": "-1",
        "location": "surface",
        "name": "Yedikule Zindanları",
        "name:en": "Yedikule Fortress",
        "type": "multipolygon",
        "wikidata": "Q632795",
        "wikimedia_commons": "Category:Yedikule Fortress",
        "wikipedia": "tr:Yedikule Zindanları",
        "@geometry": "center"
      },
      "geometry": {
        "type": "Point",
        "coordinates": [
          28.9232092,
          40.9930397
        ]
      },
      "id": "relation/20318937"
    },
    {
      "type": "Feature",
      "properties": {
        "@id": "relation/20383954",
        "building": "yes",
        "historic": "building",
        "name": "Fenerli Oda 1",
        "type": "multipolygon",
        "wikidata": "Q135430338",
        "@geometry": "center"
      },
      "geometry": {
        "type": "Point",
        "coordinates": [
          28.9499125,
          41.0312227
        ]
      },
      "id": "relation/20383954"
    },
    {
      "type": "Feature",
      "properties": {
        "@id": "relation/20611567",
        "addr:city": "İstanbul",
        "alt_name": "Camii;Cami;İbadethane;Mescit",
        "amenity": "place_of_worship",
        "building": "mosque",
        "denomination": "sunni",
        "name": "Barbaros Hayrettin Paşa Camii",
        "religion": "muslim",
        "source": "Maxar Premium-Luftbilder (Beta)",
        "type": "multipolygon",
        "wikidata": "Q118946730",
        "wikimedia_commons": "Category:Levent Barbaros Hayrettin Paşa Camii",
        "wikipedia": "en:Barbaros Hayrettin Pasha Mosque",
        "@geometry": "center"
      },
      "geometry": {
        "type": "Point",
        "coordinates": [
          29.0145052,
          41.0788169
        ]
      },
      "id": "relation/20611567"
    },
    {
      "type": "Feature",
      "properties": {
        "@id": "way/23236783",
        "addr:city": "İstanbul",
        "addr:postcode": "34420",
        "addr:street": "Bereketzade Mahallesi",
        "architect": "Köksal Anadol",
        "building": "yes",
        "building:architecture": "tower",
        "building:levels": "9",
        "building:material": "stone",
        "charge": "650",
        "date": "1453",
        "fee": "yes",
        "height": "62.59 m",
        "historic": "tower",
        "image": "41.025636375873965, 28.974171693853222",
        "man_made": "tower",
        "material": "stone",
        "name": "Galata Kulesi",
        "name:ar": "برج غالاتا",
        "name:de": "Galataturm",
        "name:el": "Πύργος Γαλατά",
        "name:en": "Galata Tower",
        "name:es": "Torre de Gálata",
        "name:fa": "برج گالاتا",
        "name:he": "מגדל גלאטה",
        "name:hi": "गलाता टवर",
        "name:ko": "갈라타 탑",
        "name:mk": "Кула Галата",
        "name:pl": "Wieża Galata",
        "name:pt": "Torre de Gálata",
        "name:ru": "Галатская башня",
        "name:sq": "Kulla e Galatas",
        "name:tr": "Galata Kulesi",
        "name:uk": "Галатська башта",
        "name:zh": "加拉達石塔/加拉达石塔",
        "name:zh-Hans": "加拉达石塔",
        "name:zh-Hant": "加拉達石塔",
        "note:height": "Height with ornament on top = 66.9 m",
        "old_name": "Christea Turris",
        "opening_hours": "09:00-20:30",
        "phone": "+90 212 293 81 80",
        "roof:height": "10.94",
        "roof:material": "metal",
        "roof:shape": "pyramidal",
        "start_date": "1348",
        "survey:date": "2023-08-27",
        "tourism": "attraction",
        "tower:construction": "stone;tower",
        "tower:type": "observation;museum_and_observation",
        "website": "https://muze.gen.tr/muze-detay/galatakulesi",
        "wheelchair": "no",
        "wikidata": "Q91274",
        "wikimedia_commons": "Category:Exterior of Galata Tower",
        "wikipedia": "tr:Galata Kulesi",
        "@geometry": "center"
      },
      "geometry": {
        "type": "Point",
        "coordinates": [
          28.974213,
          41.0256344
        ]
      },
      "id": "way/23236783"
    },
    {
      "type": "Feature",
      "properties": {
        "@id": "way/23261420",
        "barrier": "city_wall",
        "historic": "citywalls",
        "man_made": "city_wall",
        "material": "limestone",
        "name": "İstanbul Surları",
        "name:de": "Theodosianische Landmauer",
        "name:en": "Theodosian Wall",
        "name:uk": "Феодосієви стіни",
        "source": "Maxar Premium-Luftbilder (Beta)",
        "wikidata": "Q89917",
        "wikipedia": "en:Walls of Constantinople",
        "@geometry": "center"
      },
      "geometry": {
        "type": "Point",
        "coordinates": [
          28.9212316,
          40.9971129
        ]
      },
      "id": "way/23261420"
    },
    {
      "type": "Feature",
      "properties": {
        "@id": "way/23261483",
        "building": "yes",
        "building:levels": "4",
        "historic": "ruins",
        "man_made": "tower",
        "name": "Mermer Kule Burcu",
        "name:en": "Marmara Tower",
        "name:ru": "Мраморная башня",
        "name:tr": "Marmara Kulesi",
        "@geometry": "center"
      },
      "geometry": {
        "type": "Point",
        "coordinates": [
          28.9208601,
          40.9885824
        ]
      },
      "id": "way/23261483"
    },
    {
      "type": "Feature",
      "properties": {
        "@id": "way/23272324",
        "building": "yes",
        "historic": "city_gate",
        "historic:civilization": "byzantine",
        "name": "Belgrad Kapı",
        "name:de": "Belgrader Tor",
        "name:en": "Belgrade Gate",
        "name:it": "Porta di Belgrado",
        "name:sr": "Београдска капија",
        "start_date": "C5",
        "wikidata": "Q3908912",
        "wikimedia_commons": "Category:Second Military Gate (Constantinople)",
        "@geometry": "center"
      },
      "geometry": {
        "type": "Point",
        "coordinates": [
          28.9204746,
          40.9999262
        ]
      },
      "id": "way/23272324"
    },
    {
      "type": "Feature",
      "properties": {
        "@id": "way/23272326",
        "building": "yes",
        "historic": "city_gate",
        "historic:civilization": "byzantine",
        "name": "Belgrad Kapı",
        "name:de": "Belgrader Tor",
        "name:en": "Belgrade Gate",
        "name:it": "Porta di Belgrado",
        "name:sr": "Београдска капија",
        "start_date": "C5",
        "wikidata": "Q3908912",
        "wikimedia_commons": "Category:Second Military Gate (Constantinople)",
        "@geometry": "center"
      },
      "geometry": {
        "type": "Point",
        "coordinates": [
          28.9204761,
          40.999741
        ]
      },
      "id": "way/23272326"
    },
    {
      "type": "Feature",
      "properties": {
        "@id": "way/23272338",
        "building": "yes",
        "historic": "ruins",
        "historic:civilization": "byzantine",
        "name": "Porta Aurea",
        "name:de": "Goldenes Tor",
        "name:en": "Golden Gate",
        "name:grc": "Χρυσεία Πύλη",
        "name:la": "Porta Aurea",
        "name:tr": "Altınkapı",
        "source": "Maxar Premium-Luftbilder (Beta)",
        "@geometry": "center"
      },
      "geometry": {
        "type": "Point",
        "coordinates": [
          28.922432,
          40.9932181
        ]
      },
      "id": "way/23272338"
    },
    {
      "type": "Feature",
      "properties": {
        "@id": "way/23272340",
        "building": "yes",
        "historic": "ruins",
        "name": "Porta Aurea",
        "name:de": "Goldenes Tor",
        "name:en": "Golden Gate",
        "name:grc": "Χρυσεία Πύλη",
        "name:la": "Porta Aurea",
        "name:ru": "Золотые ворота замка Едикуле",
        "name:tr": "Altınkapı",
        "source": "Maxar Premium-Luftbilder (Beta)",
        "@geometry": "center"
      },
      "geometry": {
        "type": "Point",
        "coordinates": [
          28.9225786,
          40.9928118
        ]
      },
      "id": "way/23272340"
    },
    {
      "type": "Feature",
      "properties": {
        "@id": "way/23272351",
        "building": "yes",
        "historic": "ruins",
        "name": "Tower of Cannon",
        "source": "Maxar Premium-Luftbilder (Beta)",
        "@geometry": "center"
      },
      "geometry": {
        "type": "Point",
        "coordinates": [
          28.9233519,
          40.9940266
        ]
      },
      "id": "way/23272351"
    },
    {
      "type": "Feature",
      "properties": {
        "@id": "way/23276324",
        "area": "no",
        "barrier": "city_wall",
        "historic": "citywalls",
        "man_made": "city_wall",
        "name": "İstanbul Surları",
        "name:de": "Theodosianische Landmauer",
        "name:en": "Theodosian Wall",
        "wikidata": "Q89917",
        "wikipedia": "en:Walls of Constantinople",
        "@geometry": "center"
      },
      "geometry": {
        "type": "Point",
        "coordinates": [
          28.926965,
          41.0219965
        ]
      },
      "id": "way/23276324"
    },
    {
      "type": "Feature",
      "properties": {
        "@id": "way/23276385",
        "area": "no",
        "barrier": "city_wall",
        "historic": "citywalls",
        "man_made": "city_wall",
        "name": "İstanbul Surları",
        "name:de": "Theodosianische Landmauer",
        "name:en": "Theodosian Wall",
        "wikidata": "Q89917",
        "wikipedia": "en:Walls of Constantinople",
        "@geometry": "center"
      },
      "geometry": {
        "type": "Point",
        "coordinates": [
          28.9319129,
          41.0267324
        ]
      },
      "id": "way/23276385"
    },
    {
      "type": "Feature",
      "properties": {
        "@id": "way/23276390",
        "area": "no",
        "barrier": "city_wall",
        "historic": "citywalls",
        "man_made": "city_wall",
        "name": "İstanbul Surları",
        "name:de": "Theodosianische Landmauer",
        "name:en": "Theodosian Wall",
        "wikidata": "Q89917",
        "wikipedia": "en:Walls of Constantinople",
        "@geometry": "center"
      },
      "geometry": {
        "type": "Point",
        "coordinates": [
          28.9342934,
          41.0289044
        ]
      },
      "id": "way/23276390"
    },
    {
      "type": "Feature",
      "properties": {
        "@id": "way/23276399",
        "area": "no",
        "barrier": "city_wall",
        "historic": "citywalls",
        "man_made": "city_wall",
        "name": "İstanbul Surları",
        "name:de": "Theodosianische Landmauer",
        "name:en": "Theodosian Wall",
        "wikidata": "Q89917",
        "wikipedia": "en:Walls of Constantinople",
        "@geometry": "center"
      },
      "geometry": {
        "type": "Point",
        "coordinates": [
          28.9350374,
          41.0298461
        ]
      },
      "id": "way/23276399"
    },
    {
      "type": "Feature",
      "properties": {
        "@id": "way/23276526",
        "access": "unknown",
        "access_control": "no",
        "architect": "Valens",
        "bridge": "aqueduct",
        "bridge:structure": "arch",
        "description": "Bozdoğan Kemeri, Roma İmparatoru Valens tarafından 4. yüzyılın sonlarında İstanbul'da yaptırılan su kemeri. Farklı dönemlerde Osmanlı Sultanları tarafından restore ettirilen su kemeri, şehrin önemli tarihi eserlerinden birisidir.",
        "ele": "63",
        "height": "29",
        "historic": "aqueduct",
        "historic:civilization": "roman",
        "layer": "2",
        "length": "921",
        "man_made": "bridge",
        "material": "stone",
        "motor_vehicle": "no",
        "name": "Bozdoğan Su Kemeri",
        "name:de": "Valens-Aquädukt",
        "name:el": "Υδραγωγείο του Δύναμο",
        "name:en": "Valens Aqueduct",
        "name:es": "Acueducto de Valente",
        "name:fr": "Aqueduc de Valens",
        "name:it": "Acquedotto di Valente",
        "name:pl": "Akwedukt Walensa",
        "name:pt": "Aqueduto de Valente",
        "name:ru": "Акведук Валента",
        "smoothness": "bad",
        "start_date": "373",
        "tourism": "attraction",
        "was:waterway": "canal",
        "width": "7.75 - 8.24 m",
        "wikidata": "Q952924",
        "wikimedia_commons": "Category:Valens Aqueduct",
        "wikipedia": "tr:Bozdoğan_Kemeri",
        "wikipedia:ru": "Акведук Валента",
        "@geometry": "center"
      },
      "geometry": {
        "type": "Point",
        "coordinates": [
          28.9551665,
          41.0161583
        ]
      },
      "id": "way/23276526"
    },
    {
      "type": "Feature",
      "properties": {
        "@id": "way/24533505",
        "name": "Orhan Kemal Müzesi",
        "name:en": "Orhan Kemal Museum",
        "note": "A transférer à côté et transformer en building #for-me",
        "opening_hours": "10:00-18:00; Su off",
        "phone": "+90 212 2929245",
        "tourism": "museum",
        "website": "http://www.orhankemal.org/",
        "wikidata": "Q20949672",
        "wikimedia_commons": "Category:Orhan Kemal Museum",
        "wikipedia": "en:Orhan Kemal Literature Museum",
        "@geometry": "center"
      },
      "geometry": {
        "type": "Point",
        "coordinates": [
          28.9836082,
          41.0305795
        ]
      },
      "id": "way/24533505"
    },
    {
      "type": "Feature",
      "properties": {
        "@id": "way/24805102",
        "leisure": "park",
        "name": "Abbasağa Parkı",
        "wikidata": "Q38186707",
        "@geometry": "center"
      },
      "geometry": {
        "type": "Point",
        "coordinates": [
          29.0063488,
          41.0465446
        ]
      },
      "id": "way/24805102"
    },
    {
      "type": "Feature",
      "properties": {
        "@id": "way/24807026",
        "leisure": "park",
        "name": "Fındıklı Parkı",
        "wikidata": "Q123684244",
        "wikimedia_commons": "Category:Fındıklı Park",
        "wikipedia": "en:Fındıklı Park",
        "@geometry": "center"
      },
      "geometry": {
        "type": "Point",
        "coordinates": [
          28.9907701,
          41.0317824
        ]
      },
      "id": "way/24807026"
    },
    {
      "type": "Feature",
      "properties": {
        "@id": "way/24826707",
        "leisure": "park",
        "name": "Dolmabahçe Sarayı",
        "name:en": "Dolmabahçe Palace",
        "name:fa": "کاخ دلمه‌باغچه",
        "name:ko": "돌마바흐체 궁전",
        "website": "http://www.millisaraylar.gov.tr/saraylar/dolmabahce-sarayi",
        "wheelchair": "yes",
        "wikidata": "Q274141",
        "wikimedia_commons": "Category:Dolmabahçe Palace",
        "wikipedia": "en:Dolmabahçe Palace",
        "@geometry": "center"
      },
      "geometry": {
        "type": "Point",
        "coordinates": [
          28.9996491,
          41.0390167
        ]
      },
      "id": "way/24826707"
    },
    {
      "type": "Feature",
      "properties": {
        "@id": "way/25512790",
        "alt_name": "Konstantinopolis Hipodromu",
        "alt_name:en": "Hippodrome of Constantinople",
        "alt_name:pt": "Hipódromo de Constantinopla",
        "area": "yes",
        "highway": "pedestrian",
        "historic": "yes",
        "lit": "yes",
        "name": "Sultanahmet Meydanı",
        "name:ar": "ميدان السلطان أحمد",
        "name:de": "Sultan-Ahmed-Platz",
        "name:el": "Ιππόδρομος της Κωνσταντινούπολης",
        "name:en": "Sultan Ahmed Square",
        "name:es": "Plaza Sultán Ahmet",
        "name:fa": "میدان سلطان احمد",
        "name:fr": "Place du Sultan-Ahmet",
        "name:hi": "सुल्तानहमद चौक",
        "name:ko": "술탄아흐메트 광장",
        "name:pt": "Praça Sultão Amade",
        "name:ru": "Площадь Султанахмет",
        "name:tr": "Sultanahmet Meydanı",
        "name:zh": "君士坦丁堡競技場/君士坦丁堡竞技场",
        "name:zh-Hans": "君士坦丁堡竞技场",
        "name:zh-Hant": "君士坦丁堡競技場",
        "place": "square",
        "smoothness": "intermediate",
        "surface": "paving_stones",
        "tourism": "attraction",
        "wikidata": "Q387548",
        "wikimedia_commons": "Category:Hippodrome of Constantinople",
        "wikipedia": "tr:Sultanahmet Meydanı",
        "@geometry": "center"
      },
      "geometry": {
        "type": "Point",
        "coordinates": [
          28.9760528,
          41.0065205
        ]
      },
      "id": "way/25512790"
    },
    {
      "type": "Feature",
      "properties": {
        "@id": "way/25542618",
        "addr:city": "İstanbul",
        "addr:district": "Fatih",
        "addr:neighbourhood": "Cankurtaran Mahallesi",
        "leisure": "park",
        "name": "Gülhane Parkı",
        "name:ar": "بارك كلخانة",
        "name:en": "Gülhane Park",
        "name:fa": "پارک گلخانه",
        "name:hi": "गुलहेन पार्क",
        "name:ko": "귈하네 공원",
        "name:ru": "парк Гюльхане",
        "name:zh": "居爾哈尼公園/居尔哈尼公园",
        "name:zh-Hans": "居尔哈尼公园",
        "name:zh-Hant": "居爾哈尼公園",
        "wikidata": "Q1560106",
        "wikimedia_commons": "Category:Gülhane Park",
        "wikipedia": "en:Gülhane Park",
        "@geometry": "center"
      },
      "geometry": {
        "type": "Point",
        "coordinates": [
          28.9823101,
          41.0130989
        ]
      },
      "id": "way/25542618"
    },
    {
      "type": "Feature",
      "properties": {
        "@id": "way/26970150",
        "leisure": "park",
        "name": "Maçka Demokrasi Parkı",
        "name:en": "Maçka Park",
        "name:tr": "Maçka Parkı",
        "wikidata": "Q6098591",
        "wikimedia_commons": "Category:Maçka Democracy Park",
        "wikipedia": "tr:Maçka Demokrasi Parkı",
        "@geometry": "center"
      },
      "geometry": {
        "type": "Point",
        "coordinates": [
          28.9939957,
          41.0443425
        ]
      },
      "id": "way/26970150"
    },
    {
      "type": "Feature",
      "properties": {
        "@id": "way/31619713",
        "building": "yes",
        "building:material": "stone",
        "historic": "ruins",
        "historic:period": "Byzantine",
        "name": "Rumeli Feneri Kalesi",
        "name:en": "Rumeli Feneri Castle",
        "name:ru": "Румельская крепость",
        "ruin_type": "fortress",
        "wikidata": "Q24040718",
        "wikimedia_commons": "Category:Rumeli Feneri Castle",
        "wikipedia": "tr:Rumeli Feneri Kalesi",
        "@geometry": "center"
      },
      "geometry": {
        "type": "Point",
        "coordinates": [
          29.1110892,
          41.2376268
        ]
      },
      "id": "way/31619713"
    },
    {
      "type": "Feature",
      "properties": {
        "@id": "way/32394781",
        "area": "yes",
        "barrier": "city_wall",
        "historic": "citywalls",
        "historic:civilization": "byzantine",
        "material": "limestone",
        "name": "İstanbul Surları",
        "name:de": "Blachernenmauer",
        "name:en": "Walls of Blachernai",
        "name:pl": "Mury Konstantynopola",
        "name:uk": "Стіни Константинополя",
        "start_date": "c12",
        "wikipedia": "en:Walls of Constantinople",
        "@geometry": "center"
      },
      "geometry": {
        "type": "Point",
        "coordinates": [
          28.9407888,
          41.0368136
        ]
      },
      "id": "way/32394781"
    },
    {
      "type": "Feature",
      "properties": {
        "@id": "way/32396111",
        "alt_name": "Bab-üs Saadet",
        "alt_name_1": "Saadet Kapısı",
        "building": "yes",
        "historic": "building",
        "image": "https://photos.app.goo.gl/ZLr34dgvY3DyPDJd9",
        "name": "Bâbüssaâde",
        "name:br": "Porzh an Eürusted",
        "name:en": "Gate of Felicity",
        "name:es": "Puerta de la Felicidad",
        "name:fa": "دروازه سعادت",
        "name:hi": "आनंद का द्वार",
        "name:ru": "Ворота блаженства",
        "roof:colour": "#cbd1cd",
        "start_date": "C15",
        "wikidata": "Q6041550",
        "wikimedia_commons": "Category:Gate of Felicity (Topkapı Palace)",
        "wikipedia": "tr:Saadet Kapısı",
        "@geometry": "center"
      },
      "geometry": {
        "type": "Point",
        "coordinates": [
          28.9843785,
          41.0126325
        ]
      },
      "id": "way/32396111"
    },
    {
      "type": "Feature",
      "properties": {
        "@id": "way/32396231",
        "alt_name": "Enderun Kütüphanesi",
        "alt_name:en": "Enderun Library",
        "building": "yes",
        "historic": "building",
        "image": "https://photos.app.goo.gl/Ka2h3dP35ptDiSh66",
        "name": "III. Ahmed Kütüphanesi",
        "name:br": "Levraoueg Ahmed III",
        "name:de": "Bibliothek Ahmeds III.",
        "name:en": "Library of Ahmed III",
        "name:es": "Biblioteca de Ahmed III",
        "name:fa": "کتابخانه احمد سوم",
        "name:hi": "अहमद III का पुस्तकालय",
        "name:ru": "Библиотека султана Ахмеда III",
        "source": "Bing",
        "wikidata": "Q9170745",
        "wikimedia_commons": "Category:Enderûn Library (Library of Ahmed III)",
        "@geometry": "center"
      },
      "geometry": {
        "type": "Point",
        "coordinates": [
          28.9845542,
          41.0130279
        ]
      },
      "id": "way/32396231"
    },
    {
      "type": "Feature",
      "properties": {
        "@id": "way/32396296",
        "building": "yes",
        "historic": "building",
        "image": "https://photos.app.goo.gl/aG5DUzkuw2vUya9G9",
        "name": "Bağdad Köşkü",
        "name:en": "Baghdad Kiosk",
        "name:es": "Quiosco de Bagdad",
        "name:hi": "बगदाद हवेली",
        "name:ru": "Багдадский павильон",
        "roof:colour": "#cbd1cd",
        "wikidata": "Q6096486",
        "wikimedia_commons": "Category:Baghdad Kiosk",
        "wikipedia": "tr:Bağdat Köşkü",
        "@geometry": "center"
      },
      "geometry": {
        "type": "Point",
        "coordinates": [
          28.984545,
          41.0141542
        ]
      },
      "id": "way/32396296"
    },
    {
      "type": "Feature",
      "properties": {
        "@id": "way/32396432",
        "amenity": "fountain",
        "building": "yes",
        "historic": "fountain",
        "historic:civilization": "ottoman",
        "image": "https://photos.app.goo.gl/L15JuNER96WaJQtm7",
        "name": "III. Ahmet Çeşmesi",
        "name:ar": "نافورة السلطان أحمد الثالث",
        "name:de": "Brunnen Ahmets III.",
        "name:en": "Sultan Ahmed III Fountain",
        "name:fr": "Kiosque fontaine de Ahmed III",
        "name:ko": "아메드 3세의 분수",
        "name:ru": "Фонтан султана Ахмета III",
        "start_date": "1728",
        "tourism": "attraction",
        "wikidata": "Q3076126",
        "wikimedia_commons": "Category:Fountain of Ahmed III",
        "wikipedia": "tr:III. Ahmet Çeşmesi",
        "@geometry": "center"
      },
      "geometry": {
        "type": "Point",
        "coordinates": [
          28.9812612,
          41.0082486
        ]
      },
      "id": "way/32396432"
    },
    {
      "type": "Feature",
      "properties": {
        "@id": "way/41724831",
        "addr:city": "İstanbul",
        "addr:district": "Beşiktaş",
        "addr:neighbourhood": "Bebek Mahallesi",
        "addr:postcode": "34342",
        "leisure": "park",
        "name": "Bebek Parkı",
        "wikidata": "Q65219281",
        "wikipedia": "tr:Bebek Parkı",
        "@geometry": "center"
      },
      "geometry": {
        "type": "Point",
        "coordinates": [
          29.0437867,
          41.0759099
        ]
      },
      "id": "way/41724831"
    },
    {
      "type": "Feature",
      "properties": {
        "@id": "way/46332545",
        "addr:city": "İstanbul",
        "addr:district": "Beyoğlu",
        "addr:housenumber": "30",
        "addr:neighbourhood": "Aynalıçeşme",
        "addr:postcode": "34435",
        "addr:street": "Emin Camii Sokak",
        "alt_name": "Deutsche Evangelische Kirche",
        "amenity": "place_of_worship",
        "building": "church",
        "denomination": "protestant",
        "image": "https://commons.wikimedia.org/wiki/Category:Deutsche_Evangelische_Kirche_(Alman_Kilisesi),_Istanbul#/media/File:Deutsche_Evangelische_Kirche_(Alman_Kilisesi),_Istanbul_(1).JPG",
        "name": "Alman Protestan Kilisesi",
        "name:ar": "كنيسة الالمان البروتستانت لكلس",
        "name:de": "Kreuzkirche",
        "operator": "Evangelische Gemeinde deutscher Sprache in der Türkei",
        "religion": "christian",
        "start_date": "1861",
        "wikidata": "Q65741537",
        "wikimedia_commons": "Category:Deutsche Evangelische Kirche (Alman Kilisesi), Istanbul",
        "wikipedia": "de:Kreuzkirche (Istanbul)",
        "@geometry": "center"
      },
      "geometry": {
        "type": "Point",
        "coordinates": [
          28.9738412,
          41.0360835
        ]
      },
      "id": "way/46332545"
    },
    {
      "type": "Feature",
      "properties": {
        "@id": "way/48162658",
        "access_control": "no",
        "architect": "Mimar Sinan",
        "area": "yes",
        "bridge": "aqueduct",
        "bridge:structure": "arch",
        "foot": "unknown",
        "height": "26",
        "historic": "yes",
        "historic:civilization": "ottoman",
        "layer": "1",
        "length": "710",
        "material": "stone",
        "motor_vehicle": "no",
        "name": "Uzun Kemer",
        "name:en": "Uzun Aqueduct",
        "opening_date": "1554-1564",
        "smoothness": "very_bad",
        "wikidata": "Q110207143",
        "wikimedia_commons": "Category:Uzun Aquaduct",
        "wikipedia": "tr:Uzun Kemer",
        "@geometry": "center"
      },
      "geometry": {
        "type": "Point",
        "coordinates": [
          28.9026482,
          41.1711325
        ]
      },
      "id": "way/48162658"
    },
    {
      "type": "Feature",
      "properties": {
        "@id": "way/48733129",
        "addr:city": "İstanbul",
        "addr:district": "Sarıyer",
        "addr:housenumber": "194",
        "addr:neighbourhood": "Darüşşafaka Mahallesi",
        "addr:postcode": "34398",
        "addr:street": "Büyükdere Caddesi",
        "alt_name": "Maslak Kasırları",
        "email": "info@millisaraylar.gov.tr",
        "fax": "+90 212 259 3292",
        "historic": "castle",
        "historic:civilization": "ottoman",
        "name": "Maslak Kasrı",
        "name:en": "Maslak Pavilion",
        "name:ru": "Маслак касры",
        "opening_hours": "Tu-Su 09:00-17:00",
        "phone": "+90 212 346 1907",
        "tourism": "museum",
        "website": "https://millisaraylar.gov.tr/Lokasyon/10/maslak-kasri",
        "wikidata": "Q6783457",
        "wikimedia_commons": "Category:Maslak Pavilion",
        "wikipedia": "tr:Maslak Kasrı",
        "@geometry": "center"
      },
      "geometry": {
        "type": "Point",
        "coordinates": [
          29.0261277,
          41.1191757
        ]
      },
      "id": "way/48733129"
    },
    {
      "type": "Feature",
      "properties": {
        "@id": "way/48962874",
        "leisure": "park",
        "name": "Ulus Parkı",
        "wikidata": "Q6030900",
        "wikipedia": "tr:Ulus Parkı",
        "@geometry": "center"
      },
      "geometry": {
        "type": "Point",
        "coordinates": [
          29.0323242,
          41.0638646
        ]
      },
      "id": "way/48962874"
    },
    {
      "type": "Feature",
      "properties": {
        "@id": "way/48968788",
        "building": "yes",
        "name": "Çadır Köşkü",
        "tourism": "attraction",
        "website": "https://www.beltur.istanbul/tr/mekan/cadir-kosk",
        "wikidata": "Q6100184",
        "wikimedia_commons": "Category:Çadır Kiosk",
        "wikipedia": "tr:Çadır Köşkü",
        "@geometry": "center"
      },
      "geometry": {
        "type": "Point",
        "coordinates": [
          29.0132858,
          41.0476515
        ]
      },
      "id": "way/48968788"
    },
    {
      "type": "Feature",
      "properties": {
        "@id": "way/48971970",
        "leisure": "park",
        "name": "Yahya Kemal Parkı",
        "wikimedia_commons": "Category:Serencebey Park",
        "wikipedia": "tr:Yahya Kemal Parkı",
        "@geometry": "center"
      },
      "geometry": {
        "type": "Point",
        "coordinates": [
          29.0088308,
          41.0484226
        ]
      },
      "id": "way/48971970"
    },
    {
      "type": "Feature",
      "properties": {
        "@id": "way/51774213",
        "addr:city": "İstanbul",
        "addr:district": "Kadıköy",
        "addr:neighbourhood": "Fenerbahçe Mahallesi",
        "addr:postcode": "34726",
        "addr:street": "Münir Nürettin Selçuk Caddesi",
        "leisure": "park",
        "name": "Kalamış Parkı",
        "wikidata": "Q6006073",
        "wikimedia_commons": "Category:Kalamış Park",
        "wikipedia": "tr:Kalamış Atatürk Parkı",
        "@geometry": "center"
      },
      "geometry": {
        "type": "Point",
        "coordinates": [
          29.0381372,
          40.9798894
        ]
      },
      "id": "way/51774213"
    },
    {
      "type": "Feature",
      "properties": {
        "@id": "way/51814119",
        "addr:city": "İstanbul",
        "addr:district": "Kadıköy",
        "addr:neighbourhood": "Caddebostan Mahallesi",
        "addr:postcode": "34728",
        "barrier": "fence",
        "leisure": "park",
        "name": "Göztepe 60. Yıl Parkı",
        "source": "Yahoo",
        "wikidata": "Q65219354",
        "wikimedia_commons": "Category:Göztepe 60. Yıl Park",
        "wikipedia": "tr:Göztepe 60. Yıl Parkı",
        "@geometry": "center"
      },
      "geometry": {
        "type": "Point",
        "coordinates": [
          29.0579647,
          40.9695088
        ]
      },
      "id": "way/51814119"
    },
    {
      "type": "Feature",
      "properties": {
        "@id": "way/61671158",
        "architect": "Ahmed Kemaleddin",
        "building": "yes",
        "historic": "building",
        "name": "Legacy Ottoman Hotel",
        "source": "GPS",
        "wikidata": "Q6088564",
        "wikimedia_commons": "Category:Istanbul 4th Vakıf Han, Istanbul",
        "wikipedia": "en:Istanbul 4th Vakıf Han",
        "@geometry": "center"
      },
      "geometry": {
        "type": "Point",
        "coordinates": [
          28.9740341,
          41.0158731
        ]
      },
      "id": "way/61671158"
    },
    {
      "type": "Feature",
      "properties": {
        "@id": "way/61736367",
        "addr:city": "İstanbul",
        "addr:district": "Üsküdar",
        "addr:neighbourhood": "Beylerbeyi Mahallesi",
        "addr:postcode": "34676",
        "building": "yes",
        "name": "Beylerbeyi Sarayı",
        "name:ar": "قصر بكلربكي",
        "name:az": "Bəylərbəyi sarayı",
        "name:de": "Beylerbeyi-Palast",
        "name:en": "Beylerbeyi Palace",
        "name:es": "Palacio de Beylerbeyi",
        "name:fa": "کاخ بیلربیی",
        "name:fr": "Palais de Beylerbeyi",
        "name:it": "Palazzo di Beylerbeyi",
        "name:ru": "Дворец Бейлербей",
        "name:tr": "Beylerbeyi Sarayı",
        "name:zh": "贝勒贝伊宫",
        "opening_hours": "Tu-Su 09:00-18:00",
        "phone": "+90 216 321 93 20",
        "source": "Maxar",
        "tourism": "museum",
        "website": "https://www.millisaraylar.gov.tr/en/saray-kosk-ve-kasirlar/beylerbeyi-sarayi",
        "wheelchair:description": "Refakaçili de olsa tekerlekli sandalyeli için uygun değildir.",
        "wikidata": "Q794349",
        "wikimedia_commons": "Category:Beylerbeyi Palace",
        "wikipedia": "tr:Beylerbeyi Sarayı",
        "@geometry": "center"
      },
      "geometry": {
        "type": "Point",
        "coordinates": [
          29.0400359,
          41.0427184
        ]
      },
      "id": "way/61736367"
    },
    {
      "type": "Feature",
      "properties": {
        "@id": "way/61736405",
        "name": "Beylerbeyi Sarayı Selamlık Sahil Köşkü",
        "name:tr": "Yalı Köşkü",
        "tourism": "museum",
        "@geometry": "center"
      },
      "geometry": {
        "type": "Point",
        "coordinates": [
          29.0389426,
          41.0424015
        ]
      },
      "id": "way/61736405"
    },
    {
      "type": "Feature",
      "properties": {
        "@id": "way/61736406",
        "name": "Beylerbeyi Sarayı Haremlik Sahil Köşkü",
        "tourism": "museum",
        "@geometry": "center"
      },
      "geometry": {
        "type": "Point",
        "coordinates": [
          29.040646,
          41.0433636
        ]
      },
      "id": "way/61736406"
    },
    {
      "type": "Feature",
      "properties": {
        "@id": "way/66320567",
        "leisure": "park",
        "name": "Yoğurtçu Parkı",
        "name:en": "Yoğurtçu Park",
        "wikidata": "Q65219450",
        "wikimedia_commons": "Category:Yoğurtçu Park",
        "wikipedia": "tr:Yoğurtçu Parkı",
        "@geometry": "center"
      },
      "geometry": {
        "type": "Point",
        "coordinates": [
          29.0337078,
          40.9852942
        ]
      },
      "id": "way/66320567"
    },
    {
      "type": "Feature",
      "properties": {
        "@id": "way/83008276",
        "amenity": "place_of_worship",
        "building": "yes",
        "name": "Bahriye Mektebi Camii",
        "religion": "muslim",
        "source": "Yahoo hires",
        "wikidata": "Q127418127",
        "@geometry": "center"
      },
      "geometry": {
        "type": "Point",
        "coordinates": [
          29.1015359,
          40.8757711
        ]
      },
      "id": "way/83008276"
    },
    {
      "type": "Feature",
      "properties": {
        "@id": "way/87522379",
        "amenity": "place_of_worship",
        "building": "mosque",
        "name": "Tavaşı-Süleymanağa Camii",
        "name:ar": "جامع توفاشي سليمان اغا",
        "religion": "muslim",
        "wikidata": "Q127418577",
        "wikipedia": "tr:Tavaşi Süleyman Ağa Camii",
        "@geometry": "center"
      },
      "geometry": {
        "type": "Point",
        "coordinates": [
          28.96349,
          41.0037017
        ]
      },
      "id": "way/87522379"
    },
    {
      "type": "Feature",
      "properties": {
        "@id": "way/90145420",
        "amenity": "place_of_worship",
        "building": "mosque",
        "name": "Şeyh Raşid Camii",
        "religion": "muslim",
        "source": "local_knowledge;Bing",
        "wikidata": "Q127418562",
        "@geometry": "center"
      },
      "geometry": {
        "type": "Point",
        "coordinates": [
          28.9307341,
          41.0142467
        ]
      },
      "id": "way/90145420"
    },
    {
      "type": "Feature",
      "properties": {
        "@id": "way/90843319",
        "addr:city": "İstanbul",
        "addr:district": "Fatih",
        "amenity": "place_of_worship",
        "building": "mosque",
        "name": "Geylani Tekke Cami",
        "name:ar": "جامع جيلان تيكي",
        "religion": "muslim",
        "wikidata": "Q6029888",
        "wikipedia": "tr:Ceylani Camii",
        "@geometry": "center"
      },
      "geometry": {
        "type": "Point",
        "coordinates": [
          28.9309368,
          41.0156447
        ]
      },
      "id": "way/90843319"
    },
    {
      "type": "Feature",
      "properties": {
        "@id": "way/90845402",
        "amenity": "place_of_worship",
        "building": "mosque",
        "name": "Mustafa Çavuş Mescidi",
        "name:ar": "مسجد مصطفى تشافوش",
        "religion": "muslim",
        "wikidata": "Q3561109",
        "wikimedia_commons": "Category:Manastır Mosque (Istanbul)",
        "wikipedia": "en:Manastır Mosque, Istanbul",
        "@geometry": "center"
      },
      "geometry": {
        "type": "Point",
        "coordinates": [
          28.9284149,
          41.0173716
        ]
      },
      "id": "way/90845402"
    },
    {
      "type": "Feature",
      "properties": {
        "@id": "way/102190093",
        "amenity": "place_of_worship",
        "building": "mosque",
        "check_date": "2025-05-19",
        "name": "Sultan Mustafa İskele Camii",
        "name:ar": "جامع سلطان مصطفى",
        "name:en": "Sultan Mustafa İskele Mosque",
        "religion": "muslim",
        "wheelchair": "no",
        "wikidata": "Q6022177",
        "wikimedia_commons": "File:İskele Camii - panoramio.jpg",
        "wikipedia": "tr:III. Mustafa Camii",
        "@geometry": "center"
      },
      "geometry": {
        "type": "Point",
        "coordinates": [
          29.023821,
          40.9908177
        ]
      },
      "id": "way/102190093"
    },
    {
      "type": "Feature",
      "properties": {
        "@id": "way/102190099",
        "addr:city": "İstanbul",
        "addr:district": "Kadıköy",
        "addr:neighbourhood": "Osmanağa Mahallesi",
        "addr:postcode": "34714",
        "alt_name": "Osmanağa Camii",
        "amenity": "place_of_worship",
        "building": "mosque",
        "name": "Osman Ağa Cami",
        "name:ar": "جامع عثمان اغا",
        "name:en": "Osman Ağa Mosque",
        "religion": "muslim",
        "wheelchair": "no",
        "wikidata": "Q6029146",
        "wikimedia_commons": "Category:Osmanağa Mosque",
        "wikipedia": "tr:Osmanağa Camii",
        "@geometry": "center"
      },
      "geometry": {
        "type": "Point",
        "coordinates": [
          29.0261232,
          40.990839
        ]
      },
      "id": "way/102190099"
    },
    {
      "type": "Feature",
      "properties": {
        "@id": "way/103263544",
        "amenity": "place_of_worship",
        "building": "mosque",
        "name": "Midillili Ali Reis Camii",
        "name:ar": "جامع ميدللي علي ريس",
        "religion": "muslim",
        "source": "survey",
        "wikidata": "Q127418427",
        "wikimedia_commons": "Category:Midilli Ali Reis Mosque",
        "@geometry": "center"
      },
      "geometry": {
        "type": "Point",
        "coordinates": [
          29.0886995,
          41.1742695
        ]
      },
      "id": "way/103263544"
    },
    {
      "type": "Feature",
      "properties": {
        "@id": "way/103339339",
        "addr:postcode": "34122",
        "building": "yes",
        "fee": "yes",
        "historic": "building",
        "name": "Çinili Köşk",
        "name:br": "Mirdi ar Pavilhon Amailhet",
        "name:en": "Tiled Kiosk",
        "name:fr": "Musée du Pavillon émaillé",
        "name:ru": "Изразцовый павильон",
        "opening_hours": "Tu-Su 09:00-19:00",
        "source": "Bing",
        "start_date": "1472",
        "tourism": "museum",
        "wikidata": "Q3294735",
        "wikimedia_commons": "Category:Çinili Köşk",
        "wikipedia": "tr:Çinili Köşk",
        "@geometry": "center"
      },
      "geometry": {
        "type": "Point",
        "coordinates": [
          28.9812383,
          41.0120223
        ]
      },
      "id": "way/103339339"
    },
    {
      "type": "Feature",
      "properties": {
        "@id": "way/103339340",
        "addr:postcode": "34122",
        "building": "yes",
        "check_date": "2025-04-06",
        "email": "info@istanbularkeoloji.gov.tr",
        "fax": "+90 212 527 43 00",
        "fee": "yes",
        "name": "Eski Şark Eserleri Müzesi",
        "name:ar": "متحف أثار الشرق القديمة",
        "name:br": "Mirdi Oberennoù ar Reter Kozh",
        "name:en": "Museum Of Ancient Orient",
        "name:fa": "موزه شرق باستان",
        "name:fr": "Musée des Œuvres de l'Orient Ancien",
        "name:tr": "Eski Şark Eserleri Müzesi",
        "opening_hours": "Tu-Su 09:00-19:00",
        "phone": "+90 212 520 77 40",
        "source": "Bing",
        "tourism": "museum",
        "website": "http://www.istanbularkeoloji.gov.tr/",
        "wheelchair": "yes",
        "wikidata": "Q99397898",
        "wikimedia_commons": "Category:Ancient Orient Museum, Istanbul",
        "wikipedia": "en:Museum of the Ancient Orient",
        "@geometry": "center"
      },
      "geometry": {
        "type": "Point",
        "coordinates": [
          28.9804023,
          41.011393
        ]
      },
      "id": "way/103339340"
    },
    {
      "type": "Feature",
      "properties": {
        "@id": "way/103456084",
        "amenity": "place_of_worship",
        "building": "mosque",
        "denomination": "sunni",
        "name": "Helvacıbaşı İskenderağa Camii",
        "name:ar": "جامع هلوجيباشو اسكندر اغا",
        "note": "ruins of a mosque",
        "religion": "muslim",
        "source": "Bing",
        "wikidata": "Q126475017",
        "wikimedia_commons": "Category:Helvacıbaşı Mosque",
        "wikipedia": "tr:Helvacıbaşı Camii",
        "@geometry": "center"
      },
      "geometry": {
        "type": "Point",
        "coordinates": [
          28.9727296,
          41.0048562
        ]
      },
      "id": "way/103456084"
    },
    {
      "type": "Feature",
      "properties": {
        "@id": "way/103821246",
        "name": "Kız Kulesi",
        "tourism": "attraction",
        "wikidata": "Q848397",
        "wikimedia_commons": "Category:Maiden's Tower",
        "wikipedia": "tr:Kız Kulesi",
        "@geometry": "center"
      },
      "geometry": {
        "type": "Point",
        "coordinates": [
          29.0041377,
          41.0210907
        ]
      },
      "id": "way/103821246"
    },
    {
      "type": "Feature",
      "properties": {
        "@id": "way/103907772",
        "building": "yes",
        "historic": "building",
        "image": "https://photos.app.goo.gl/DtSy5pkr4btSTS2cA",
        "name": "Dîvân-ı Hümâyûn",
        "name:en": "Imperial Council Hall",
        "roof:colour": "#cbd1cd",
        "wikidata": "Q6605155",
        "wikimedia_commons": "Category:Imperial Council (Topkapı Palace)",
        "@geometry": "center"
      },
      "geometry": {
        "type": "Point",
        "coordinates": [
          28.9834925,
          41.0124903
        ]
      },
      "id": "way/103907772"
    },
    {
      "type": "Feature",
      "properties": {
        "@id": "way/103907818",
        "alt_name:en": "Chamber of Petitions",
        "alt_name:ru": "Зал аудиенций",
        "building": "yes",
        "historic": "building",
        "image": "https://photos.app.goo.gl/bfAad9QZJwhAYJM6A",
        "name": "Arz Odası",
        "name:en": "Audience Chamber",
        "name:es": "Pabellón de las audiencias",
        "name:ru": "Тронный зал",
        "roof:colour": "#cbd1cd",
        "start_date": "C15",
        "wikidata": "Q6016576",
        "wikimedia_commons": "Category:Audience Chamber (Topkapı Palace)",
        "wikipedia": "tr:Arz Odası",
        "@geometry": "center"
      },
      "geometry": {
        "type": "Point",
        "coordinates": [
          28.9845264,
          41.0127679
        ]
      },
      "id": "way/103907818"
    },
    {
      "type": "Feature",
      "properties": {
        "@id": "way/103953125",
        "addr:postcode": "34122",
        "building": "yes",
        "historic": "tomb",
        "image": "https://photos.app.goo.gl/jTSEV3umZGftkyE67",
        "name": "Sultan Ahmet Türbesi",
        "name:ar": "قبر السلطان أحمد الأول",
        "name:en": "Tomb of Sultan Ahmed I",
        "name:es": "Tumba del Sultán Ahmet",
        "name:fa": "قبرستان سلطان احمد",
        "name:fr": "Tombe de sultan Ahmet",
        "name:ru": "Гробница Султана Ахмета",
        "source": "Bing",
        "tourism": "attraction",
        "website": "https://www.voyageturquie.info/sultan-ahmet-turbesi-istanbul/",
        "wikidata": "Q114749",
        "wikimedia_commons": "Category:Tomb of Sultan Ahmed I",
        "wikipedia": "tr:I. Ahmed",
        "@geometry": "center"
      },
      "geometry": {
        "type": "Point",
        "coordinates": [
          28.9769854,
          41.0067894
        ]
      },
      "id": "way/103953125"
    },
    {
      "type": "Feature",
      "properties": {
        "@id": "way/103953128",
        "building": "yes",
        "historic": "building",
        "image": "https://photos.app.goo.gl/K2ERRUufF69okzwK9",
        "name": "Sultan Ahmet Medresesi",
        "name:ar": "مدرسة السلطان أحمد",
        "name:en": "Sultan Ahmed Madrasah",
        "name:fa": "مدرسه سلطان احمد",
        "source": "http://www.fatih.bel.tr/icerik/4689/sultanahmed-medresesinin-rolove-restitusyon-ve-restorasyon-projelerinin-hazirlanmasi/",
        "start_date": "1610",
        "wikidata": "Q131741267",
        "wikimedia_commons": "Category:Sultan Ahmet Medresesi",
        "@geometry": "center"
      },
      "geometry": {
        "type": "Point",
        "coordinates": [
          28.9772241,
          41.0065583
        ]
      },
      "id": "way/103953128"
    },
    {
      "type": "Feature",
      "properties": {
        "@id": "way/104061375",
        "addr:city": "İstanbul",
        "addr:district": "Fatih",
        "addr:neighbourhood": "Alemdar Mahallesi",
        "addr:postcode": "34110",
        "addr:street": "Alemdar Caddesi",
        "amenity": "place_of_worship",
        "building": "mosque",
        "denomination": "sunni",
        "name": "Zeynep Sultan Camii",
        "name:ar": "جامع زينب سلطان",
        "name:en": "Zeynep Sultan Mosque",
        "religion": "muslim",
        "start_date": "1769",
        "wheelchair": "no",
        "wikidata": "Q1153320",
        "wikimedia_commons": "Category:Zeynep Sultan Mosque",
        "wikipedia": "tr:Zeynep Sultan Camii",
        "@geometry": "center"
      },
      "geometry": {
        "type": "Point",
        "coordinates": [
          28.978401,
          41.0100767
        ]
      },
      "id": "way/104061375"
    },
    {
      "type": "Feature",
      "properties": {
        "@id": "way/106620854",
        "amenity": "place_of_worship",
        "building": "mosque",
        "name": "Güzelce Kasımpaşa Cami",
        "name:ar": "جامع غوزيلجي قاسم باشا",
        "religion": "muslim",
        "wikidata": "Q119729870",
        "wikimedia_commons": "Category:Kasım Pasha Mosque",
        "wikipedia": "tr:Kasım Paşa Camii",
        "@geometry": "center"
      },
      "geometry": {
        "type": "Point",
        "coordinates": [
          28.968654,
          41.0330097
        ]
      },
      "id": "way/106620854"
    },
    {
      "type": "Feature",
      "properties": {
        "@id": "way/106702478",
        "amenity": "place_of_worship",
        "building": "mosque",
        "name": "Sinan Pasa Cami",
        "name:ar": "جامع سنان باشا",
        "religion": "muslim",
        "wikidata": "Q127418530",
        "@geometry": "center"
      },
      "geometry": {
        "type": "Point",
        "coordinates": [
          28.962616,
          41.0414657
        ]
      },
      "id": "way/106702478"
    },
    {
      "type": "Feature",
      "properties": {
        "@id": "way/109738930",
        "building": "roof",
        "historic": "yes",
        "image": "https://photos.app.goo.gl/dJ3GDAGn59Zbg6B97",
        "layer": "1",
        "source": "Bing",
        "wikidata": "Q135430309",
        "wikimedia_commons": "File:Fountain Hagia Sophia 2007 002.jpg",
        "@geometry": "center"
      },
      "geometry": {
        "type": "Point",
        "coordinates": [
          28.9789951,
          41.0083213
        ]
      },
      "id": "way/109738930"
    },
    {
      "type": "Feature",
      "properties": {
        "@id": "way/109836394",
        "building": "yes",
        "height": "17",
        "historic": "tomb",
        "image": "https://photos.app.goo.gl/y1DF3gbztMnjmpcF7",
        "name": "Sultan III. Mehmet Türbesi",
        "name:ar": "ضريح السلطان الثالث محمد",
        "name:br": "Kañvdi ar Sultan Mehmet III",
        "name:en": "Mausoleum of Sultan Mehmed III",
        "name:es": "Mausoleo del Sultán Mehmet III",
        "name:fa": "قبرستان سلطان محمد سوم",
        "name:fr": "Mausolé de Mehmet III",
        "name:tr": "Sultan III. Mehmet Türbesi",
        "source": "Bing",
        "wikidata": "Q171465",
        "wikimedia_commons": "Category:Tomb of Sultan Mehmed III",
        "wikipedia": "tr:III. Mehmed",
        "@geometry": "center"
      },
      "geometry": {
        "type": "Point",
        "coordinates": [
          28.9799026,
          41.0077754
        ]
      },
      "id": "way/109836394"
    },
    {
      "type": "Feature",
      "properties": {
        "@id": "way/109836395",
        "building": "yes",
        "height": "17",
        "historic": "tomb",
        "name": "Sultan III. Murad Türbesi",
        "name:ar": "ضريح السلطان مراد الثالث",
        "name:br": "Kañvdi ar Sultan Murad III",
        "name:en": "Mausoleum of Sultan Murad III",
        "name:es": "Mausoleo del Sultán Murad III",
        "name:fa": "قبرستان سلطان مراد سوم",
        "name:fr": "Mausolé de Murad III",
        "name:ko": "술탄 무라드 3세 무덤",
        "name:tr": "Sultan III. Murad Türbesi",
        "source": "Bing",
        "wikidata": "Q159934",
        "wikimedia_commons": "Category:Murad III",
        "wikipedia": "tr:III. Murad",
        "@geometry": "center"
      },
      "geometry": {
        "type": "Point",
        "coordinates": [
          28.9794475,
          41.0079049
        ]
      },
      "id": "way/109836395"
    },
    {
      "type": "Feature",
      "properties": {
        "@id": "way/109862851",
        "addr:city": "İstanbul",
        "addr:district": "Fatih",
        "addr:housenumber": "1",
        "addr:neighbourhood": "Sultanahmet Mahallesi",
        "addr:postcode": "34122",
        "addr:street": "Ayasofya Meydanı",
        "alt_name:br": "Moskeenn Veur Santez-Sofia",
        "alt_name:hr": "Aja Sofija",
        "alt_name:yue": "聖索菲亞大教堂",
        "alt_name:zh": "圣索菲亚大教堂;聖索菲亞大教堂",
        "alt_name:zh-Hans": "圣索菲亚大教堂",
        "alt_name:zh-Hant": "聖索菲亞大教堂",
        "amenity": "place_of_worship",
        "building": "church",
        "building:note": "This building was built as a church and is currently used as a mosque, so the appropriate tags are building=church and building:use=mosque.",
        "building:use": "mosque",
        "check_date": "2026-04-24",
        "contact:phone": "+90 212 522 1750",
        "denomination": "sunni",
        "email": "contact@muze.gen.tr",
        "heritage": "1",
        "heritage:operator": "whc",
        "heritage:ref": "356",
        "heritage:website": "https://whc.unesco.org/en/list/356",
        "historic": "church",
        "historic:civilization": "byzantine",
        "image": "File:Hagia Sophia Mars 2013.jpg",
        "int_name": "Hagia Sophia",
        "landmark": "15",
        "name": "Ayasofya",
        "name:af": "Aya Sophia",
        "name:als": "Hagia Sophia",
        "name:am": "ሃጊያ ሶፊያ",
        "name:an": "Santa Sofiya d'Istambul",
        "name:ar": "آيا صوفيا",
        "name:arz": "ايا صوفيا",
        "name:ast": "Hagia Sophia",
        "name:av": "Айя София",
        "name:az": "Aya Sofya",
        "name:azb": "آیاصوفیا",
        "name:ba": "Айя Суфия",
        "name:bar": "Hagia Sophia",
        "name:bat-smg": "Suopėjės sobors",
        "name:be": "Сафійскі сабор",
        "name:be-tarask": "Сафійскі сабор",
        "name:bg": "Света София",
        "name:bn": "আয়া সোফিয়া",
        "name:br": "Santez-Sofia",
        "name:bs": "Aja Sofija",
        "name:bxr": "Айя-София",
        "name:ca": "Santa Sofia",
        "name:ce": "Айя Софи",
        "name:ckb": "ئایاسۆفیا",
        "name:crh": "Aya Sofya",
        "name:cs": "Hagia Sofia",
        "name:cy": "Hagia Sophia",
        "name:da": "Hagia Sophia",
        "name:de": "Hagia Sophia",
        "name:diq": "Ayasofya",
        "name:dv": "އާޔާސޯފިޔާ",
        "name:el": "Αγία Σοφία",
        "name:en": "Hagia Sophia",
        "name:eo": "Hagia Sofia",
        "name:es": "Santa Sofía",
        "name:et": "Hagia Sophia",
        "name:eu": "Santa Sofia",
        "name:fa": "ایا صوفیه",
        "name:fi": "Hagia Sofia",
        "name:fr": "Sainte-Sophie",
        "name:fy": "Hagia Sofia",
        "name:ga": "Hagia Sofia",
        "name:gl": "Igrexa de Santa Sofía",
        "name:ha": "Hagia Sophia",
        "name:he": "איה סופיה",
        "name:hi": "हागिया सोफिया (आयासोफ़िया मस्जिद)",
        "name:hif": "Hagia Sophia",
        "name:hr": "Crkva Svete mudrosti",
        "name:hu": "Hagia Szophia",
        "name:hy": "Սուրբ Սոֆիայի տաճար",
        "name:hyw": "Ս. Սոֆիա տաճար",
        "name:id": "Hagia Sophia",
        "name:ilo": "Hagia Sophia",
        "name:io": "Hagia Sofia",
        "name:is": "Ægisif",
        "name:it": "Santa Sofia",
        "name:ja": "アヤソフィア博物館",
        "name:jv": "Hagia Sophia",
        "name:ka": "აია-სოფიას ტაძარი",
        "name:kbp": "Sophie Kiɖeɖeu Keɖeyaɣ wondu ɖɩɣa",
        "name:kk": "Айя София",
        "name:ko": "아야 소피아",
        "name:ku": "Ayasofya",
        "name:kw": "Hagia Sophia",
        "name:ky": "Айя-София",
        "name:la": "Sancta Sophia",
        "name:lt": "Sofijos soboras",
        "name:lv": "Svētā Sofija",
        "name:mg": "Hagia Sophia",
        "name:min": "Hagia Sophia",
        "name:mk": "Црква Света Софија",
        "name:ml": "ഹഗിയ സോഫിയ",
        "name:mn": "Софийн цогчин дуган",
        "name:mr": "हागिया सोफिया",
        "name:ms": "Aya Sophia",
        "name:my": "ဟာဂီယာ ဆိုဖီယာ",
        "name:nan": "Hagia Sophia",
        "name:ne": "ह्यागिया सोफिया",
        "name:nl": "Hagia Sophia",
        "name:nn": "Hagia Sofia",
        "name:no": "Hagia Sofia",
        "name:oc": "Hagia Sophia",
        "name:pa": "ਆਈਆ ਸੋਫ਼ੀਆ",
        "name:pl": "Hagia Sophia",
        "name:pnb": "آیا صوفیا",
        "name:pt": "Santa Sofia",
        "name:qu": "Aya Sophiya",
        "name:ro": "Hagia Sofia din Istanbul",
        "name:ru": "Собор Святой Софии",
        "name:rue": "Храм Божой Премудрости",
        "name:sah": "Айыы Суоппуйа собора",
        "name:sco": "Hagia Sophia",
        "name:sh": "Aja Sofija",
        "name:sk": "Hagia Sofia",
        "name:sl": "Hagija Sofija",
        "name:sq": "Ajasofja",
        "name:sr": "Аја Софија",
        "name:stq": "Hagia Sophia",
        "name:su": "Aya Sopia",
        "name:sv": "Hagia Sofia",
        "name:sw": "Hagia Sophia",
        "name:ta": "ஹேகியா சோபியா",
        "name:th": "ฮาเกียโซเฟีย",
        "name:tl": "Hagia Sophia",
        "name:tr": "Ayasofya",
        "name:tt": "Айя Суфия",
        "name:ug": "ئاياسوڧيا",
        "name:uk": "Софіївський Собор",
        "name:ur": "آیا صوفیہ",
        "name:uz": "Sofiya ibodatxonasi",
        "name:vi": "Hagia Sophia",
        "name:war": "Hagia Sophia",
        "name:wuu": "阿亞索菲亞",
        "name:xmf": "აია-სოფიაშ ოხიდა",
        "name:yi": "האגיא סאפיא",
        "name:yue": "阿亞索菲亞",
        "name:zh": "阿亚索菲亚 / 阿亞索菲亞",
        "name:zh-Hans": "阿亚索菲亚",
        "name:zh-Hant": "阿亞索菲亞",
        "note:tr": "Ayasofya müze olarak hizmet etse de tapuya göre camidir.",
        "official_name": "Ayasofya-i Kebir Câmi-i Şerifi",
        "official_name:en": "The Hagia Sophia Grand Mosque",
        "official_name:tr": "Ayasofya-i Kebir Câmi-i Şerifi",
        "opening_hours": "Mo-Su 09:00-19:30",
        "ref:whc": "356",
        "religion": "muslim",
        "start_date": "537",
        "toilets:wheelchair": "no",
        "tourism": "attraction",
        "was:religion": "christian",
        "website": "https://muze.gen.tr/muze-detay/ayasofya",
        "whc:criteria": "(i)(ii)(iii)(iv)",
        "whc:inscription_date": "1985",
        "wheelchair": "yes",
        "wikidata": "Q12506",
        "wikimedia_commons": "Category:Hagia Sophia",
        "wikipedia": "tr:Ayasofya",
        "@geometry": "center"
      },
      "geometry": {
        "type": "Point",
        "coordinates": [
          28.9799976,
          41.0085112
        ]
      },
      "id": "way/109862851"
    },
    {
      "type": "Feature",
      "properties": {
        "@id": "way/109874498",
        "amenity": "fountain",
        "building": "yes",
        "drinking_water": "no",
        "historic": "yes",
        "image": "https://photos.app.goo.gl/9GbzYjsKVpVp7pg19",
        "man_made": "water_well",
        "name": "Alman Çeşmesi",
        "name:ar": "النافورة الألمانية",
        "name:de": "Deutscher Brunnen",
        "name:en": "German Fountain",
        "name:es": "Fuente Alemana",
        "name:fa": "فواره آلمانی",
        "name:pt": "Fonte Alemã",
        "name:ru": "Немецкий фонтан",
        "start_date": "1898",
        "tourism": "attraction",
        "wheelchair": "yes",
        "wikidata": "Q322920",
        "wikimedia_commons": "Category:German Fountain (Istanbul)",
        "wikipedia": "tr:Alman Çeşmesi",
        "@geometry": "center"
      },
      "geometry": {
        "type": "Point",
        "coordinates": [
          28.9766752,
          41.0071134
        ]
      },
      "id": "way/109874498"
    },
    {
      "type": "Feature",
      "properties": {
        "@id": "way/109980654",
        "addr:city": "İstanbul",
        "addr:district": "Fatih",
        "addr:street": "Ragıp Gümüşpala Caddesi",
        "amenity": "place_of_worship",
        "building": "mosque",
        "name": "Ahi Çelebi Cami",
        "name:ar": "أهي تشيليبي جامي",
        "name:fa": "مسجد آهی چلبی",
        "religion": "muslim",
        "source": "Bing",
        "wikidata": "Q6957244",
        "wikimedia_commons": "Category:Ahi Çelebi Mosque",
        "wikipedia": "tr:Ahi Çelebi Camii",
        "@geometry": "center"
      },
      "geometry": {
        "type": "Point",
        "coordinates": [
          28.9684096,
          41.0189488
        ]
      },
      "id": "way/109980654"
    },
    {
      "type": "Feature",
      "properties": {
        "@id": "way/110016988",
        "addr:country": "TR",
        "addr:district": "Fatih",
        "addr:province": "İstanbul",
        "building": "yes",
        "historic": "building",
        "name": "İstanbul Üniversitesi Kapı Köşkü",
        "source": "Bing",
        "wikidata": "Q132081845",
        "wikimedia_commons": "Category:İstanbul Üniversitesi Kapı Köşkü 2",
        "@geometry": "center"
      },
      "geometry": {
        "type": "Point",
        "coordinates": [
          28.9636692,
          41.0109034
        ]
      },
      "id": "way/110016988"
    },
    {
      "type": "Feature",
      "properties": {
        "@id": "way/110016998",
        "addr:country": "TR",
        "addr:district": "Fatih",
        "addr:province": "İstanbul",
        "building": "yes",
        "historic": "building",
        "image": "https://photos.app.goo.gl/T3cGQGHx2LYy3B5b8",
        "name": "Seraskerlik Kapısı",
        "panoramax": "256bfef3-4d8f-449a-b34f-7fd92ae9639e",
        "wikidata": "Q134728582",
        "wikimedia_commons": "Category:Main gate of Istanbul University",
        "@geometry": "center"
      },
      "geometry": {
        "type": "Point",
        "coordinates": [
          28.9642283,
          41.0109906
        ]
      },
      "id": "way/110016998"
    },
    {
      "type": "Feature",
      "properties": {
        "@id": "way/110017005",
        "addr:country": "TR",
        "addr:district": "Fatih",
        "addr:province": "İstanbul",
        "building": "yes",
        "historic": "building",
        "image": "https://photos.app.goo.gl/4wtgTsfhAp2ww1oWA",
        "name": "İstanbul Üniversitesi Kapı Köşkü",
        "source": "Bing",
        "wikidata": "Q132081843",
        "@geometry": "center"
      },
      "geometry": {
        "type": "Point",
        "coordinates": [
          28.9647607,
          41.0110856
        ]
      },
      "id": "way/110017005"
    },
    {
      "type": "Feature",
      "properties": {
        "@id": "way/110234148",
        "addr:city": "İstanbul",
        "addr:country": "TR",
        "addr:district": "Fatih",
        "addr:province": "İstanbul",
        "addr:street": "Ordu Caddesi",
        "building": "yes",
        "name": "Türk Vakıf Hat Sanatları Müzesi",
        "name:ar": "متحف الخط التركي",
        "name:de": "Museum für türkische kalligraphische Kunst",
        "name:en": "The Museum of Turkish Calligraphic Art",
        "name:fa": "موزه خوشنویسی بنیاد ترکیه",
        "name:fr": "Musée d'art calligraphique turc",
        "name:ru": "Музей турецкого каллиграфического искусства",
        "opening_hours": "closed",
        "phone": "+90 212 527 58 51",
        "source": "bing",
        "tourism": "museum",
        "wikidata": "Q6549659",
        "wikimedia_commons": "Category:Museum of Turkish Calligraphy Art",
        "wikipedia": "en:Museum of Turkish Calligraphy Art",
        "@geometry": "center"
      },
      "geometry": {
        "type": "Point",
        "coordinates": [
          28.9632173,
          41.0099999
        ]
      },
      "id": "way/110234148"
    },
    {
      "type": "Feature",
      "properties": {
        "@id": "way/110239766",
        "amenity": "place_of_worship",
        "building": "mosque",
        "name": "Kaptanı Derya İbrahim Paşa Cami",
        "name:ar": "جامع ديرايا ابراهيم باشا",
        "religion": "muslim",
        "source": "Bing",
        "wikidata": "Q127418624",
        "@geometry": "center"
      },
      "geometry": {
        "type": "Point",
        "coordinates": [
          28.9623049,
          41.0127902
        ]
      },
      "id": "way/110239766"
    },
    {
      "type": "Feature",
      "properties": {
        "@id": "way/110239773",
        "alt_name": "Seyyid Hasan Paşa Medresesi",
        "amenity": "place_of_worship",
        "building": "yes",
        "name": "Hasan Paşa Medresesi",
        "wikidata": "Q131741315",
        "wikimedia_commons": "Category:Seyyid Hasan Pasha Complex",
        "@geometry": "center"
      },
      "geometry": {
        "type": "Point",
        "coordinates": [
          28.9614562,
          41.0103592
        ]
      },
      "id": "way/110239773"
    },
    {
      "type": "Feature",
      "properties": {
        "@id": "way/110311508",
        "amenity": "place_of_worship",
        "building": "yes",
        "name": "Mimar Mehmet Ağa Camii",
        "religion": "muslim",
        "source": "Bing",
        "wikidata": "Q127418431",
        "@geometry": "center"
      },
      "geometry": {
        "type": "Point",
        "coordinates": [
          28.9584743,
          41.0154517
        ]
      },
      "id": "way/110311508"
    },
    {
      "type": "Feature",
      "properties": {
        "@id": "way/110311527",
        "amenity": "place_of_worship",
        "building": "mosque",
        "denomination": "sunni",
        "name": "Molla Hüsrev Camii",
        "name:ar": "جامع ملا هورسيف",
        "religion": "muslim",
        "source": "Bing",
        "wikidata": "Q127418441",
        "@geometry": "center"
      },
      "geometry": {
        "type": "Point",
        "coordinates": [
          28.959325,
          41.0145696
        ]
      },
      "id": "way/110311527"
    },
    {
      "type": "Feature",
      "properties": {
        "@id": "way/110311531",
        "building": "university",
        "historic": "building",
        "name": "Fatih Rehberlik ve Araştırma Merkezi",
        "source": "Bing",
        "wikidata": "Q135428684",
        "@geometry": "center"
      },
      "geometry": {
        "type": "Point",
        "coordinates": [
          28.9615171,
          41.0123287
        ]
      },
      "id": "way/110311531"
    },
    {
      "type": "Feature",
      "properties": {
        "@id": "way/110313596",
        "building": "yes",
        "historic": "building",
        "name": "Şehzade Mehmet Kervansarayı",
        "wheelchair": "limited",
        "wikidata": "Q132752930",
        "@geometry": "center"
      },
      "geometry": {
        "type": "Point",
        "coordinates": [
          28.9580878,
          41.0140646
        ]
      },
      "id": "way/110313596"
    },
    {
      "type": "Feature",
      "properties": {
        "@id": "way/110314231",
        "addr:city": "İstanbul",
        "addr:district": "Fatih",
        "addr:street": "16 Mart Şehitleri Caddesi",
        "amenity": "place_of_worship",
        "building": "mosque",
        "description": "Akataleptos monastery, Monastery of the Mother of God Kyriotissa",
        "name": "Kalenderhane Camii",
        "name:ar": "جامع كاليندر هاني",
        "name:de": "Theotokos Kyriotissa",
        "name:en": "Theotokos Kyriotissa (Kalenderhane)",
        "religion": "muslim",
        "source": "Bing",
        "wikidata": "Q1758501",
        "wikimedia_commons": "Category:Kalenderhane Mosque",
        "wikipedia": "tr:Kalenderhane Camii",
        "@geometry": "center"
      },
      "geometry": {
        "type": "Point",
        "coordinates": [
          28.9603682,
          41.0131459
        ]
      },
      "id": "way/110314231"
    },
    {
      "type": "Feature",
      "properties": {
        "@id": "way/110576865",
        "amenity": "place_of_worship",
        "building": "yes",
        "name": "Kirazlı Mescit",
        "religion": "muslim",
        "source": "Bing",
        "wikidata": "Q127418384",
        "@geometry": "center"
      },
      "geometry": {
        "type": "Point",
        "coordinates": [
          28.9610728,
          41.0142253
        ]
      },
      "id": "way/110576865"
    },
    {
      "type": "Feature",
      "properties": {
        "@id": "way/111002436",
        "alt_name": "Molla Gürani Camii;Molla Anmed Gurani Cami;Molla Gürânî Câmii",
        "amenity": "place_of_worship",
        "building": "mosque",
        "name": "Vefa Kilise Camii",
        "name:ar": "مسجد كنيسة فيفا",
        "old_name": "Aziz Teodoros Kilisesi",
        "religion": "muslim",
        "source": "Bing",
        "wikidata": "Q246275",
        "wikimedia_commons": "Category:Vefa Kilise Mosque",
        "wikipedia": "tr:Vefa Kilise Camii",
        "@geometry": "center"
      },
      "geometry": {
        "type": "Point",
        "coordinates": [
          28.9603299,
          41.0162804
        ]
      },
      "id": "way/111002436"
    },
    {
      "type": "Feature",
      "properties": {
        "@id": "way/111002508",
        "addr:city": "İstanbul",
        "addr:district": "Fatih",
        "addr:street": "Yeniçeriler Caddesi",
        "amenity": "place_of_worship",
        "building": "mosque",
        "historic": "mosque",
        "image": "https://photos.app.goo.gl/UPveavkd3umNi9tRA",
        "name": "Gazi Atik Ali Paşa Camii",
        "name:ar": "جامع عتيق علي باشا",
        "name:es": "Mezquita Gazi Atikali Paşa",
        "name:fa": "مسجد غازی عتیق علی پاشا",
        "name:fr": "Mosquée Atik Ali Pacha",
        "name:ru": "Мечеть Атик Али-паши",
        "religion": "muslim",
        "source": "Bing",
        "wheelchair": "yes",
        "wikidata": "Q1572481",
        "wikimedia_commons": "Category:Gazi Atik Ali Pasha Mosque",
        "wikipedia": "tr:Gazi Atik Ali Paşa Camii",
        "@geometry": "center"
      },
      "geometry": {
        "type": "Point",
        "coordinates": [
          28.9705447,
          41.0087421
        ]
      },
      "id": "way/111002508"
    },
    {
      "type": "Feature",
      "properties": {
        "@id": "way/111148008",
        "addr:city": "İstanbul",
        "addr:district": "Fatih",
        "amenity": "place_of_worship",
        "building": "mosque",
        "name": "Katip Şemsettin Cami",
        "name:ar": "جامع كاتب شمس الدين",
        "religion": "muslim",
        "source": "Bing",
        "wheelchair": "no",
        "wikidata": "Q112112542",
        "wikimedia_commons": "File:Katip Şemseddin Mosque.jpg",
        "wikipedia": "tr:Katip Şemseddin Camii",
        "@geometry": "center"
      },
      "geometry": {
        "type": "Point",
        "coordinates": [
          28.962834,
          41.0178404
        ]
      },
      "id": "way/111148008"
    },
    {
      "type": "Feature",
      "properties": {
        "@id": "way/111861690",
        "amenity": "place_of_worship",
        "building": "yes",
        "name": "Aynül Hayat Hatun Mescidi",
        "religion": "muslim",
        "source": "Bing",
        "wikidata": "Q132134506",
        "wikipedia": "tr:Aynul Hayat Hatun Camii",
        "@geometry": "center"
      },
      "geometry": {
        "type": "Point",
        "coordinates": [
          28.96805,
          41.0041885
        ]
      },
      "id": "way/111861690"
    },
    {
      "type": "Feature",
      "properties": {
        "@id": "way/111861701",
        "amenity": "place_of_worship",
        "building": "mosque",
        "name": "Behram Çavuş Cami",
        "name:ar": "جامع بيهرام تشافوس",
        "religion": "muslim",
        "source": "Bing",
        "wikidata": "Q127418140",
        "wikipedia": "tr:Behram Çavuş Camii",
        "@geometry": "center"
      },
      "geometry": {
        "type": "Point",
        "coordinates": [
          28.9668568,
          41.0042945
        ]
      },
      "id": "way/111861701"
    },
    {
      "type": "Feature",
      "properties": {
        "@id": "way/111862615",
        "name": "Vezir Hanı",
        "tourism": "museum",
        "@geometry": "center"
      },
      "geometry": {
        "type": "Point",
        "coordinates": [
          28.9720052,
          41.0092573
        ]
      },
      "id": "way/111862615"
    },
    {
      "type": "Feature",
      "properties": {
        "@id": "way/112174257",
        "addr:city": "İstanbul",
        "addr:country": "TR",
        "addr:district": "Fatih",
        "addr:housenumber": "10",
        "addr:postcode": "34122",
        "addr:street": "Akbıyık Caddesi",
        "amenity": "place_of_worship",
        "building": "mosque",
        "denomination": "sunni",
        "image": "https://photos.app.goo.gl/3uDWMCKHGCH2f8Fi8",
        "name": "İshak Paşa Cami",
        "name:ar": "جامع اسحق باشا",
        "name:en": "İshak Paşa Mosque",
        "religion": "muslim",
        "source": "survey",
        "wikidata": "Q127418325",
        "wikimedia_commons": "Category:İshak Pasha Mosque",
        "wikipedia": "tr:İshak Paşa Camii (İstanbul)",
        "@geometry": "center"
      },
      "geometry": {
        "type": "Point",
        "coordinates": [
          28.9816251,
          41.0063704
        ]
      },
      "id": "way/112174257"
    },
    {
      "type": "Feature",
      "properties": {
        "@id": "way/112174316",
        "addr:country": "TR",
        "amenity": "place_of_worship",
        "building": "mosque",
        "name": "Akbıyık Cami",
        "name:ar": "جامع اك بايك",
        "religion": "muslim",
        "source": "Bing",
        "wikidata": "Q127418093",
        "wikimedia_commons": "Category:Akbıyık Mosque",
        "wikipedia": "tr:Akbıyık Camii",
        "@geometry": "center"
      },
      "geometry": {
        "type": "Point",
        "coordinates": [
          28.9794257,
          41.0032524
        ]
      },
      "id": "way/112174316"
    },
    {
      "type": "Feature",
      "properties": {
        "@id": "way/112174319",
        "addr:city": "İstanbul",
        "addr:district": "Fatih",
        "addr:neighbourhood": "Cankurtaran Mahallesi",
        "addr:street": "Kennedy Cd",
        "building": "yes",
        "museum": "history",
        "name": "Sepetçiler Kasrı",
        "name:ar": "قصر سباتشيلار",
        "name:en": "Sepetçiler Pavilion",
        "source": "Bing",
        "tourism": "museum",
        "wikidata": "Q4867763",
        "wikimedia_commons": "Category:Basketmakers' Kiosk",
        "wikipedia": "tr:Sepetçiler Kasrı",
        "@geometry": "center"
      },
      "geometry": {
        "type": "Point",
        "coordinates": [
          28.9816446,
          41.0163283
        ]
      },
      "id": "way/112174319"
    },
    {
      "type": "Feature",
      "properties": {
        "@id": "way/112174338",
        "barrier": "city_wall",
        "height": "11",
        "historic": "yes",
        "material": "stone",
        "source": "Bing",
        "two_sided": "yes",
        "wikidata": "Q89917",
        "wikipedia": "en:Walls of Constantinople",
        "@geometry": "center"
      },
      "geometry": {
        "type": "Point",
        "coordinates": [
          28.9866094,
          41.0105984
        ]
      },
      "id": "way/112174338"
    },
    {
      "type": "Feature",
      "properties": {
        "@id": "way/112388848",
        "addr:city": "İstanbul",
        "addr:district": "Fatih",
        "addr:street": "Şahande Sokağı",
        "amenity": "place_of_worship",
        "building": "mosque",
        "denomination": "sunni",
        "name": "Samanveren Camii",
        "name:ar": "جامع سامان اميني اول",
        "religion": "muslim",
        "source": "Bing",
        "wheelchair": "yes",
        "wikidata": "Q127418503",
        "@geometry": "center"
      },
      "geometry": {
        "type": "Point",
        "coordinates": [
          28.9665519,
          41.0158922
        ]
      },
      "id": "way/112388848"
    },
    {
      "type": "Feature",
      "properties": {
        "@id": "way/112619334",
        "addr:city": "İstanbul",
        "addr:district": "Beyoğlu",
        "addr:housenumber": "171",
        "addr:neighbourhood": "Tomtom",
        "addr:postcode": "34433",
        "addr:street": "İstiklal Caddesi",
        "amenity": "place_of_worship",
        "basilica": "minor",
        "building": "church",
        "denomination": "catholic",
        "email": "info@sentantuan.com",
        "height": "23",
        "image": "https://photos.app.goo.gl/h67dF2C259TmtpqWA",
        "name": "Sent Antuan Katolik Kilisesi",
        "name:ar": "كنيسة سانت انتونيو للكاثوليك",
        "name:de": "Basilika St. Antonius von Padua",
        "name:en": "Church of Saint Anthony of Padua",
        "name:es": "Iglesia de San Antonio de Padua",
        "name:fr": "Église Saint-Antoine de Padoue",
        "name:hu": "Páduai Szent Antal-bazilika",
        "name:it": "Basilica di Sant'Antonio di Padova",
        "name:ru": "Католическая церковь Св. Антония",
        "name:tr": "St. Antuan Katolik Kilisesi",
        "opening_hours": "08:00-19:30",
        "phone": "+90 212 244 0935",
        "religion": "christian",
        "wikidata": "Q810122",
        "wikimedia_commons": "Category:St. Anthony of Padua Church in Istanbul",
        "wikipedia": "en:Church of St. Anthony of Padua, Istanbul",
        "@geometry": "center"
      },
      "geometry": {
        "type": "Point",
        "coordinates": [
          28.9771157,
          41.0322717
        ]
      },
      "id": "way/112619334"
    },
    {
      "type": "Feature",
      "properties": {
        "@id": "way/112659195",
        "alt_name": "Tahtakale Hamam",
        "building": "yes",
        "historic": "monument",
        "name": "Tahtakale Hamamı",
        "name:fa": "حمام تاهتاکاله",
        "wikidata": "Q100320010",
        "wikimedia_commons": "Category:Tahtakale Hamam",
        "wikipedia": "en:Tahtakale Hamam",
        "@geometry": "center"
      },
      "geometry": {
        "type": "Point",
        "coordinates": [
          28.9679695,
          41.0176229
        ]
      },
      "id": "way/112659195"
    },
    {
      "type": "Feature",
      "properties": {
        "@id": "way/112659198",
        "amenity": "place_of_worship",
        "building": "mosque",
        "denomination": "sunni",
        "name": "Timurtaş Camii",
        "name:ar": "جامع تيمور تاش",
        "religion": "muslim",
        "source": "Bing",
        "wheelchair": "yes",
        "wikidata": "Q127418586",
        "@geometry": "center"
      },
      "geometry": {
        "type": "Point",
        "coordinates": [
          28.9675395,
          41.0177368
        ]
      },
      "id": "way/112659198"
    },
    {
      "type": "Feature",
      "properties": {
        "@id": "way/112676117",
        "addr:city": "İstanbul",
        "addr:full": "Meşrutiyet Caddesi No.65Taksim Istanbul",
        "addr:housenumber": "141",
        "addr:postcode": "34443",
        "addr:street": "Meşrutiyet Caddesi",
        "building": "yes",
        "check_date": "2023-12-01",
        "fee": "yes",
        "name": "Pera Müzesi",
        "name:ar": "متحف بيرا",
        "name:en": "Pera Museum",
        "name:fa": "موزه پرا",
        "name:ru": "Музей Пера",
        "name:tr": "Pera Müzesi",
        "name:zh": "佩拉博物馆",
        "note": "https://www.geziyerler.com/pera-muzesi",
        "opening_hours": "Tu-Su 10:00-19:00, Su 12:00-18:00",
        "phone": "+90 212 334 99 00",
        "tourism": "museum",
        "website": "https://www.peramuzesi.org.tr",
        "wheelchair": "no",
        "wheelchair:description": "Tekerlekli sandalye için %100 uygundur. Engelli tuvaleti vardır.",
        "wikidata": "Q1662392",
        "wikimedia_commons": "Category:Pera Museum",
        "wikipedia": "en:Pera Museum",
        "@geometry": "center"
      },
      "geometry": {
        "type": "Point",
        "coordinates": [
          28.975204,
          41.0318037
        ]
      },
      "id": "way/112676117"
    },
    {
      "type": "Feature",
      "properties": {
        "@id": "way/114404573",
        "amenity": "place_of_worship",
        "building": "mosque",
        "denomination": "sunni",
        "name": "Saraç Doğan Camii",
        "name:ar": "جامع ساراتش دوغان",
        "religion": "muslim",
        "wikidata": "Q127418507",
        "@geometry": "center"
      },
      "geometry": {
        "type": "Point",
        "coordinates": [
          28.9345302,
          41.0143058
        ]
      },
      "id": "way/114404573"
    },
    {
      "type": "Feature",
      "properties": {
        "@id": "way/132270015",
        "amenity": "place_of_worship",
        "building": "mosque",
        "denomination": "sunni",
        "name": "Kamer Hatun Camii",
        "name:ar": "جامع قمر خاتون",
        "religion": "muslim",
        "wikidata": "Q6036660",
        "wikimedia_commons": "Category:Kamer Hatun Mosque",
        "wikipedia": "tr:Kamer Hatun Camii",
        "@geometry": "center"
      },
      "geometry": {
        "type": "Point",
        "coordinates": [
          28.9749779,
          41.0350449
        ]
      },
      "id": "way/132270015"
    },
    {
      "type": "Feature",
      "properties": {
        "@id": "way/132277802",
        "addr:country": "TR",
        "amenity": "place_of_worship",
        "building": "church",
        "building:architecture": "neo-byzantine",
        "end_date": "1491",
        "name": "Firuz Ağa Camii",
        "name:ar": "جامع فيروز اغا",
        "name:de": "Firuz-Ağa-Moschee",
        "name:en": "Firuz Ağa Mosque",
        "name:fa": "مسجد فیروز آقا",
        "name:it": "Moschea di Firuz Ağa",
        "name:ko": "피루즈 아아 모스크",
        "name:ru": "Мечеть Фируз-ага",
        "religion": "muslim",
        "roof:shape": "dome",
        "source": "bing",
        "wheelchair": "yes",
        "wikidata": "Q127418248",
        "wikimedia_commons": "Category:Firuzağa Mosque",
        "@geometry": "center"
      },
      "geometry": {
        "type": "Point",
        "coordinates": [
          28.9761332,
          41.0078258
        ]
      },
      "id": "way/132277802"
    },
    {
      "type": "Feature",
      "properties": {
        "@id": "way/132474437",
        "building": "yes",
        "building:levels": "2",
        "historic": "building",
        "name": "Tarihi Moda İskelesi",
        "name:en": "Historical Moda Pier",
        "operator": "Beltur",
        "wikidata": "Q114871544",
        "wikimedia_commons": "Category:Moda Pier",
        "@geometry": "center"
      },
      "geometry": {
        "type": "Point",
        "coordinates": [
          29.0251041,
          40.9789898
        ]
      },
      "id": "way/132474437"
    },
    {
      "type": "Feature",
      "properties": {
        "@id": "way/132654661",
        "amenity": "place_of_worship",
        "building": "mosque",
        "name": "Hamidiye Camii",
        "religion": "muslim",
        "website": "https://hamidiyecamiidernegi.org/",
        "wikidata": "Q111979059",
        "wikimedia_commons": "Category:Hamidiye Mosque, Büyükada",
        "@geometry": "center"
      },
      "geometry": {
        "type": "Point",
        "coordinates": [
          29.1307651,
          40.871311
        ]
      },
      "id": "way/132654661"
    },
    {
      "type": "Feature",
      "properties": {
        "@id": "way/135253021",
        "amenity": "place_of_worship",
        "building": "mosque",
        "denomination": "sunni",
        "layer": "2",
        "name": "Peksimetçi Salih Ağa Cami",
        "name:ar": "جامع بيكسيمتجي صالح أغا",
        "religion": "muslim",
        "source": "bing",
        "wikidata": "Q127418485",
        "@geometry": "center"
      },
      "geometry": {
        "type": "Point",
        "coordinates": [
          29.0747475,
          41.0790881
        ]
      },
      "id": "way/135253021"
    },
    {
      "type": "Feature",
      "properties": {
        "@id": "way/136456159",
        "addr:city": "İstanbul",
        "addr:street": "Fethiye Kapısı Sokağı",
        "amenity": "place_of_worship",
        "building": "mosque",
        "denomination": "sunni",
        "name": "Fethiye Camii",
        "name:ar": "جامع فنحية",
        "name:el": "Μονή Παμμακάριστου",
        "name:zh": "帕玛卡里斯托斯教堂",
        "religion": "muslim",
        "wikidata": "Q1420984",
        "wikimedia_commons": "Category:Pammakaristos Church",
        "wikipedia": "tr:Fethiye Camii",
        "@geometry": "center"
      },
      "geometry": {
        "type": "Point",
        "coordinates": [
          28.9464002,
          41.0290808
        ]
      },
      "id": "way/136456159"
    },
    {
      "type": "Feature",
      "properties": {
        "@id": "way/137519649",
        "addr:city": "İstanbul",
        "addr:district": "Fatih",
        "alt_name": "Pantokrator Manastırı",
        "alt_name:en": "Pantokrator Monastery",
        "amenity": "place_of_worship",
        "building": "mosque",
        "denomination": "sunni",
        "name": "Zeyrek Molla Camii",
        "name:ar": "جامع ظلا زيريك",
        "name:de": "Pantokrator-Kloster",
        "name:el": "Μονή του Παντοκράτορος Χριστού",
        "name:en": "Molla Zeyrek Mosque",
        "name:la": "Monasterium Pantocratoris",
        "name:ru": "Монастырь Пантократора (Христа Вседержителя)",
        "religion": "muslim",
        "start_date": "1124",
        "tourism": "attraction",
        "wikidata": "Q197094",
        "wikimedia_commons": "Category:Zeyrek Mosque",
        "wikipedia": "tr:Zeyrek Camii",
        "@geometry": "center"
      },
      "geometry": {
        "type": "Point",
        "coordinates": [
          28.9572467,
          41.0197178
        ]
      },
      "id": "way/137519649"
    },
    {
      "type": "Feature",
      "properties": {
        "@id": "way/149049165",
        "barrier": "fence",
        "historic": "archaeological_site",
        "name": "Piskoposluk Sarayı",
        "name:en": "Archeological Park",
        "name:fa": "کاخ اسقف",
        "@geometry": "center"
      },
      "geometry": {
        "type": "Point",
        "coordinates": [
          28.9803843,
          41.0073268
        ]
      },
      "id": "way/149049165"
    },
    {
      "type": "Feature",
      "properties": {
        "@id": "way/151790453",
        "alt_name": "Ayasofya Haseki Hamamı",
        "amenity": "public_bath",
        "architect": "Mimar Sinan",
        "building": "yes",
        "contact:website": "http://www.ayasofyahamami.com",
        "historic": "yes",
        "image": "https://photos.app.goo.gl/8qjWwcGjpgfxxs4T8",
        "name": "Haseki Hürrem Hamamı",
        "name:ar": "حمام حريم سلطان",
        "name:en": "Haseki Hürrem Hammam",
        "name:fa": "حمام خرم سلطان",
        "name:ru": "Хаммам Хасеки Хюррем",
        "name:uk": "Хаммам Хасеки Хюррем",
        "start_date": "1556",
        "tourism": "attraction",
        "wikidata": "Q2712287",
        "wikimedia_commons": "Category:Haseki Hürrem Sultan Hamamı",
        "wikipedia": "tr:Haseki Hamamı",
        "@geometry": "center"
      },
      "geometry": {
        "type": "Point",
        "coordinates": [
          28.9788591,
          41.0069452
        ]
      },
      "id": "way/151790453"
    },
    {
      "type": "Feature",
      "properties": {
        "@id": "way/163232377",
        "leisure": "park",
        "name": "Cüneyt Arkın Sanatçılar Parkı",
        "wikidata": "Q97321014",
        "wikimedia_commons": "Category:Artists' Park",
        "wikipedia": "en:Sanatçılar Park",
        "@geometry": "center"
      },
      "geometry": {
        "type": "Point",
        "coordinates": [
          29.0298271,
          41.0828064
        ]
      },
      "id": "way/163232377"
    },
    {
      "type": "Feature",
      "properties": {
        "@id": "way/165484023",
        "addr:city": "İstanbul",
        "amenity": "place_of_worship",
        "building": "mosque",
        "denomination": "sunni",
        "name": "Kemankeş Karamustafa Paşa Camii",
        "name:ar": "جامع كرم مصطفى باشا",
        "religion": "muslim",
        "wikidata": "Q127418374",
        "wikimedia_commons": "Category:Kemankeş Mosque",
        "wikipedia": "tr:Kemankeş Camii",
        "@geometry": "center"
      },
      "geometry": {
        "type": "Point",
        "coordinates": [
          28.9767119,
          41.022732
        ]
      },
      "id": "way/165484023"
    },
    {
      "type": "Feature",
      "properties": {
        "@id": "way/165492485",
        "amenity": "place_of_worship",
        "building": "mosque",
        "denomination": "sunni",
        "name": "Faik Paşa Camisi",
        "name:ar": "جامع فائق باشا",
        "religion": "muslim",
        "toilets:wheelchair": "no",
        "wheelchair": "no",
        "wikidata": "Q127418240",
        "@geometry": "center"
      },
      "geometry": {
        "type": "Point",
        "coordinates": [
          29.0439576,
          41.0060172
        ]
      },
      "id": "way/165492485"
    },
    {
      "type": "Feature",
      "properties": {
        "@id": "way/165502587",
        "addr:city": "İstanbul",
        "addr:housenumber": "11",
        "addr:postcode": "34425",
        "addr:street": "Kemeraltı Caddesi",
        "amenity": "place_of_worship",
        "building": "yes",
        "denomination": "roman_catholic",
        "name": "Saint Benoît Latin Katolik Kilisesi",
        "name:ar": "كنيسة سانت بينوت لللاتيين الكاثوليك",
        "name:en": "Church of Saint Benoît",
        "name:fr": "Eglise catholique latine Saint-Benoît",
        "religion": "christian",
        "wikidata": "Q5117030",
        "wikimedia_commons": "Category:Church of Saint Benoit, Istanbul",
        "wikipedia": "en:Church of Saint Benoit, Istanbul",
        "@geometry": "center"
      },
      "geometry": {
        "type": "Point",
        "coordinates": [
          28.9767754,
          41.0250796
        ]
      },
      "id": "way/165502587"
    },
    {
      "type": "Feature",
      "properties": {
        "@id": "way/165517351",
        "amenity": "place_of_worship",
        "building": "yes",
        "name": "Aşkenaz Sinagogu",
        "name:ar": "معبد",
        "name:en": "Ashkenazi Synagogue",
        "religion": "jewish",
        "wikidata": "Q2079847",
        "wikimedia_commons": "Category:Ashkenazi Synagogue of Istanbul",
        "wikipedia": "en:Ashkenazi Synagogue of Istanbul",
        "@geometry": "center"
      },
      "geometry": {
        "type": "Point",
        "coordinates": [
          28.975083,
          41.024496
        ]
      },
      "id": "way/165517351"
    },
    {
      "type": "Feature",
      "properties": {
        "@id": "way/165521220",
        "amenity": "place_of_worship",
        "building": "mosque",
        "denomination": "sunni",
        "name": "Makbul İbrahim Paşa Camii",
        "name:ar": "جامع مقبول ابراهيم باشا",
        "name:en": "Makbul Ibrahim Pasa Mosque",
        "religion": "muslim",
        "wikidata": "Q85972749",
        "wikimedia_commons": "Category:Makbul İbrahim Pasha Mosque",
        "wikipedia": "tr:Makbul İbrahim Paşa Camii",
        "@geometry": "center"
      },
      "geometry": {
        "type": "Point",
        "coordinates": [
          28.9715722,
          41.0222651
        ]
      },
      "id": "way/165521220"
    },
    {
      "type": "Feature",
      "properties": {
        "@id": "way/165522626",
        "amenity": "place_of_worship",
        "building": "mosque",
        "denomination": "sunni",
        "name": "Müeyyetzade Camii",
        "religion": "muslim",
        "wikidata": "Q127418453",
        "@geometry": "center"
      },
      "geometry": {
        "type": "Point",
        "coordinates": [
          28.9748596,
          41.0263863
        ]
      },
      "id": "way/165522626"
    },
    {
      "type": "Feature",
      "properties": {
        "@id": "way/165574748",
        "addr:city": "İstanbul",
        "addr:district": "Beyoğlu",
        "addr:housenumber": "50",
        "addr:neighbourhood": "Kemankeş Karamustafa Paşa Mah.",
        "addr:street": "Kemeraltı Caddesi",
        "amenity": "place_of_worship",
        "architect": "Mimar Sinan",
        "building": "mosque",
        "denomination": "sunni",
        "name": "Kılıç Ali Paşa Camii",
        "name:ar": "جامع كيليتش علي باشا",
        "name:en": "Kılıç Ali Pasha Mosque",
        "religion": "muslim",
        "tourism": "attraction",
        "wikidata": "Q862848",
        "wikimedia_commons": "Category:Kılıç Ali Pasha Mosque",
        "wikipedia": "en:Kılıç Ali Pasha Complex",
        "@geometry": "center"
      },
      "geometry": {
        "type": "Point",
        "coordinates": [
          28.9809474,
          41.026417
        ]
      },
      "id": "way/165574748"
    },
    {
      "type": "Feature",
      "properties": {
        "@id": "way/165574764",
        "building": "yes",
        "historic": "tomb",
        "name": "Kılıç Ali Paşa Türbesi",
        "wikidata": "Q131391077",
        "@geometry": "center"
      },
      "geometry": {
        "type": "Point",
        "coordinates": [
          28.9813163,
          41.0262374
        ]
      },
      "id": "way/165574764"
    },
    {
      "type": "Feature",
      "properties": {
        "@id": "way/165575977",
        "amenity": "place_of_worship",
        "building": "church",
        "denomination": "armenian_apostolic",
        "name": "Surp Krikor Lusavoriç Ermeni Kilisesi",
        "name:en": "Surp Krikor Lusavoric Church",
        "name:hy": "Ղալաթայի Սուրբ Գրիգոր Լուսաւորիչ եկեղեցի",
        "name:tr": "Surp Krikor Lusavoriç Kilisesi",
        "religion": "christian",
        "start_date": "1962",
        "wikidata": "Q20472836",
        "wikimedia_commons": "Category:Surp Krikor Lusavoriç Church (Beyoğlu)",
        "wikipedia": "en:Saint Gregory the Illuminator Church of Galata",
        "@geometry": "center"
      },
      "geometry": {
        "type": "Point",
        "coordinates": [
          28.9784235,
          41.0256621
        ]
      },
      "id": "way/165575977"
    },
    {
      "type": "Feature",
      "properties": {
        "@id": "way/165717590",
        "addr:city": "İstanbul",
        "addr:housenumber": "52",
        "addr:street": "Serdar-1 Ekrem Caddesi",
        "alt_name": "Christ Church",
        "alt_name:de": "Christuskirche",
        "alt_name:en": "Christ Church",
        "alt_name:nl": "Christuskerk",
        "alt_name:tr": "Kırım Kilisesi",
        "amenity": "place_of_worship",
        "building": "church",
        "denomination": "anglican",
        "name": "Crimea Memorial Church",
        "name:ar": "كنيسة كريمه ميموريال",
        "name:de": "Krim-Gedenkkirche",
        "name:en": "Crimea Memorial Church",
        "name:nl": "Krim-Herdenkingskerk",
        "name:tr": "Kırım'ı Anma Kilisesi",
        "religion": "christian",
        "start_date": "1858",
        "wikidata": "Q5185447",
        "wikimedia_commons": "Category:Crimean Memorial Church, İstanbul",
        "wikipedia": "en:Crimea Memorial Church",
        "@geometry": "center"
      },
      "geometry": {
        "type": "Point",
        "coordinates": [
          28.9771217,
          41.0276522
        ]
      },
      "id": "way/165717590"
    },
    {
      "type": "Feature",
      "properties": {
        "@id": "way/165718178",
        "addr:city": "İstanbul",
        "addr:district": "Beyoğlu",
        "addr:neighbourhood": "Müeyyedzade Mahallesi",
        "addr:street": "Galip Dede Caddesi",
        "alt_name": "Galata Convent of Whirling Dervishes",
        "alt_name:en": "Galata Mevlevi House Museum",
        "building": "yes",
        "email": "contact@muze.gen.tr",
        "fee": "yes",
        "name": "Galata Mevlevihanesi Müzesi",
        "name:en": "Galata Dervish House Museum",
        "name:ru": "Обитель кружащихся дервишей",
        "name:tr": "Galata Mevlevihanesi Müzesi",
        "name:zh": "加拉塔梅夫拉维博物馆",
        "opening_hours": "Tu-Su 09:00-16:30",
        "phone": "+90 212 245 41 41",
        "tourism": "museum",
        "website": "https://muze.gen.tr/",
        "wheelchair": "limited",
        "wikidata": "Q6090478",
        "wikimedia_commons": "Category:Galata Mevlevihanesi",
        "wikipedia": "tr:Galata Mevlevihanesi",
        "@geometry": "center"
      },
      "geometry": {
        "type": "Point",
        "coordinates": [
          28.9751142,
          41.0280128
        ]
      },
      "id": "way/165718178"
    },
    {
      "type": "Feature",
      "properties": {
        "@id": "way/172372887",
        "building": "commercial",
        "building:material": "concrete",
        "height": "236",
        "int_name": "Endem TV Tower",
        "man_made": "tower",
        "name": "Endem TV Kulesi",
        "name:de": "Fernsehturm Endem",
        "name:en": "Endem TV Tower",
        "name:tr": "Endem TV Kulesi",
        "start_date": "08/2008",
        "tourism": "attraction",
        "tower:type": "communication",
        "viewpoint": "yes",
        "wikidata": "Q391173",
        "wikimedia_commons": "Category:Endem TV Tower",
        "wikipedia": "tr:Endem Televizyon Kulesi",
        "@geometry": "center"
      },
      "geometry": {
        "type": "Point",
        "coordinates": [
          28.6205801,
          41.0264095
        ]
      },
      "id": "way/172372887"
    },
    {
      "type": "Feature",
      "properties": {
        "@id": "way/175516451",
        "addr:postcode": "34357",
        "building": "palace",
        "fee": "yes",
        "image": "https://photos.app.goo.gl/wgwmbJkCY4ytJERR8",
        "name": "Dolmabahçe Sarayı Selamlık Bölümü",
        "name:en": "Dolmabahce Palace",
        "name:es": "Palacio Dolmabahçe",
        "name:fa": "کاخ دلمه‌باغچه",
        "name:hi": "डोल्माबाषे महल",
        "name:ru": "дворец Долмабахче",
        "name:uk": "Долмабахче",
        "name:zh": "多玛巴赫切宫",
        "opening_hours": "Tu-We, Fr-Su 09:00-16:00",
        "operator": "Millî Saraylar Başkanlığı",
        "tourism": "museum",
        "website": "https://www.millisaraylar.gov.tr/Lokasyon/3/Dolmabahce-Palace",
        "@geometry": "center"
      },
      "geometry": {
        "type": "Point",
        "coordinates": [
          28.9995191,
          41.0387836
        ]
      },
      "id": "way/175516451"
    },
    {
      "type": "Feature",
      "properties": {
        "@id": "way/175517661",
        "amenity": "place_of_worship",
        "building": "mosque",
        "name": "Mahmut Paşa Camii",
        "name:ar": "جامع محمود باشا",
        "name:fa": "مسجد محمود پاشا",
        "name:hi": "महमूदपाशा मस्जिद",
        "name:ru": "Мечеть Махмуд-паши",
        "religion": "muslim",
        "tourism": "attraction",
        "wikidata": "Q6070291",
        "wikimedia_commons": "Category:Mahmut Pasha Mosque",
        "wikipedia": "tr:Mahmud Paşa Camii",
        "@geometry": "center"
      },
      "geometry": {
        "type": "Point",
        "coordinates": [
          28.9713768,
          41.0111863
        ]
      },
      "id": "way/175517661"
    },
    {
      "type": "Feature",
      "properties": {
        "@id": "way/175518494",
        "addr:city": "İstanbul",
        "addr:district": "Fatih",
        "addr:housenumber": "62",
        "addr:neighbourhood": "Rüstem Paşa Mahallesi",
        "addr:postcode": "34116",
        "addr:street": "Hasırcılar Caddesi",
        "amenity": "place_of_worship",
        "architect": "Mimar Sinan",
        "building": "mosque",
        "denomination": "anglican",
        "name": "Rüstem Paşa Camii",
        "name:ar": "جامع رستم باشا",
        "name:de": "Rüstem Pascha Moschee",
        "name:fa": "مسجد رستم پاشا",
        "name:ko": "뤼스템 파샤 모스크",
        "name:pl": "Meczet Rüstema Paszy",
        "name:ru": "Мечеть Рустема-паши Rustem Pasa Camii",
        "name:zh": "鲁斯坦·帕夏清真寺",
        "religion": "muslim",
        "tourism": "attraction",
        "wheelchair": "yes",
        "wikidata": "Q1137511",
        "wikimedia_commons": "Category:Rüstem Pasha Mosque",
        "wikipedia": "tr:Rüstem Paşa Camii",
        "@geometry": "center"
      },
      "geometry": {
        "type": "Point",
        "coordinates": [
          28.9687178,
          41.0176797
        ]
      },
      "id": "way/175518494"
    },
    {
      "type": "Feature",
      "properties": {
        "@id": "way/175518809",
        "addr:city": "İstanbul",
        "addr:district": "Beyoğlu",
        "addr:neighbourhood": "Arap Cami Mah.",
        "addr:postcode": "34421",
        "addr:street": "Galata Mahkemesi Sokağı",
        "amenity": "place_of_worship",
        "building": "mosque",
        "denomination": "sunni",
        "description": "First mosque of Istanbul İstanbulun İlk camisi",
        "name": "Arap Camii",
        "name:el": "Τέμενος Αράπ",
        "name:en": "Arap Mosque",
        "name:es": "Mezquita de Arap",
        "name:ru": "Арабская мечеть в Стамбуле",
        "old_name": "San Paolo Kilisesi",
        "religion": "muslim",
        "wikidata": "Q642478",
        "wikimedia_commons": "Category:Arap Mosque",
        "wikipedia": "tr:Arap Camii",
        "@geometry": "center"
      },
      "geometry": {
        "type": "Point",
        "coordinates": [
          28.9710662,
          41.0243422
        ]
      },
      "id": "way/175518809"
    },
    {
      "type": "Feature",
      "properties": {
        "@id": "way/175519383",
        "addr:city": "İstanbul",
        "addr:district": "Fatih",
        "alt_name": "Sveti Stefan Kilisesi",
        "amenity": "place_of_worship",
        "building": "church",
        "building:material": "cast_iron",
        "contact:phone": "+90 212 248 0921",
        "denomination": "bulgarian_orthodox",
        "name": "Sveti Stefan Bulgar Kilisesi",
        "name:ar": "كنيسة سيفتي ستيفان البلغارية",
        "name:bg": "Българска Църква „Свети Стефан“",
        "name:en": "Bulgarian Church of St. Stephen",
        "note:bg": "\"Желязната църква\"",
        "religion": "christian",
        "wikidata": "Q2094950",
        "wikimedia_commons": "Category:Saint_Stephen_Church,_Istanbul",
        "wikipedia": "en:Bulgarian St. Stephen Church",
        "@geometry": "center"
      },
      "geometry": {
        "type": "Point",
        "coordinates": [
          28.949686,
          41.0317775
        ]
      },
      "id": "way/175519383"
    },
    {
      "type": "Feature",
      "properties": {
        "@id": "way/175519814",
        "building": "yes",
        "historic": "tomb",
        "name": "Sokullu Mehmet Paşa Türbesi",
        "wikidata": "Q131391272",
        "@geometry": "center"
      },
      "geometry": {
        "type": "Point",
        "coordinates": [
          28.9342947,
          41.0472245
        ]
      },
      "id": "way/175519814"
    },
    {
      "type": "Feature",
      "properties": {
        "@id": "way/175519815",
        "building": "shrine",
        "height": "6 m",
        "historic": "tomb",
        "name": "Siyavuş Paşa Türbesi",
        "wikidata": "Q131391108",
        "@geometry": "center"
      },
      "geometry": {
        "type": "Point",
        "coordinates": [
          28.9343639,
          41.0475137
        ]
      },
      "id": "way/175519815"
    },
    {
      "type": "Feature",
      "properties": {
        "@id": "way/175520628",
        "addr:city": "İstanbul",
        "addr:district": "Fatih",
        "addr:street": "Kürkçü Çeşmesi Sok.",
        "amenity": "place_of_worship",
        "building": "yes",
        "name": "Ahrida Sinagogu",
        "name:ar": "معبد اخريضى سناجوج",
        "name:en": "Ahrida Synagogue",
        "name:he": "בית הכנסת קהל אוחריד",
        "name:ru": "Синагога Ахрида",
        "religion": "jewish",
        "wikidata": "Q3393562",
        "wikimedia_commons": "Category:Ahrida Synagogue",
        "wikipedia": "en:Ahrida Synagogue of Istanbul",
        "@geometry": "center"
      },
      "geometry": {
        "type": "Point",
        "coordinates": [
          28.9455186,
          41.0329117
        ]
      },
      "id": "way/175520628"
    },
    {
      "type": "Feature",
      "properties": {
        "@id": "way/175523076",
        "building": "palace",
        "fee": "yes",
        "image": "https://photos.app.goo.gl/d1wincrbcg2tjvsP6",
        "museum": "art",
        "name": "Milli Saraylar Resim Müzesi;Resim Müzesi",
        "name:en": "National Palaces Painting Museum;Painting Museum",
        "name:es": "Museo de Pinturas Nacionales de Palacio",
        "name:ru": "Музей живописи",
        "name:tr": "Resim Müzesi",
        "opening_hours": "Tu-Su 09:00-17:00",
        "operator": "Millî Saraylar Başkanlığı",
        "tourism": "museum",
        "website": "https://www.millisaraylar.gov.tr/Lokasyon/11/Painting-Museum",
        "wikidata": "Q20051041",
        "wikimedia_commons": "Category:Milli Saraylar Resim Müzesi",
        "wikipedia": "en:National Palaces Painting Museum",
        "@geometry": "center"
      },
      "geometry": {
        "type": "Point",
        "coordinates": [
          29.0027225,
          41.0396619
        ]
      },
      "id": "way/175523076"
    },
    {
      "type": "Feature",
      "properties": {
        "@id": "way/176212512",
        "addr:city": "İstanbul",
        "addr:district": "Bakırköy",
        "addr:neighbourhood": "Basınköy Mahallesi",
        "leisure": "park",
        "name": "Atatürk Ormanı",
        "name:en": "Atatürk Forest",
        "wikidata": "Q131412096",
        "wikimedia_commons": "Category:Florya Ataturk Urban Forest",
        "wikipedia": "tr:Florya Atatürk Kent Ormanı",
        "@geometry": "center"
      },
      "geometry": {
        "type": "Point",
        "coordinates": [
          28.7863408,
          40.9782448
        ]
      },
      "id": "way/176212512"
    },
    {
      "type": "Feature",
      "properties": {
        "@id": "way/177436492",
        "addr:neighbourhood": "Feneryolu Mahallesi",
        "addr:street": "Perçem Sokak",
        "leisure": "park",
        "name": "Özgürlük Parkı",
        "website": "https://www.geziyerler.com/goztepe-ozgurluk-parki",
        "wheelchair": "yes",
        "wikidata": "Q106333372",
        "wikimedia_commons": "Category:Özgürlük Park",
        "wikipedia": "tr:Özgürlük Parkı",
        "@geometry": "center"
      },
      "geometry": {
        "type": "Point",
        "coordinates": [
          29.0564448,
          40.97928
        ]
      },
      "id": "way/177436492"
    },
    {
      "type": "Feature",
      "properties": {
        "@id": "way/177970923",
        "historic": "archaeological_site",
        "name": "Bathonea Limanı Arkeolojik Alanı",
        "@geometry": "center"
      },
      "geometry": {
        "type": "Point",
        "coordinates": [
          28.7396419,
          41.0147592
        ]
      },
      "id": "way/177970923"
    },
    {
      "type": "Feature",
      "properties": {
        "@id": "way/177970924",
        "historic": "archaeological_site",
        "source": "bing",
        "@geometry": "center"
      },
      "geometry": {
        "type": "Point",
        "coordinates": [
          28.7298046,
          41.042413
        ]
      },
      "id": "way/177970924"
    },
    {
      "type": "Feature",
      "properties": {
        "@id": "way/177970926",
        "archaeological_site": "city",
        "historic": "archaeological_site",
        "historic:civilization": "ancient_roman",
        "name": "Bathonea Kayıp Şehrinin Kalıntıları",
        "name:en": "The ruins of the lost city of Bathonea",
        "source": "bing",
        "start_date": "C2 BC",
        "wikipedia": "en:Bathonea",
        "@geometry": "center"
      },
      "geometry": {
        "type": "Point",
        "coordinates": [
          28.7336187,
          41.0341765
        ]
      },
      "id": "way/177970926"
    },
    {
      "type": "Feature",
      "properties": {
        "@id": "way/179197257",
        "addr:city": "İstanbul",
        "addr:district": "Kadıköy",
        "addr:housenumber": "3",
        "addr:neighbourhood": "Osmanağa Mahallesi",
        "addr:postcode": "34714",
        "addr:street": "Mühürdar Caddesi",
        "alt_name:en": "Saint Euphemia Greek Orthodox Church",
        "amenity": "place_of_worship",
        "barrier": "wall",
        "denomination": "greek_orthodox",
        "name": "Aya Efimia Rum Ortodoks Kilisesi",
        "name:ar": "كنيسة أية افيميا للروم الارثودكس",
        "name:el": "Αγία Ευφημία",
        "name:en": "Agia Efimia Greek Orthodox Church",
        "religion": "christian",
        "wikidata": "Q25404984",
        "wikimedia_commons": "Category:Saint Euphemia Greek Orthodox Church in Kadıköy",
        "@geometry": "center"
      },
      "geometry": {
        "type": "Point",
        "coordinates": [
          29.0251293,
          40.9907671
        ]
      },
      "id": "way/179197257"
    },
    {
      "type": "Feature",
      "properties": {
        "@id": "way/183279512",
        "alt_name": "İsmail Zühtü Paşa Camii",
        "amenity": "place_of_worship",
        "building": "mosque",
        "denomination": "sunni",
        "name": "Altunizade Camii",
        "name:en": "Altunizade Mosque",
        "religion": "muslim",
        "wikidata": "Q6051512",
        "wikimedia_commons": "Category:Altunizade Mosque",
        "wikipedia": "en:Altunizade Mosque",
        "@geometry": "center"
      },
      "geometry": {
        "type": "Point",
        "coordinates": [
          29.0454741,
          41.0205594
        ]
      },
      "id": "way/183279512"
    },
    {
      "type": "Feature",
      "properties": {
        "@id": "way/198768798",
        "amenity": "place_of_worship",
        "building": "mosque",
        "name": "Bodrum Camii",
        "name:de": "Myrelaion",
        "name:el": "Μυρελαίου",
        "name:en": "Myrelaion (Bodrum Mosque)",
        "old_name": "Myrelaion",
        "religion": "muslim",
        "wikidata": "Q2305473",
        "wikimedia_commons": "Category:Bodrum Mosque",
        "wikipedia": "tr:Bodrum Camii",
        "@geometry": "center"
      },
      "geometry": {
        "type": "Point",
        "coordinates": [
          28.9557072,
          41.0084978
        ]
      },
      "id": "way/198768798"
    },
    {
      "type": "Feature",
      "properties": {
        "@id": "way/200222089",
        "addr:city": "İstanbul",
        "addr:district": "Kadıköy",
        "amenity": "place_of_worship",
        "building": "mosque",
        "name": "Haydarpaşa Protokol Camii",
        "religion": "muslim",
        "wikidata": "Q110658521",
        "wikimedia_commons": "Category:Haydarpaşa Protokol Mosque",
        "@geometry": "center"
      },
      "geometry": {
        "type": "Point",
        "coordinates": [
          29.0232284,
          40.9967491
        ]
      },
      "id": "way/200222089"
    },
    {
      "type": "Feature",
      "properties": {
        "@id": "way/201141056",
        "amenity": "place_of_worship",
        "building": "mosque",
        "name": "Kızılminare Cami",
        "religion": "muslim",
        "wikidata": "Q6046023",
        "wikipedia": "tr:Kızıl Minare Camii",
        "@geometry": "center"
      },
      "geometry": {
        "type": "Point",
        "coordinates": [
          28.9506357,
          41.0124098
        ]
      },
      "id": "way/201141056"
    },
    {
      "type": "Feature",
      "properties": {
        "@id": "way/203119824",
        "amenity": "place_of_worship",
        "building": "mosque",
        "image": "https://photos.app.goo.gl/rqdXmqh9YTSHugjP6",
        "name": "Cihangir Camii",
        "religion": "muslim",
        "wikidata": "Q6071980",
        "wikimedia_commons": "Category:Şehzade Cihangir Mosque",
        "wikipedia": "tr:Cihangir Camii",
        "@geometry": "center"
      },
      "geometry": {
        "type": "Point",
        "coordinates": [
          28.9871476,
          41.0301209
        ]
      },
      "id": "way/203119824"
    },
    {
      "type": "Feature",
      "properties": {
        "@id": "way/203281636",
        "amenity": "place_of_worship",
        "building": "yes",
        "denomination": "palestinian_orthodox",
        "name": "Metroloji Filistin Ortodoks Kilisesi",
        "name:ar": "كنيسة ميترولوجي",
        "religion": "christian",
        "wikidata": "Q112246368",
        "wikimedia_commons": "Category:Metroloji Church",
        "wikipedia": "tr:Metroloji Kilisesi",
        "@geometry": "center"
      },
      "geometry": {
        "type": "Point",
        "coordinates": [
          28.9494187,
          41.0306793
        ]
      },
      "id": "way/203281636"
    },
    {
      "type": "Feature",
      "properties": {
        "@id": "way/206855035",
        "addr:city": "İstanbul",
        "addr:district": "Beyoğlu",
        "addr:housenumber": "11/1",
        "addr:street": "Meşelik Sokağı",
        "amenity": "place_of_worship",
        "building": "yes",
        "check_date": "2026-07-24",
        "denomination": "greek_orthodox",
        "name": "Aya Triada Rum Ortodoks Kilisesi",
        "name:de": "Dreifaltigkeitskirche (Hagia Triada)",
        "name:el": "Αγία Τριάδα Ταξείμ",
        "name:en": "Hagia Triada Greek Orthodox Church",
        "name:ro": "Biserica Ortodoxă Greacă „Sfânta Treime” Istanbul",
        "name:tr": "Aya Triada Rum Ortodoks Kilisesi",
        "religion": "christian",
        "start_date": "1880",
        "wikidata": "Q5638730",
        "wikimedia_commons": "Category:Hagia Triada Greek Orthodox Church, Beyoğlu",
        "wikipedia": "tr:Aya Triada Rum Ortodoks Kilisesi (Beyoğlu)",
        "@geometry": "center"
      },
      "geometry": {
        "type": "Point",
        "coordinates": [
          28.9842226,
          41.0355799
        ]
      },
      "id": "way/206855035"
    },
    {
      "type": "Feature",
      "properties": {
        "@id": "way/219002350",
        "alt_name": "Kurşunlu Han",
        "building": "yes",
        "description": "16.YY Osmanlı İmparatorluğu dönemi konaklama yeri. 1566'da Kanuni Sultan Süleyman tarafından Mimar Sinan'a yaptırılmıştır. Yapıldığında çatının tamamı kurşun olduğundan \"Kurşunlu Han\" olarak da bilinir. Kültürel ve sanatsal etkinliklerde kullanılır.",
        "museum": "history",
        "name": "Buyukcekmece Kervansaray",
        "opening_hours": "sunrise-sunset",
        "tourism": "museum",
        "@geometry": "center"
      },
      "geometry": {
        "type": "Point",
        "coordinates": [
          28.5758757,
          41.0218871
        ]
      },
      "id": "way/219002350"
    },
    {
      "type": "Feature",
      "properties": {
        "@id": "way/225610522",
        "amenity": "place_of_worship",
        "building": "mosque",
        "denomination": "sunni",
        "name": "Beyazid-i Cedid Camii",
        "religion": "muslim",
        "wikidata": "Q115847840",
        "wikimedia_commons": "Category:Bayezid-i Cedid Mosque",
        "@geometry": "center"
      },
      "geometry": {
        "type": "Point",
        "coordinates": [
          28.9794171,
          41.0257484
        ]
      },
      "id": "way/225610522"
    },
    {
      "type": "Feature",
      "properties": {
        "@id": "way/225610547",
        "amenity": "place_of_worship",
        "building": "mosque",
        "name": "Karabaş Mustafa Ağa Camii",
        "religion": "muslim",
        "wheelchair": "no",
        "wikidata": "Q25472930",
        "wikimedia_commons": "Category:Karabaş Mustafa Ağa Mosque",
        "wikipedia": "tr:Karabaş Mustafa Ağa Camii",
        "@geometry": "center"
      },
      "geometry": {
        "type": "Point",
        "coordinates": [
          28.9802904,
          41.0272724
        ]
      },
      "id": "way/225610547"
    },
    {
      "type": "Feature",
      "properties": {
        "@id": "way/225722455",
        "amenity": "place_of_worship",
        "building": "yes",
        "name": "Fatma Hatun Camii",
        "religion": "muslim",
        "wikidata": "Q127418242",
        "wikimedia_commons": "Category:Fatma Hatun Mosque (Beyoğlu)",
        "@geometry": "center"
      },
      "geometry": {
        "type": "Point",
        "coordinates": [
          28.9920142,
          41.0363394
        ]
      },
      "id": "way/225722455"
    },
    {
      "type": "Feature",
      "properties": {
        "@id": "way/225989341",
        "addr:city": "İstanbul",
        "amenity": "place_of_worship",
        "building": "mosque",
        "denomination": "sunni",
        "name": "Yeraltı Camii",
        "religion": "muslim",
        "wikidata": "Q12885210",
        "wikimedia_commons": "Category:Yeraltı Camii",
        "wikipedia": "tr:Yeraltı Camii",
        "@geometry": "center"
      },
      "geometry": {
        "type": "Point",
        "coordinates": [
          28.9766585,
          41.0223638
        ]
      },
      "id": "way/225989341"
    },
    {
      "type": "Feature",
      "properties": {
        "@id": "way/226078966",
        "addr:city": "İstanbul",
        "amenity": "place_of_worship",
        "building": "mosque",
        "name": "Eyyuhumahmet Cami",
        "religion": "muslim",
        "wikidata": "Q127418238",
        "@geometry": "center"
      },
      "geometry": {
        "type": "Point",
        "coordinates": [
          28.9725627,
          41.0382028
        ]
      },
      "id": "way/226078966"
    },
    {
      "type": "Feature",
      "properties": {
        "@id": "way/227308545",
        "building": "yes",
        "tourism": "museum",
        "@geometry": "center"
      },
      "geometry": {
        "type": "Point",
        "coordinates": [
          28.9493406,
          41.0415744
        ]
      },
      "id": "way/227308545"
    },
    {
      "type": "Feature",
      "properties": {
        "@id": "way/227308549",
        "building": "yes",
        "tourism": "museum",
        "@geometry": "center"
      },
      "geometry": {
        "type": "Point",
        "coordinates": [
          28.9489474,
          41.0420387
        ]
      },
      "id": "way/227308549"
    },
    {
      "type": "Feature",
      "properties": {
        "@id": "way/227308554",
        "amenity": "place_of_worship",
        "building": "industrial",
        "military": "shelter",
        "name": "Çorlulu Ali Paşa Camii",
        "religion": "muslim",
        "source": "DigitalGlobal Premium Image 10-11-17",
        "wikidata": "Q127418203",
        "@geometry": "center"
      },
      "geometry": {
        "type": "Point",
        "coordinates": [
          28.9599911,
          41.0341738
        ]
      },
      "id": "way/227308554"
    },
    {
      "type": "Feature",
      "properties": {
        "@id": "way/227308558",
        "building": "yes",
        "tourism": "museum",
        "@geometry": "center"
      },
      "geometry": {
        "type": "Point",
        "coordinates": [
          28.9484994,
          41.0421917
        ]
      },
      "id": "way/227308558"
    },
    {
      "type": "Feature",
      "properties": {
        "@id": "way/228042035",
        "addr:city": "İstanbul",
        "addr:district": "Zeytinburnu",
        "leisure": "park",
        "name": "Topkapı Şehir Parkı",
        "name:ar": "حديقة توبكابي",
        "name:en": "Topkapi Park",
        "opening_hours": "24/7",
        "wikidata": "Q6100374",
        "wikimedia_commons": "Category:Topkapı Park",
        "wikipedia": "tr:Topkapı Parkı",
        "@geometry": "center"
      },
      "geometry": {
        "type": "Point",
        "coordinates": [
          28.9214117,
          41.0193245
        ]
      },
      "id": "way/228042035"
    },
    {
      "type": "Feature",
      "properties": {
        "@id": "way/230152867",
        "building": "yes",
        "name": "Adnan Menderes Müzesi",
        "tourism": "museum",
        "@geometry": "center"
      },
      "geometry": {
        "type": "Point",
        "coordinates": [
          28.9943118,
          40.8640523
        ]
      },
      "id": "way/230152867"
    },
    {
      "type": "Feature",
      "properties": {
        "@id": "way/230152881",
        "building": "yes",
        "name": "27 Mayıs Müzesi",
        "tourism": "museum",
        "@geometry": "center"
      },
      "geometry": {
        "type": "Point",
        "coordinates": [
          28.9947982,
          40.8655541
        ]
      },
      "id": "way/230152881"
    },
    {
      "type": "Feature",
      "properties": {
        "@id": "way/230687140",
        "addr:city": "İstanbul",
        "addr:district": "Beykoz",
        "addr:neighbourhood": "Göksü Mahallesi",
        "addr:postcode": "34810",
        "addr:street": "Küçüksu Caddesi",
        "alt_name": "Küçüksu Palace",
        "building": "yes",
        "museum": "history",
        "name": "Küçüksu Kasrı",
        "name:en": "Kucuksu Pavilion",
        "name:ru": "Кючюксу Касры (дворец маленькой воды)",
        "opening_hours": "Tu-Su 09:00-17:00",
        "operator": "Milli Saraylar",
        "tourism": "museum",
        "website": "https://www.millisaraylar.gov.tr/Lokasyon/6/kucuksu-kasri",
        "wikidata": "Q1755906",
        "wikimedia_commons": "Category:Küçüksu Palace",
        "wikipedia": "tr:Küçüksu Kasrı",
        "@geometry": "center"
      },
      "geometry": {
        "type": "Point",
        "coordinates": [
          29.0648848,
          41.0784115
        ]
      },
      "id": "way/230687140"
    },
    {
      "type": "Feature",
      "properties": {
        "@id": "way/234411332",
        "addr:city": "İstanbul",
        "addr:district": "Fatih",
        "amenity": "place_of_worship",
        "building": "mosque",
        "name": "Canfeda Hatun Camii",
        "name:ar": "جامع جان فيدا هاتون",
        "religion": "muslim",
        "wikidata": "Q127418175",
        "wikimedia_commons": "Category:Canfeda Hatun Mosque",
        "wikipedia": "tr:Canfeda Hatun Camii (Fatih)",
        "@geometry": "center"
      },
      "geometry": {
        "type": "Point",
        "coordinates": [
          28.9411909,
          41.0263977
        ]
      },
      "id": "way/234411332"
    },
    {
      "type": "Feature",
      "properties": {
        "@id": "way/235253300",
        "addr:city": "İstanbul",
        "addr:country": "TR",
        "addr:district": "Kadıköy",
        "addr:neighbourhood": "Caferağa Mahallesi",
        "addr:postcode": "34710",
        "amenity": "place_of_worship",
        "barrier": "wall",
        "denomination": "greek_orthodox",
        "leisure": "garden",
        "name": "Aya Triada Rum Ortodoks Kilisesi",
        "name:el": "Ιερός Ναός Αγίας Τριάδος",
        "name:en": "Hagia Triada Greek Orthodox Church",
        "name:fr": "Église de la Sainte-Trinité",
        "name:ru": "церковь Святой Троицы греч.прав..",
        "religion": "christian",
        "wikidata": "Q25474792",
        "wikimedia_commons": "Category:Hagia Triada Greek Orthodox Church, Kadıköy",
        "wikipedia": "tr:Kadıköy Aya Triada Rum Ortodoks Kilisesi",
        "@geometry": "center"
      },
      "geometry": {
        "type": "Point",
        "coordinates": [
          29.0275052,
          40.9861873
        ]
      },
      "id": "way/235253300"
    },
    {
      "type": "Feature",
      "properties": {
        "@id": "way/235253304",
        "addr:city": "İstanbul",
        "addr:district": "Kadıköy",
        "addr:neighbourhood": "Caferaga Mahallesi",
        "addr:postcode": "34710",
        "amenity": "place_of_worship",
        "barrier": "wall",
        "denomination": "catholic",
        "name": "Notre-Dame De L'Assomption",
        "name:en": "Church of the Assumption",
        "name:fr": "Notre-Dame de l'Assomption",
        "name:tr": "Fransız Katolik Kilisesi",
        "religion": "christian",
        "wikidata": "Q31188348",
        "wikimedia_commons": "File:Notre Dame de l'Assomption Istanbul 05 08 2016.jpg",
        "wikipedia": "tr:Kadıköy Fransız Katolik Kilisesi",
        "@geometry": "center"
      },
      "geometry": {
        "type": "Point",
        "coordinates": [
          29.0252306,
          40.9841193
        ]
      },
      "id": "way/235253304"
    },
    {
      "type": "Feature",
      "properties": {
        "@id": "way/235271665",
        "addr:housenumber": "8",
        "addr:postcode": "34710",
        "addr:street": "Yusuf Kamil Paşa Sokağı",
        "alt_name": "İstanbul Presbiteryen Kilisesi",
        "alt_name:en": "Istanbul Presbyterian Church",
        "amenity": "place_of_worship",
        "building": "yes",
        "denomination": "presbyterian",
        "name": "All Saints Moda İngiliz Kilisesi",
        "name:en": "All Saints Moda English Church",
        "religion": "christian",
        "website": "https://www.allsaintsmoda.net/",
        "wikidata": "Q20476315",
        "wikimedia_commons": "File:Allsaintsmoda front 05 08 2016.JPG",
        "wikipedia": "tr:All Saints Moda Kilisesi",
        "@geometry": "center"
      },
      "geometry": {
        "type": "Point",
        "coordinates": [
          29.0252207,
          40.9820866
        ]
      },
      "id": "way/235271665"
    },
    {
      "type": "Feature",
      "properties": {
        "@id": "way/235271667",
        "addr:city": "İstanbul",
        "addr:district": "Kadıköy",
        "addr:housenumber": "5",
        "addr:neighbourhood": "Caferağa",
        "addr:postcode": "34710",
        "addr:street": "Yusuf Kamil Paşa Sokağı",
        "alt_name": "Whittall Mansion",
        "building": "yes",
        "description": "House of a Turkish - International rock music legend tuned into an exhibit about his life and his work after his death",
        "fee": "yes",
        "museum": "person",
        "name": "Barış Manço Evi",
        "opening_hours": "Tu-Su 09:00-16:00",
        "phone": "+902163379413",
        "tourism": "museum",
        "website": "https://barismanco.kadikoy.bel.tr/",
        "wikimedia_commons": "Category:Barış Manço Museum",
        "wikipedia": "en:Whittall Mansion, Moda",
        "@geometry": "center"
      },
      "geometry": {
        "type": "Point",
        "coordinates": [
          29.0249322,
          40.9817446
        ]
      },
      "id": "way/235271667"
    },
    {
      "type": "Feature",
      "properties": {
        "@id": "way/235392135",
        "addr:city": "İstanbul",
        "addr:district": "Kadıköy",
        "addr:neighbourhood": "Fenerbahçe Mahallesi",
        "addr:postcode": "34726",
        "barrier": "fence",
        "leisure": "park",
        "name": "Fenerbahçe Parkı",
        "website": "https://www.geziyerler.com/fenerbahce-parki",
        "wikidata": "Q6035259",
        "wikimedia_commons": "Category:Fenerbahçe Park",
        "wikipedia": "tr:Fenerbahçe Parkı",
        "@geometry": "center"
      },
      "geometry": {
        "type": "Point",
        "coordinates": [
          29.0345506,
          40.9678065
        ]
      },
      "id": "way/235392135"
    },
    {
      "type": "Feature",
      "properties": {
        "@id": "way/235392139",
        "addr:city": "İstanbul",
        "addr:district": "Kadıköy",
        "addr:neighbourhood": "Caddebostan Mahallesi",
        "addr:postcode": "34728",
        "building": "yes",
        "historic": "building",
        "name": "Ragıp Paşa Köşkü",
        "note": "https://eksisozluk.com/ragip-pasa-kosku--1034960",
        "wikidata": "Q111327320",
        "wikimedia_commons": "Category:Ragıp Pasha Mansion",
        "wikipedia": "en:Ragıp Pasha Mansion",
        "@geometry": "center"
      },
      "geometry": {
        "type": "Point",
        "coordinates": [
          29.0620938,
          40.963104
        ]
      },
      "id": "way/235392139"
    },
    {
      "type": "Feature",
      "properties": {
        "@id": "way/235398424",
        "amenity": "place_of_worship",
        "building": "mosque",
        "denomination": "sunni",
        "name": "Galip Paşa Cami",
        "religion": "muslim",
        "source": "bing",
        "wikidata": "Q6025368",
        "wikimedia_commons": "Category:Galip Paşa Mosque",
        "wikipedia": "tr:Galip Paşa Camii",
        "@geometry": "center"
      },
      "geometry": {
        "type": "Point",
        "coordinates": [
          29.0695346,
          40.9659386
        ]
      },
      "id": "way/235398424"
    },
    {
      "type": "Feature",
      "properties": {
        "@id": "way/235463553",
        "amenity": "place_of_worship",
        "building": "yes",
        "name": "Fenerbahçe Camii",
        "religion": "muslim",
        "source": "Yahoo",
        "wikidata": "Q106063151",
        "wikimedia_commons": "Category:Fenerbahçe Mosque",
        "wikipedia": "tr:Fenerbahçe Camii",
        "@geometry": "center"
      },
      "geometry": {
        "type": "Point",
        "coordinates": [
          29.0403849,
          40.9725165
        ]
      },
      "id": "way/235463553"
    },
    {
      "type": "Feature",
      "properties": {
        "@id": "way/235463557",
        "addr:city": "İstanbul",
        "addr:district": "Kadıköy",
        "addr:housenumber": "35/1",
        "addr:neighbourhood": "Zühtüpaşa Mahallesi",
        "addr:postcode": "34724",
        "addr:street": "Bağdat Caddesi",
        "alt_name": "Zühtü Paşa Camii",
        "amenity": "place_of_worship",
        "building": "mosque",
        "denomination": "sunni",
        "name": "Zühtüpaşa Camii",
        "name:en": "Zühtüpaşa Mosque",
        "name:fr": "Mosquée de Zühtü Pacha",
        "name:tr": "Zühtüpaşa Camii",
        "religion": "muslim",
        "wikidata": "Q6019534",
        "wikimedia_commons": "Category:Zühtüpaşa Mosque",
        "wikipedia": "tr:Zühtüpaşa Camii",
        "@geometry": "center"
      },
      "geometry": {
        "type": "Point",
        "coordinates": [
          29.04004,
          40.9841404
        ]
      },
      "id": "way/235463557"
    },
    {
      "type": "Feature",
      "properties": {
        "@id": "way/235498055",
        "addr:city": "İstanbul",
        "addr:neighbourhood": "Heybeliada",
        "amenity": "place_of_worship",
        "denomination": "orthodox",
        "name": "Aya Triada Manastırı",
        "name:el": "Μονή Αγίας Τριάδας Χάλκης",
        "name:en": "Holy Trinity Monastery of Halki",
        "religion": "christian",
        "wikidata": "Q12881158",
        "wikipedia": "el:Μονή Αγίας Τριάδας Χάλκης",
        "@geometry": "center"
      },
      "geometry": {
        "type": "Point",
        "coordinates": [
          29.0948687,
          40.8821289
        ]
      },
      "id": "way/235498055"
    },
    {
      "type": "Feature",
      "properties": {
        "@id": "way/235498056",
        "addr:city": "İstanbul",
        "addr:district": "Kadıköy",
        "addr:housenumber": "44/1",
        "addr:neighbourhood": "Caferağa Mahallesi",
        "addr:postcode": "34710",
        "addr:street": "Muvakkıthane Caddesi",
        "amenity": "place_of_worship",
        "barrier": "wall",
        "denomination": "orthodox",
        "name": "Surp Takavor Ermeni Kilisesi",
        "name:en": "Surp Takavor Armenian Church",
        "name:hy": "Սուրբ Թագաւոր Եկեղեցի",
        "religion": "christian",
        "website": "http://www.turkiyeermenileripatrikligi.org/site/surp-takavor-ermeni-kilisesi-3-bolge-bogazin-anadolu-yakasi/",
        "wikidata": "Q20471319",
        "wikimedia_commons": "Category:Surp Takavor Church",
        "wikipedia": "tr:Surp Takavor Kilisesi",
        "@geometry": "center"
      },
      "geometry": {
        "type": "Point",
        "coordinates": [
          29.024422,
          40.989869
        ]
      },
      "id": "way/235498056"
    },
    {
      "type": "Feature",
      "properties": {
        "@id": "way/235498058",
        "addr:city": "İstanbul",
        "addr:district": "Adalar",
        "addr:neighbourhood": "Heybeliada",
        "addr:postcode": "34973",
        "addr:street": "Ümit Sokak",
        "amenity": "place_of_worship",
        "building": "mosque",
        "denomination": "sunni",
        "name": "Heybeliada Camii",
        "religion": "muslim",
        "wikidata": "Q127418297",
        "@geometry": "center"
      },
      "geometry": {
        "type": "Point",
        "coordinates": [
          29.095285,
          40.8785219
        ]
      },
      "id": "way/235498058"
    },
    {
      "type": "Feature",
      "properties": {
        "@id": "way/236364674",
        "addr:city": "İstanbul",
        "addr:district": "Kadıköy",
        "addr:neighbourhood": "Caddebostan Mahallesi",
        "addr:postcode": "34728",
        "building": "yes",
        "historic": "building",
        "name": "Tevhide Hanım Köşkü",
        "wikidata": "Q132081444",
        "@geometry": "center"
      },
      "geometry": {
        "type": "Point",
        "coordinates": [
          29.0595586,
          40.963655
        ]
      },
      "id": "way/236364674"
    },
    {
      "type": "Feature",
      "properties": {
        "@id": "way/236504054",
        "addr:city": "İstanbul",
        "addr:district": "Kadıköy",
        "addr:housenumber": "8",
        "addr:neighbourhood": "Caferağa Mahallesi",
        "addr:postcode": "34710",
        "addr:street": "Moda Caddesi",
        "alt_name": "Caferağa Camii",
        "amenity": "place_of_worship",
        "building": "mosque",
        "name": "Cafer Ağa Camii",
        "name:en": "Cafer Ağa Mosque",
        "religion": "muslim",
        "wikidata": "Q6024151",
        "wikimedia_commons": "Category:Cafer Ağa Mosque",
        "wikipedia": "tr:Caferağa Camii",
        "@geometry": "center"
      },
      "geometry": {
        "type": "Point",
        "coordinates": [
          29.0247012,
          40.9893534
        ]
      },
      "id": "way/236504054"
    },
    {
      "type": "Feature",
      "properties": {
        "@id": "way/236509904",
        "historic": "memorial",
        "memorial": "statue",
        "name": "Atatürk Anıtı",
        "name:en": "Atatürk Monument",
        "wikidata": "Q134728527",
        "wikimedia_commons": "Category:Statue of Atatürk in Kadıköy",
        "@geometry": "center"
      },
      "geometry": {
        "type": "Point",
        "coordinates": [
          29.0226636,
          40.9915809
        ]
      },
      "id": "way/236509904"
    },
    {
      "type": "Feature",
      "properties": {
        "@id": "way/236642397",
        "alt_name": "Surp Levon Ermeni Katolik Kilisesi",
        "amenity": "place_of_worship",
        "barrier": "wall",
        "denomination": "catholic",
        "name": "Surp Levon",
        "name:en": "Saint Leon",
        "name:hy": "Սուրբ Լեւոն եկեղեցի",
        "name:tr": "Surp Leon",
        "note": "Armenian Catholic Church",
        "religion": "christian",
        "wheelchair": "no",
        "wikidata": "Q25474039",
        "wikimedia_commons": "Category:Surp Levon Ermeni Katolik Kilisesi",
        "wikipedia": "tr:Surp Levon Kilisesi",
        "@geometry": "center"
      },
      "geometry": {
        "type": "Point",
        "coordinates": [
          29.0294868,
          40.9897496
        ]
      },
      "id": "way/236642397"
    },
    {
      "type": "Feature",
      "properties": {
        "@id": "way/236813403",
        "amenity": "place_of_worship",
        "building": "yes",
        "denomination": "protestant",
        "name": "Anadolu Protestan Kilisesi",
        "name:en": "Anatolia Protestant Church",
        "religion": "christian",
        "wikidata": "Q131526882",
        "@geometry": "center"
      },
      "geometry": {
        "type": "Point",
        "coordinates": [
          29.0229729,
          40.9889142
        ]
      },
      "id": "way/236813403"
    },
    {
      "type": "Feature",
      "properties": {
        "@id": "way/237058773",
        "amenity": "place_of_worship",
        "building": "mosque",
        "check_date": "2024-11-01",
        "denomination": "sunni",
        "name": "Moda Camii",
        "religion": "muslim",
        "source": "bing",
        "wikidata": "Q6021072",
        "wikipedia": "tr:Moda Camii",
        "@geometry": "center"
      },
      "geometry": {
        "type": "Point",
        "coordinates": [
          29.0256277,
          40.9826286
        ]
      },
      "id": "way/237058773"
    },
    {
      "type": "Feature",
      "properties": {
        "@id": "way/237058776",
        "addr:city": "İstanbul",
        "addr:district": "Kadıköy",
        "addr:neighbourhood": "Rasimpaşa Mahallesi",
        "addr:postcode": "34716",
        "addr:street": "Söğütlüçeşme Caddesi",
        "amenity": "place_of_worship",
        "building": "mosque",
        "check_date": "2025-08-14",
        "denomination": "sunni",
        "name": "Söğütlüçeşme Camii",
        "name:en": "Söğütlüçeşme Mosque",
        "religion": "muslim",
        "wikidata": "Q6064751",
        "wikimedia_commons": "Category:Söğütlüçeşme Mosque",
        "wikipedia": "tr:Söğütlüçeşme Camii",
        "@geometry": "center"
      },
      "geometry": {
        "type": "Point",
        "coordinates": [
          29.0332843,
          40.9922771
        ]
      },
      "id": "way/237058776"
    },
    {
      "type": "Feature",
      "properties": {
        "@id": "way/237176264",
        "addr:city": "İstanbul",
        "amenity": "place_of_worship",
        "building": "mosque",
        "name": "Tüccar Başı Böcekli Cami",
        "religion": "muslim",
        "wikidata": "Q127418594",
        "wikimedia_commons": "Category:Böcekli Mosque",
        "wikipedia": "en:Böcekli Mosque",
        "@geometry": "center"
      },
      "geometry": {
        "type": "Point",
        "coordinates": [
          29.0844346,
          40.9784626
        ]
      },
      "id": "way/237176264"
    },
    {
      "type": "Feature",
      "properties": {
        "@id": "way/237615662",
        "archaeological_site": "city",
        "historic": "archaeological_site",
        "name": "Khalkedon Antik Şehri",
        "name:en": "Ancient City of Chalcedon",
        "@geometry": "center"
      },
      "geometry": {
        "type": "Point",
        "coordinates": [
          29.0328605,
          41.0018196
        ]
      },
      "id": "way/237615662"
    },
    {
      "type": "Feature",
      "properties": {
        "@id": "way/237684224",
        "amenity": "place_of_worship",
        "building": "mosque",
        "name": "Büyük Selimiye Camii",
        "name:en": "Selimiye Mosque",
        "name:fr": "Grande Mosquée Selimiye",
        "name:tr": "Büyük Selimiye Camii",
        "name:zh": "大塞利米耶清真寺",
        "religion": "muslim",
        "source": "Yahoo",
        "wikidata": "Q16825097",
        "wikimedia_commons": "Category:Büyük Selimiye Mosque",
        "wikipedia": "en:Selimiye Mosque, Üsküdar",
        "@geometry": "center"
      },
      "geometry": {
        "type": "Point",
        "coordinates": [
          29.0163382,
          41.0096611
        ]
      },
      "id": "way/237684224"
    },
    {
      "type": "Feature",
      "properties": {
        "@id": "way/237833975",
        "amenity": "place_of_worship",
        "building": "mosque",
        "name": "Salacak Fatih Camii",
        "religion": "muslim",
        "wikidata": "Q20476395",
        "wikimedia_commons": "Category:Salacak Fatih Mosque",
        "wikipedia": "tr:Salacak Fatih Camii",
        "@geometry": "center"
      },
      "geometry": {
        "type": "Point",
        "coordinates": [
          29.0079586,
          41.0209751
        ]
      },
      "id": "way/237833975"
    },
    {
      "type": "Feature",
      "properties": {
        "@id": "way/237833983",
        "addr:city": "İstanbul",
        "addr:district": "Üsküdar",
        "addr:neighbourhood": "Mimar Sinan Mahallesi",
        "addr:postcode": "34672",
        "alt_name": "Kuşkonmaz Camii",
        "amenity": "place_of_worship",
        "building": "mosque",
        "name": "Şemsi Paşa Camii",
        "name:ar": "جامع شمسي باشا",
        "name:en": "The Şemsi Pasha Mosque",
        "name:ru": "Мечеть Шемси Ахмеда-паши",
        "name:ur": "شمسی پاشا مسجد",
        "name:zh": "谢姆西帕夏清真寺",
        "religion": "muslim",
        "wikidata": "Q1572431",
        "wikimedia_commons": "Category:Şemsi Pasha Mosque",
        "wikipedia": "en:Şemsi Pasha Mosque",
        "@geometry": "center"
      },
      "geometry": {
        "type": "Point",
        "coordinates": [
          29.0113617,
          41.0259418
        ]
      },
      "id": "way/237833983"
    },
    {
      "type": "Feature",
      "properties": {
        "@id": "way/237868338",
        "amenity": "place_of_worship",
        "building": "mosque",
        "name": "Bulgurlu Mescit Camii",
        "religion": "muslim",
        "wikidata": "Q112324470",
        "wikimedia_commons": "Category:Bulgurlu Mescit Mosque",
        "@geometry": "center"
      },
      "geometry": {
        "type": "Point",
        "coordinates": [
          29.0178286,
          41.0217656
        ]
      },
      "id": "way/237868338"
    },
    {
      "type": "Feature",
      "properties": {
        "@id": "way/237868341",
        "amenity": "place_of_worship",
        "building": "mosque",
        "name": "Küçük Ihsaniye Camii",
        "religion": "muslim",
        "wikidata": "Q127418395",
        "wikimedia_commons": "Category:Küçük İhsaniye Mosque",
        "@geometry": "center"
      },
      "geometry": {
        "type": "Point",
        "coordinates": [
          29.0119502,
          41.0151877
        ]
      },
      "id": "way/237868341"
    },
    {
      "type": "Feature",
      "properties": {
        "@id": "way/237868344",
        "amenity": "place_of_worship",
        "building": "mosque",
        "denomination": "sunni",
        "name": "Şehit Süleyman Paşa Camii",
        "religion": "muslim",
        "wikidata": "Q127418550",
        "@geometry": "center"
      },
      "geometry": {
        "type": "Point",
        "coordinates": [
          29.0142179,
          41.0197414
        ]
      },
      "id": "way/237868344"
    },
    {
      "type": "Feature",
      "properties": {
        "@id": "way/237883706",
        "amenity": "place_of_worship",
        "building": "mosque",
        "building:height": "8",
        "colour": "#FFFF99",
        "height": "8.11",
        "name": "Karacaahmet (Fehti Ahmet Paşa) Camii",
        "religion": "muslim",
        "roof:colour": "red",
        "roof:height": "2,40",
        "roof:shape": "hipped",
        "wikidata": "Q127418245",
        "wikimedia_commons": "Category:Karacaahmet Mosque",
        "@geometry": "center"
      },
      "geometry": {
        "type": "Point",
        "coordinates": [
          29.0198663,
          41.0130204
        ]
      },
      "id": "way/237883706"
    },
    {
      "type": "Feature",
      "properties": {
        "@id": "way/238027309",
        "amenity": "place_of_worship",
        "name": "Çinili Cami",
        "name:en": "Çinili Mosque",
        "religion": "muslim",
        "website": "https://www.uskudar.bel.tr/tr-tr/hizmet/rehber/Sayfalar/Rehber-Detay-Icerik.aspx",
        "wikidata": "Q18515442",
        "wikimedia_commons": "Category:Çinili Mosque",
        "wikipedia": "tr:Çinili Camii",
        "@geometry": "center"
      },
      "geometry": {
        "type": "Point",
        "coordinates": [
          29.0292462,
          41.0198964
        ]
      },
      "id": "way/238027309"
    },
    {
      "type": "Feature",
      "properties": {
        "@id": "way/238242162",
        "addr:city": "İstanbul",
        "addr:district": "Fatih",
        "addr:street": "Şebnem Sokak",
        "amenity": "place_of_worship",
        "building": "mosque",
        "denomination": "sunni",
        "name": "Yarhisar Camii",
        "name:ar": "جامع يارهيسار",
        "religion": "muslim",
        "wikidata": "Q127418622",
        "@geometry": "center"
      },
      "geometry": {
        "type": "Point",
        "coordinates": [
          28.9525155,
          41.0223611
        ]
      },
      "id": "way/238242162"
    },
    {
      "type": "Feature",
      "properties": {
        "@id": "way/238749538",
        "addr:city": "İstanbul",
        "addr:district": "Fatih",
        "addr:street": "Hızır Çavuş Mescidii Sokak",
        "amenity": "place_of_worship",
        "building": "mosque",
        "name": "Hızır Çavuş Cami",
        "name:ar": "جامع خضر شاووش",
        "religion": "muslim",
        "wikidata": "Q112112038",
        "wikimedia_commons": "Category:Hızır Çavuş Mosque",
        "wikipedia": "tr:Hızır Çavuş Camii",
        "@geometry": "center"
      },
      "geometry": {
        "type": "Point",
        "coordinates": [
          28.9463157,
          41.0318627
        ]
      },
      "id": "way/238749538"
    },
    {
      "type": "Feature",
      "properties": {
        "@id": "way/240079129",
        "building": "yes",
        "building:levels": "2",
        "museum": "art",
        "roof:colour": "#889a8e",
        "tourism": "museum",
        "wheelchair": "yes",
        "@geometry": "center"
      },
      "geometry": {
        "type": "Point",
        "coordinates": [
          28.9375302,
          41.0440651
        ]
      },
      "id": "way/240079129"
    },
    {
      "type": "Feature",
      "properties": {
        "@id": "way/240079796",
        "amenity": "place_of_worship",
        "building": "mosque",
        "denomination": "sunni",
        "name": "Siyavuş Paşa Medresesi",
        "religion": "muslim",
        "wikidata": "Q131741293",
        "@geometry": "center"
      },
      "geometry": {
        "type": "Point",
        "coordinates": [
          28.9661018,
          41.0172582
        ]
      },
      "id": "way/240079796"
    },
    {
      "type": "Feature",
      "properties": {
        "@id": "way/246475070",
        "amenity": "place_of_worship",
        "building": "yes",
        "name": "İlyas Çelebi Camii",
        "religion": "muslim",
        "wikidata": "Q127418319",
        "wikimedia_commons": "Category:Ilyas Çelebi Mosque",
        "@geometry": "center"
      },
      "geometry": {
        "type": "Point",
        "coordinates": [
          28.9847039,
          41.0293796
        ]
      },
      "id": "way/246475070"
    },
    {
      "type": "Feature",
      "properties": {
        "@id": "way/246685201",
        "addr:city": "İstanbul",
        "amenity": "place_of_worship",
        "building": "mosque",
        "check_date": "2024-12-22",
        "denomination": "sunni",
        "name": "Firuzağa Camisi",
        "religion": "muslim",
        "wikidata": "Q127418248",
        "wikimedia_commons": "Category:Firuzağa Mosque",
        "@geometry": "center"
      },
      "geometry": {
        "type": "Point",
        "coordinates": [
          28.9823083,
          41.0312237
        ]
      },
      "id": "way/246685201"
    },
    {
      "type": "Feature",
      "properties": {
        "@id": "way/246874736",
        "amenity": "place_of_worship",
        "building": "yes",
        "name": "Sirkeci Mustafa Ağa Camii",
        "religion": "muslim",
        "wikidata": "Q112180573",
        "wikimedia_commons": "Category:Sirkeci Mustafa Ağa Mosque",
        "@geometry": "center"
      },
      "geometry": {
        "type": "Point",
        "coordinates": [
          28.9840336,
          41.0330208
        ]
      },
      "id": "way/246874736"
    },
    {
      "type": "Feature",
      "properties": {
        "@id": "way/247240977",
        "amenity": "place_of_worship",
        "building": "mosque",
        "denomination": "sunni",
        "name": "Ekmekçibaşı Ali Ağa Camii",
        "religion": "muslim",
        "wheelchair": "no",
        "wikidata": "Q127418227",
        "@geometry": "center"
      },
      "geometry": {
        "type": "Point",
        "coordinates": [
          28.9801175,
          41.0299755
        ]
      },
      "id": "way/247240977"
    },
    {
      "type": "Feature",
      "properties": {
        "@id": "way/247442912",
        "building": "yes",
        "name": "Masumiyet Müzesi",
        "tourism": "museum",
        "wikidata": "Q15961492",
        "wikimedia_commons": "Category:The Museum of Innocence",
        "wikipedia": "tr:Masumiyet Müzesi (müze)",
        "@geometry": "center"
      },
      "geometry": {
        "type": "Point",
        "coordinates": [
          28.9798332,
          41.030853
        ]
      },
      "id": "way/247442912"
    },
    {
      "type": "Feature",
      "properties": {
        "@id": "way/247443009",
        "amenity": "place_of_worship",
        "building": "mosque",
        "name": "Muhyiddin Molla Fenari Camii",
        "religion": "muslim",
        "wikidata": "Q6024164",
        "wikimedia_commons": "Category:Çukurcuma Mosque",
        "wikipedia": "tr:Çukurcuma Camii",
        "@geometry": "center"
      },
      "geometry": {
        "type": "Point",
        "coordinates": [
          28.9810632,
          41.0319758
        ]
      },
      "id": "way/247443009"
    },
    {
      "type": "Feature",
      "properties": {
        "@id": "way/249032274",
        "amenity": "place_of_worship",
        "building": "yes",
        "denomination": "armenian_apostolic",
        "name": "Surp Harutyun Ermeni Kilisesi",
        "religion": "christian",
        "wikidata": "Q20471609",
        "wikimedia_commons": "Category:Taksim Surp Harutyun Church",
        "wikipedia": "en:Taksim Surp Harutyun Church",
        "@geometry": "center"
      },
      "geometry": {
        "type": "Point",
        "coordinates": [
          28.9838661,
          41.0348902
        ]
      },
      "id": "way/249032274"
    },
    {
      "type": "Feature",
      "properties": {
        "@id": "way/252180113",
        "alt_name": "Erenköy İstasyon Camii",
        "alt_name_1": "Zihni Paşa Camii",
        "amenity": "place_of_worship",
        "building": "mosque",
        "name": "Zihnipaşa Camii",
        "religion": "muslim",
        "wikidata": "Q6024259",
        "wikimedia_commons": "Category:Erenköy İstasyon Camii",
        "wikipedia": "tr:Zihni Paşa Camii",
        "@geometry": "center"
      },
      "geometry": {
        "type": "Point",
        "coordinates": [
          29.0769765,
          40.9719031
        ]
      },
      "id": "way/252180113"
    },
    {
      "type": "Feature",
      "properties": {
        "@id": "way/255550126",
        "amenity": "place_of_worship",
        "building": "mosque",
        "denomination": "sunni",
        "name": "Valide Hanı Mescidi",
        "name:fa": "نمایندگی یاکاموز روسری",
        "name:ru": "Бюйк Валиде Султан Хан",
        "religion": "muslim",
        "wikidata": "Q132134510",
        "wikimedia_commons": "Category:Valide Han İranlılar Mosque",
        "@geometry": "center"
      },
      "geometry": {
        "type": "Point",
        "coordinates": [
          28.9684847,
          41.0137048
        ]
      },
      "id": "way/255550126"
    },
    {
      "type": "Feature",
      "properties": {
        "@id": "way/255550130",
        "addr:city": "İstanbul",
        "addr:district": "Fatih",
        "addr:housenumber": "134",
        "addr:street": "Uzun Çarşı Caddesi",
        "amenity": "place_of_worship",
        "building": "mosque",
        "building:levels": "3",
        "denomination": "sunni",
        "name": "Yavaşçı Şahin Mehmet Ali Paşa Cami",
        "name:ar": "ياواشتشي شاهين ميهميت الي جامي",
        "religion": "muslim",
        "wheelchair": "yes",
        "wikidata": "Q127418623",
        "wikimedia_commons": "Category:Yavaşça Şahin Masjid",
        "@geometry": "center"
      },
      "geometry": {
        "type": "Point",
        "coordinates": [
          28.9677188,
          41.0158653
        ]
      },
      "id": "way/255550130"
    },
    {
      "type": "Feature",
      "properties": {
        "@id": "way/255550131",
        "amenity": "place_of_worship",
        "building": "mosque",
        "name": "Bezzazi Cedit Camii",
        "name:ar": "جامع بيزازي جيديت جاميي",
        "religion": "muslim",
        "wheelchair": "no",
        "wikidata": "Q127418147",
        "@geometry": "center"
      },
      "geometry": {
        "type": "Point",
        "coordinates": [
          28.9673299,
          41.014441
        ]
      },
      "id": "way/255550131"
    },
    {
      "type": "Feature",
      "properties": {
        "@id": "way/257761041",
        "amenity": "place_of_worship",
        "building": "mosque",
        "name": "Piri Mehmet Paşa Camisi",
        "religion": "muslim",
        "wikidata": "Q24916011",
        "wikimedia_commons": "Category:Piri Mehmet Pasha Mosque, Silivri",
        "@geometry": "center"
      },
      "geometry": {
        "type": "Point",
        "coordinates": [
          28.2455567,
          41.0734858
        ]
      },
      "id": "way/257761041"
    },
    {
      "type": "Feature",
      "properties": {
        "@id": "way/260976707",
        "addr:city": "İstanbul",
        "addr:district": "Fatih",
        "addr:neighbourhood": "Hobyar Mahallesi",
        "addr:postcode": "34112",
        "building": "yes",
        "name": "Türkiye İş Bankası Müzesi",
        "name:en": "İşbank Museum",
        "name:ru": "Музей банка Турции",
        "name:tr": "Türkiye İş Bankası Müzesi",
        "opening_hours": "Tu-Su 10:00-18:00",
        "operator": "Türkiye İş Bankası",
        "tourism": "museum",
        "website": "https://muze.isbank.com.tr/",
        "wikidata": "Q6053818",
        "wikimedia_commons": "Category:Türkiye İş Bankası Museum",
        "wikipedia": "en:İşbank Museum",
        "@geometry": "center"
      },
      "geometry": {
        "type": "Point",
        "coordinates": [
          28.9726009,
          41.0160939
        ]
      },
      "id": "way/260976707"
    },
    {
      "type": "Feature",
      "properties": {
        "@id": "way/261821356",
        "addr:city": "İstanbul",
        "amenity": "place_of_worship",
        "building": "mosque",
        "denomination": "sunni",
        "layer": "1",
        "name": "Eyüp Sultan Camii",
        "name:ar": "مسجل سلطان ايوب تركيا",
        "name:de": "Eyüp-Sultan-Moschee",
        "name:en": "Eyüp Sultan Mosque",
        "religion": "muslim",
        "website": "https://www.geziyerler.com/eyup-sultan-camii-ve-turbesi",
        "wikidata": "Q956677",
        "wikimedia_commons": "Category:Eyüp Sultan Mosque",
        "wikipedia": "tr:Eyüp Sultan Camii",
        "@geometry": "center"
      },
      "geometry": {
        "type": "Point",
        "coordinates": [
          28.9337399,
          41.0480145
        ]
      },
      "id": "way/261821356"
    },
    {
      "type": "Feature",
      "properties": {
        "@id": "way/261824325",
        "addr:country": "TR",
        "alt_name:en": "Terrace Mosque",
        "amenity": "place_of_worship",
        "building": "mosque",
        "image": "https://photos.app.goo.gl/pC4sYxRwv4UXd6cs8",
        "name": "Sofa-i Hümâyûn Camii",
        "name:br": "Moskeenn Sofa",
        "name:en": "Sofa Mosque",
        "name:hi": "सोफा मस्जिद",
        "name:ru": "Мечеть Софа",
        "religion": "muslim",
        "wikidata": "Q127418589",
        "wikimedia_commons": "Category:Terrace Mosque",
        "@geometry": "center"
      },
      "geometry": {
        "type": "Point",
        "coordinates": [
          28.9856015,
          41.0133847
        ]
      },
      "id": "way/261824325"
    },
    {
      "type": "Feature",
      "properties": {
        "@id": "way/261825033",
        "addr:street": "Firketeci Sokağı",
        "alt_name": "Moğolların Azize Meryem Kilisesi;Meryem Ana Rum Ortodoks Kilisesi",
        "amenity": "place_of_worship",
        "building": "yes",
        "check_date": "2025-02-25",
        "denomination": "greek_orthodox",
        "name": "Kanlı Kilise",
        "name:el": "Παναγία η Μουχλιώτισσα",
        "name:en": "Church of St. Mary of the Mongols",
        "religion": "christian",
        "start_date": "1281",
        "wikidata": "Q1950180",
        "wikimedia_commons": "Category:Church of St. Mary of the Mongols",
        "wikipedia": "tr:Kanlı Kilise",
        "@geometry": "center"
      },
      "geometry": {
        "type": "Point",
        "coordinates": [
          28.9490441,
          41.0296111
        ]
      },
      "id": "way/261825033"
    },
    {
      "type": "Feature",
      "properties": {
        "@id": "way/261826733",
        "amenity": "place_of_worship",
        "building": "yes",
        "name": "Beşir Ağa Camii",
        "religion": "muslim",
        "roof:colour": "#cbd1cd",
        "wikidata": "Q127418145",
        "wikimedia_commons": "Category:Beşir Ağa Mosque",
        "@geometry": "center"
      },
      "geometry": {
        "type": "Point",
        "coordinates": [
          28.9823555,
          41.0117939
        ]
      },
      "id": "way/261826733"
    },
    {
      "type": "Feature",
      "properties": {
        "@id": "way/263949137",
        "building": "palace",
        "fee": "yes",
        "name": "Dolmabahçe Sarayı Harem Bölümü",
        "name:en": "Dolmabahce Palace",
        "name:fa": "کاخ دلمه‌باغچه",
        "name:ru": "Дворец Долмабахче",
        "operator": "Millî Saraylar Başkanlığı",
        "tourism": "museum",
        "website": "https://www.millisaraylar.gov.tr/Lokasyon/3/Dolmabahce-Palace",
        "@geometry": "center"
      },
      "geometry": {
        "type": "Point",
        "coordinates": [
          29.0015991,
          41.0397895
        ]
      },
      "id": "way/263949137"
    },
    {
      "type": "Feature",
      "properties": {
        "@id": "way/263949143",
        "amenity": "clock",
        "building": "yes",
        "building:levels": "4",
        "height": "27",
        "image": "https://photos.app.goo.gl/xG22bG95tRC5dsho7",
        "man_made": "tower",
        "name": "Dolmabahçe Saat Kulesi",
        "name:az": "Dolmabağça saat qülləsi",
        "name:de": "Uhrturm von Dolmabahçe",
        "name:en": "Dolmabahçe Clock Tower",
        "name:es": "Torre del Reloj de Dolmabahçe",
        "name:fr": "Tour de l'Horloge de Dolmabahçe",
        "name:ru": "Часовая башня",
        "name:tr": "Dolmabahçe Saat Kulesi",
        "name:zh": "多爾瑪巴赫切鐘樓",
        "tower:type": "clock",
        "wikidata": "Q1818013",
        "wikimedia_commons": "Category:Dolmabahçe Clock Tower",
        "wikipedia": "en:Dolmabahçe Clock Tower",
        "@geometry": "center"
      },
      "geometry": {
        "type": "Point",
        "coordinates": [
          28.9963631,
          41.0376576
        ]
      },
      "id": "way/263949143"
    },
    {
      "type": "Feature",
      "properties": {
        "@id": "way/263949162",
        "building": "palace",
        "fee": "yes",
        "image": "https://photos.app.goo.gl/YUA2SMALTAdW6deXA",
        "name": "Dolmabahçe Sarayı Muayede Salonu",
        "name:en": "Dolmabahce Palace",
        "name:fa": "کاخ دلمه‌باغچه",
        "name:ko": "돌마바흐체궁전",
        "operator": "Millî Saraylar Başkanlığı",
        "tourism": "museum",
        "@geometry": "center"
      },
      "geometry": {
        "type": "Point",
        "coordinates": [
          29.0005456,
          41.0391296
        ]
      },
      "id": "way/263949162"
    },
    {
      "type": "Feature",
      "properties": {
        "@id": "way/263956600",
        "building": "yes",
        "building:levels": "2",
        "historic": "building",
        "name": "Dolmabahçe Sarayı Hazine-i Hassa Dairesi",
        "start_date": "1856/06/07",
        "wikidata": "Q133817398",
        "wikimedia_commons": "Category:Hazine-i Hassa Dairesi (Dolmabahçe Sarayı)",
        "@geometry": "center"
      },
      "geometry": {
        "type": "Point",
        "coordinates": [
          28.9973596,
          41.0378554
        ]
      },
      "id": "way/263956600"
    },
    {
      "type": "Feature",
      "properties": {
        "@id": "way/264995270",
        "addr:city": "İstanbul",
        "amenity": "place_of_worship",
        "building": "mosque",
        "name": "Hacı Beşir Ağa Camii",
        "religion": "muslim",
        "start_date": "1745",
        "wikidata": "Q24897657",
        "wikimedia_commons": "Category:Hacı Beşir Ağa Mosque",
        "wikipedia": "en:Hacı Beşir Ağa Mosque",
        "@geometry": "center"
      },
      "geometry": {
        "type": "Point",
        "coordinates": [
          28.9773381,
          41.0106545
        ]
      },
      "id": "way/264995270"
    },
    {
      "type": "Feature",
      "properties": {
        "@id": "way/264998397",
        "addr:city": "İstanbul",
        "addr:country": "TR",
        "addr:district": "Fatih",
        "amenity": "place_of_worship",
        "building": "mosque",
        "denomination": "sunni",
        "name": "Molla Fenari Camii",
        "name:ar": "مسجد ملا فيراني",
        "religion": "muslim",
        "wikidata": "Q127418439",
        "wikimedia_commons": "Category:Molla Fenari Mescidi",
        "@geometry": "center"
      },
      "geometry": {
        "type": "Point",
        "coordinates": [
          28.9752916,
          41.0090706
        ]
      },
      "id": "way/264998397"
    },
    {
      "type": "Feature",
      "properties": {
        "@id": "way/264998558",
        "addr:city": "İstanbul",
        "addr:district": "Fatih",
        "amenity": "place_of_worship",
        "building": "mosque",
        "denomination": "sunni",
        "name": "Cezeri Kasımpaşa Camii",
        "name:ar": "مسجد جزري كاسم باشا",
        "religion": "muslim",
        "wheelchair": "no",
        "wikidata": "Q6045784",
        "wikimedia_commons": "Category:Cezeri Kasım Pasha Mosque (Cağaloğlu)",
        "wikipedia": "tr:Cezeri Kasım Paşa Camii",
        "@geometry": "center"
      },
      "geometry": {
        "type": "Point",
        "coordinates": [
          28.9743598,
          41.010058
        ]
      },
      "id": "way/264998558"
    },
    {
      "type": "Feature",
      "properties": {
        "@id": "way/265741308",
        "amenity": "place_of_worship",
        "building": "mosque",
        "denomination": "sunni",
        "name": "Şişli Merkez Camii",
        "religion": "muslim",
        "wikidata": "Q6061170",
        "wikimedia_commons": "Category:Şişli Mosque",
        "wikipedia": "en:Şişli Mosque",
        "@geometry": "center"
      },
      "geometry": {
        "type": "Point",
        "coordinates": [
          28.9877381,
          41.0614321
        ]
      },
      "id": "way/265741308"
    },
    {
      "type": "Feature",
      "properties": {
        "@id": "node/269497288",
        "historic": "memorial",
        "memorial": "statue",
        "name": "Barbaros Hayrettin Türbesi",
        "name:az": "Barbaros Xeyrəddin Paşa türbəsi",
        "name:en": "Tomb of Hayreddin Barbarossa",
        "name:tr": "Barbaros Hayrettin Türbesi",
        "religion": "muslim",
        "wikidata": "Q6021475",
        "wikimedia_commons": "Category:Tomb of Hayreddin Barbarossa",
        "wikipedia": "en:Tomb of Hayreddin Barbarossa"
      },
      "geometry": {
        "type": "Point",
        "coordinates": [
          29.0068359,
          41.0419227
        ]
      },
      "id": "node/269497288"
    },
    {
      "type": "Feature",
      "properties": {
        "@id": "way/273744728",
        "amenity": "place_of_worship",
        "building": "mosque",
        "denomination": "sunni",
        "name": "Selime Hatun Camii",
        "religion": "muslim",
        "wikidata": "Q127418519",
        "wikimedia_commons": "Category:Selime Hatun Mosque",
        "@geometry": "center"
      },
      "geometry": {
        "type": "Point",
        "coordinates": [
          28.9889685,
          41.0347141
        ]
      },
      "id": "way/273744728"
    },
    {
      "type": "Feature",
      "properties": {
        "@id": "way/273746131",
        "amenity": "place_of_worship",
        "building": "mosque",
        "denomination": "sunni",
        "name": "Omer Avni Camii",
        "religion": "muslim",
        "wikidata": "Q127418477",
        "@geometry": "center"
      },
      "geometry": {
        "type": "Point",
        "coordinates": [
          28.9923829,
          41.034778
        ]
      },
      "id": "way/273746131"
    },
    {
      "type": "Feature",
      "properties": {
        "@id": "node/278101742",
        "alt_name": "Surp Karapet Ermeni Kilisesi;Surp Garabed Ermeni Kilisesi",
        "amenity": "place_of_worship",
        "denomination": "catholic",
        "name": "Surp Garabed Kilisesi",
        "name:en": "Surp Garabed Church",
        "name:hy": "Սուրբ Կարապետ Եկեղեցի",
        "religion": "christian",
        "wikidata": "Q20471257",
        "wikimedia_commons": "Category:Surp Garabet Church",
        "wikipedia": "tr:Surp Garabet Kilisesi"
      },
      "geometry": {
        "type": "Point",
        "coordinates": [
          29.031366,
          41.0209212
        ]
      },
      "id": "node/278101742"
    },
    {
      "type": "Feature",
      "properties": {
        "@id": "way/286321642",
        "addr:city": "İstanbul",
        "addr:district": "Kadiköy",
        "addr:neighbourhood": "Hasanpaşa Mahallesi",
        "alt_name": "Gazhane Müzesi;Hasanpaşa Gazhanesi",
        "fee": "no",
        "name": "Müze Gazhane",
        "name:tr": "Gazhane Müzesi",
        "tourism": "museum",
        "website": "https://muzegazhane.istanbul/",
        "wikidata": "Q107475211",
        "wikimedia_commons": "Category:Hasanpaşa Gasworks",
        "wikipedia": "tr:Müze Gazhane",
        "@geometry": "center"
      },
      "geometry": {
        "type": "Point",
        "coordinates": [
          29.0429089,
          40.9967248
        ]
      },
      "id": "way/286321642"
    },
    {
      "type": "Feature",
      "properties": {
        "@id": "way/287308619",
        "amenity": "place_of_worship",
        "building": "yes",
        "name": "Tomtom Camii",
        "religion": "muslim",
        "wikidata": "Q127418587",
        "wikimedia_commons": "Category:Tomtom Masjid",
        "@geometry": "center"
      },
      "geometry": {
        "type": "Point",
        "coordinates": [
          28.9788734,
          41.0305093
        ]
      },
      "id": "way/287308619"
    },
    {
      "type": "Feature",
      "properties": {
        "@id": "way/288197551",
        "building": "yes",
        "tourism": "museum",
        "@geometry": "center"
      },
      "geometry": {
        "type": "Point",
        "coordinates": [
          28.8261001,
          40.9642349
        ]
      },
      "id": "way/288197551"
    },
    {
      "type": "Feature",
      "properties": {
        "@id": "way/301906862",
        "amenity": "place_of_worship",
        "building": "mosque",
        "name": "Abdüsselam Camii",
        "religion": "muslim",
        "wheelchair": "no",
        "wikidata": "Q127418086",
        "@geometry": "center"
      },
      "geometry": {
        "type": "Point",
        "coordinates": [
          28.7725089,
          40.9919401
        ]
      },
      "id": "way/301906862"
    },
    {
      "type": "Feature",
      "properties": {
        "@id": "way/301906863",
        "amenity": "place_of_worship",
        "building": "mosque",
        "name": "Mecidiye Camii",
        "religion": "muslim",
        "wikidata": "Q123247735",
        "wikimedia_commons": "Category:Yeşilköy Mecidiye Mosque",
        "wikipedia": "tr:Yeşilköy Mecidiye Camii",
        "@geometry": "center"
      },
      "geometry": {
        "type": "Point",
        "coordinates": [
          28.8313132,
          40.9605417
        ]
      },
      "id": "way/301906863"
    },
    {
      "type": "Feature",
      "properties": {
        "@id": "way/303179753",
        "addr:housenumber": "13",
        "addr:neighbourhood": "Fatih",
        "addr:postcode": "34122",
        "addr:street": "Kücük Ayasofya Caddesi",
        "alt_name:en": "Sergius and Bacchus Church",
        "amenity": "place_of_worship",
        "building": "mosque",
        "check_date": "2025-02-27",
        "denomination": "sunni",
        "int_name": "Little Hagia Sophia",
        "name": "Küçük Ayasofya Camii",
        "name:ar": "كوتشوك آياسوفيا جاميي",
        "name:en": "Little Hagia Sophia",
        "name:fa": "ایاصوفیه کوچک",
        "name:ko": "퀴취크 아야소피아 모스크",
        "name:nl": "Kleine Hagia Sophia",
        "religion": "muslim",
        "wikidata": "Q1144576",
        "wikimedia_commons": "Category:Sergius and Bacchus Church",
        "wikipedia": "en:Little Hagia Sophia",
        "@geometry": "center"
      },
      "geometry": {
        "type": "Point",
        "coordinates": [
          28.9722007,
          41.0027434
        ]
      },
      "id": "way/303179753"
    },
    {
      "type": "Feature",
      "properties": {
        "@id": "way/303491953",
        "building": "government",
        "height": "13",
        "name": "Alay Köşkü",
        "name:ru": "Павильон парадов",
        "roof:height": "2",
        "roof:material": "copper",
        "roof:shape": "gabled",
        "tourism": "museum",
        "wikidata": "Q7247329",
        "wikimedia_commons": "Category:Procession Kiosk",
        "wikipedia": "tr:Alay Köşkü",
        "@geometry": "center"
      },
      "geometry": {
        "type": "Point",
        "coordinates": [
          28.978391,
          41.0110425
        ]
      },
      "id": "way/303491953"
    },
    {
      "type": "Feature",
      "properties": {
        "@id": "way/303807317",
        "addr:city": "İstanbul",
        "addr:country": "TR",
        "addr:district": "Fatih",
        "addr:postcode": "34126",
        "addr:province": "İstanbul",
        "amenity": "marketplace",
        "heritage": "1",
        "heritage:operator": "whc",
        "heritage:website": "https://whc.unesco.org/en/list/356/",
        "historic": "district",
        "image": "https://photos.app.goo.gl/XrUQ3rzqy5T48pni8",
        "landuse": "retail",
        "layer": "1",
        "name": "Kapalı Çarşı",
        "name:ar": "البازار الكبير",
        "name:bg": "Капалъчаршъ",
        "name:de": "Großer Basar",
        "name:en": "Grand Bazaar",
        "name:es": "Gran Bazar",
        "name:fa": "بازار بزرگ استانبول",
        "name:fr": "Grand Bazar",
        "name:hi": "भव्य बाज़ार",
        "name:it": "Grande Bazar",
        "name:ko": "카팔르차르슈",
        "name:pt": "Grande Bazar",
        "name:ru": "Гранд Базар",
        "name:tr": "Kapalı Çarşı",
        "name:zh": "大巴扎市场",
        "name:zh-Hans": "大巴扎",
        "name:zh-Hant": "大巴扎",
        "nohousenumber": "yes",
        "opening_hours": "Mo-Sa 9:00-19:00",
        "ref:whc": "356bis",
        "tourism": "attraction",
        "whc:criteria": "i,ii,iii,iv",
        "whc:inscription_date": "1985",
        "wheelchair": "limited",
        "wikidata": "Q505954",
        "wikimedia_commons": "Category:Grand Bazaar, Istanbul",
        "wikipedia": "tr:Kapalıçarşı",
        "@geometry": "center"
      },
      "geometry": {
        "type": "Point",
        "coordinates": [
          28.9682528,
          41.0109671
        ]
      },
      "id": "way/303807317"
    },
    {
      "type": "Feature",
      "properties": {
        "@id": "way/304049501",
        "amenity": "place_of_worship",
        "building": "mosque",
        "denomination": "sunni",
        "name": "Bahçeköy Merkez Camii",
        "religion": "muslim",
        "source": "bing",
        "wikidata": "Q127418126",
        "@geometry": "center"
      },
      "geometry": {
        "type": "Point",
        "coordinates": [
          28.9929877,
          41.1788865
        ]
      },
      "id": "way/304049501"
    },
    {
      "type": "Feature",
      "properties": {
        "@id": "way/304049508",
        "amenity": "place_of_worship",
        "building": "mosque",
        "name": "Tarabya Merkez Camii",
        "religion": "muslim",
        "wikidata": "Q127418572",
        "@geometry": "center"
      },
      "geometry": {
        "type": "Point",
        "coordinates": [
          29.05327,
          41.1382342
        ]
      },
      "id": "way/304049508"
    },
    {
      "type": "Feature",
      "properties": {
        "@id": "way/305511249",
        "addr:housenumber": "16",
        "addr:street": "Kuzguncuk Çarşısı Caddesi",
        "amenity": "place_of_worship",
        "building": "mosque",
        "denomination": "sunni",
        "name": "Kuzguncuk Camii",
        "religion": "muslim",
        "wikidata": "Q127418393",
        "wikimedia_commons": "Category:Kuzguncuk Mosque",
        "@geometry": "center"
      },
      "geometry": {
        "type": "Point",
        "coordinates": [
          29.0305537,
          41.0369042
        ]
      },
      "id": "way/305511249"
    },
    {
      "type": "Feature",
      "properties": {
        "@id": "way/305511251",
        "amenity": "place_of_worship",
        "building": "mosque",
        "denomination": "sunni",
        "name": "Şuca Ahmet Paşa Cami",
        "religion": "muslim",
        "wikidata": "Q127418569",
        "@geometry": "center"
      },
      "geometry": {
        "type": "Point",
        "coordinates": [
          29.0277727,
          41.0248656
        ]
      },
      "id": "way/305511251"
    },
    {
      "type": "Feature",
      "properties": {
        "@id": "way/305511252",
        "amenity": "place_of_worship",
        "building": "mosque",
        "name": "Faik Bey Cami",
        "religion": "muslim",
        "wikidata": "Q127418239",
        "@geometry": "center"
      },
      "geometry": {
        "type": "Point",
        "coordinates": [
          29.0463984,
          41.0100169
        ]
      },
      "id": "way/305511252"
    },
    {
      "type": "Feature",
      "properties": {
        "@id": "way/305826776",
        "addr:city": "İstanbul",
        "amenity": "place_of_worship",
        "building": "mosque",
        "name": "Yayalar Köyü Cami",
        "religion": "muslim",
        "wikidata": "Q127418625",
        "wikimedia_commons": "Category:Yayalar Mosque",
        "@geometry": "center"
      },
      "geometry": {
        "type": "Point",
        "coordinates": [
          29.2682695,
          40.9033731
        ]
      },
      "id": "way/305826776"
    },
    {
      "type": "Feature",
      "properties": {
        "@id": "way/305839896",
        "addr:city": "İstanbul",
        "amenity": "place_of_worship",
        "building": "mosque",
        "check_date": "2024-07-15",
        "name": "Cevherağa Camii",
        "religion": "muslim",
        "wheelchair": "yes",
        "wikidata": "Q127418602",
        "@geometry": "center"
      },
      "geometry": {
        "type": "Point",
        "coordinates": [
          29.0909501,
          41.0249558
        ]
      },
      "id": "way/305839896"
    },
    {
      "type": "Feature",
      "properties": {
        "@id": "way/307167463",
        "addr:city": "İstanbul",
        "amenity": "place_of_worship",
        "building": "mosque",
        "denomination": "sunni",
        "name": "Ali Kethüda Camii",
        "religion": "muslim",
        "wikidata": "Q122629808",
        "wikimedia_commons": "Category:Ali Kethüda Mosque",
        "wikipedia": "tr:Ali Kethüda Camii (Sarıyer)",
        "@geometry": "center"
      },
      "geometry": {
        "type": "Point",
        "coordinates": [
          29.0578707,
          41.1690024
        ]
      },
      "id": "way/307167463"
    },
    {
      "type": "Feature",
      "properties": {
        "@id": "way/307332872",
        "amenity": "place_of_worship",
        "building": "mosque",
        "denomination": "sunni",
        "name": "Yerebatan Üskübi İbrahim Ağa Camii",
        "religion": "muslim",
        "wikidata": "Q124259375",
        "wikimedia_commons": "Category:Üskübiye Mosque",
        "wikipedia": "tr:Üskübiye Mescidi",
        "@geometry": "center"
      },
      "geometry": {
        "type": "Point",
        "coordinates": [
          28.9774437,
          41.0090912
        ]
      },
      "id": "way/307332872"
    },
    {
      "type": "Feature",
      "properties": {
        "@id": "way/308038550",
        "addr:city": "İstanbul",
        "addr:district": "Fatih",
        "amenity": "place_of_worship",
        "building": "mosque",
        "denomination": "sunni",
        "name": "Hadım İbrahim Paşa Camii",
        "name:ar": "جامع هادم ابراهيم باشا",
        "name:de": "Hadım-İbrahim-Pascha-Moschee",
        "religion": "muslim",
        "wikidata": "Q5637873",
        "wikimedia_commons": "Category:Hadim Ibrahim Pasha Mosque",
        "wikipedia": "en:Hadim Ibrahim Pasha Mosque",
        "@geometry": "center"
      },
      "geometry": {
        "type": "Point",
        "coordinates": [
          28.9227267,
          41.0060255
        ]
      },
      "id": "way/308038550"
    },
    {
      "type": "Feature",
      "properties": {
        "@id": "way/308049451",
        "addr:city": "İstanbul",
        "amenity": "place_of_worship",
        "building": "mosque",
        "check_date": "2024-11-07",
        "name": "Amine Hatun Cami",
        "religion": "muslim",
        "wikidata": "Q127418105",
        "wikimedia_commons": "Category:Amine Hatun Moqsue Bakırköy",
        "@geometry": "center"
      },
      "geometry": {
        "type": "Point",
        "coordinates": [
          28.8759726,
          40.9820518
        ]
      },
      "id": "way/308049451"
    },
    {
      "type": "Feature",
      "properties": {
        "@id": "way/308711450",
        "addr:district": "Beykoz",
        "addr:housenumber": "1",
        "addr:neighbourhood": "Merkez Mahallesi",
        "addr:street": "Kelle İbrahim Caddesi",
        "amenity": "place_of_worship",
        "building": "mosque",
        "denomination": "sunni",
        "name": "Serbostani Mustafa Ağa Camii",
        "religion": "muslim",
        "wikidata": "Q20476707",
        "wikimedia_commons": "Category:Serbostani Mustafa Ağa Mosque",
        "wikipedia": "tr:Serbostani Mustafa Ağa Camii",
        "@geometry": "center"
      },
      "geometry": {
        "type": "Point",
        "coordinates": [
          29.0923909,
          41.1337506
        ]
      },
      "id": "way/308711450"
    },
    {
      "type": "Feature",
      "properties": {
        "@id": "way/309036492",
        "addr:city": "İstanbul",
        "amenity": "place_of_worship",
        "building": "mosque",
        "name": "Taht Kadısı Cami",
        "religion": "muslim",
        "wikidata": "Q127418570",
        "@geometry": "center"
      },
      "geometry": {
        "type": "Point",
        "coordinates": [
          28.9700136,
          41.0358657
        ]
      },
      "id": "way/309036492"
    },
    {
      "type": "Feature",
      "properties": {
        "@id": "way/309036496",
        "addr:city": "İstanbul",
        "amenity": "place_of_worship",
        "building": "mosque",
        "name": "Beyoğlu Emin Cami",
        "religion": "muslim",
        "wikidata": "Q127418233",
        "@geometry": "center"
      },
      "geometry": {
        "type": "Point",
        "coordinates": [
          28.9742825,
          41.036859
        ]
      },
      "id": "way/309036496"
    },
    {
      "type": "Feature",
      "properties": {
        "@id": "way/309042968",
        "addr:city": "İstanbul",
        "addr:district": "Fatih",
        "amenity": "place_of_worship",
        "building": "mosque",
        "denomination": "sunni",
        "name": "Aşık Paşa Cami",
        "name:ar": "منتزه اشك باشا",
        "religion": "muslim",
        "wikidata": "Q127418117",
        "@geometry": "center"
      },
      "geometry": {
        "type": "Point",
        "coordinates": [
          28.9562836,
          41.0240765
        ]
      },
      "id": "way/309042968"
    },
    {
      "type": "Feature",
      "properties": {
        "@id": "way/309042970",
        "addr:city": "İstanbul",
        "amenity": "place_of_worship",
        "building": "mosque",
        "denomination": "sunni",
        "name": "Çakır Ağa Camii",
        "name:ar": "جامع جاكر آغا",
        "religion": "muslim",
        "wikidata": "Q127418187",
        "wikimedia_commons": "Category:Çakır Ağa Mosque",
        "@geometry": "center"
      },
      "geometry": {
        "type": "Point",
        "coordinates": [
          28.9389905,
          41.03257
        ]
      },
      "id": "way/309042970"
    },
    {
      "type": "Feature",
      "properties": {
        "@id": "way/309046219",
        "addr:city": "İstanbul",
        "addr:district": "Fatih",
        "amenity": "place_of_worship",
        "building": "mosque",
        "denomination": "sunni",
        "name": "Adile Şah Kadın Hatice Sultan Cami",
        "name:ar": "جامع شاه كدن خديجة سلطان",
        "religion": "muslim",
        "wikidata": "Q127418090",
        "@geometry": "center"
      },
      "geometry": {
        "type": "Point",
        "coordinates": [
          28.9410851,
          41.0346526
        ]
      },
      "id": "way/309046219"
    },
    {
      "type": "Feature",
      "properties": {
        "@id": "way/309046220",
        "addr:city": "İstanbul",
        "addr:district": "Fatih",
        "amenity": "place_of_worship",
        "building": "mosque",
        "denomination": "sunni",
        "name": "Hacı İlyas Yatağan Cami",
        "name:ar": "جامع هاجي إيلياس ياتاغان",
        "religion": "muslim",
        "wikidata": "Q118384292",
        "wikimedia_commons": "Category:Hacı İlyas Yatağan Mosque",
        "wikipedia": "tr:Hacı İlyas Yatağan Camii",
        "@geometry": "center"
      },
      "geometry": {
        "type": "Point",
        "coordinates": [
          28.9421084,
          41.0356426
        ]
      },
      "id": "way/309046220"
    },
    {
      "type": "Feature",
      "properties": {
        "@id": "way/309046224",
        "addr:city": "İstanbul",
        "amenity": "place_of_worship",
        "building": "yes",
        "name": "Balat Surp Hireşdagabet Ermeni Kilisesi",
        "religion": "christian",
        "wikidata": "Q20471287",
        "wikimedia_commons": "Category:Surp Hreshdagabet Church",
        "wikipedia": "tr:Surp Hıreşdagabed Kilisesi",
        "@geometry": "center"
      },
      "geometry": {
        "type": "Point",
        "coordinates": [
          28.9457413,
          41.0338638
        ]
      },
      "id": "way/309046224"
    },
    {
      "type": "Feature",
      "properties": {
        "@id": "way/309046228",
        "addr:city": "İstanbul",
        "addr:district": "Fatih",
        "amenity": "place_of_worship",
        "building": "mosque",
        "denomination": "sunni",
        "name": "Hoca Ali Cami",
        "name:ar": "جامع هوجا علي",
        "religion": "muslim",
        "wikidata": "Q118383677",
        "wikimedia_commons": "Category:Hoca Ali Mosque",
        "wikipedia": "tr:Hoca Ali Camii",
        "@geometry": "center"
      },
      "geometry": {
        "type": "Point",
        "coordinates": [
          28.9433042,
          41.0360061
        ]
      },
      "id": "way/309046228"
    },
    {
      "type": "Feature",
      "properties": {
        "@id": "way/309046229",
        "addr:city": "İstanbul",
        "addr:district": "Fatih",
        "addr:street": "Mahkeme Altı Caddesi",
        "amenity": "place_of_worship",
        "building": "yes",
        "name": "Balat Balino Rum Kilisesi",
        "name:ar": "كنيسة بالات بالينو روم كيليسيسي",
        "religion": "christian",
        "wikidata": "Q31188778",
        "wikimedia_commons": "Category:Panayia Balinu Church",
        "wikipedia": "tr:Ayvansaray Panayia Balino Kilisesi",
        "@geometry": "center"
      },
      "geometry": {
        "type": "Point",
        "coordinates": [
          28.9452555,
          41.0358358
        ]
      },
      "id": "way/309046229"
    },
    {
      "type": "Feature",
      "properties": {
        "@id": "way/309046230",
        "addr:city": "İstanbul",
        "addr:district": "Fatih",
        "addr:street": "Mürselpaşa Caddesi",
        "amenity": "place_of_worship",
        "building": "mosque",
        "name": "Yusuf Secaattin Ambarı Camii",
        "name:ar": "جامع يوسف سيجاتين أمباري",
        "religion": "muslim",
        "wikidata": "Q112069154",
        "wikimedia_commons": "Category:Yusuf Şucaeddin Mosque",
        "@geometry": "center"
      },
      "geometry": {
        "type": "Point",
        "coordinates": [
          28.9468166,
          41.0345504
        ]
      },
      "id": "way/309046230"
    },
    {
      "type": "Feature",
      "properties": {
        "@id": "way/309046233",
        "addr:city": "İstanbul",
        "addr:district": "Fatih",
        "amenity": "place_of_worship",
        "building": "mosque",
        "denomination": "sunni",
        "name": "Abdi Subaşı Camii",
        "religion": "muslim",
        "wikidata": "Q127418082",
        "@geometry": "center"
      },
      "geometry": {
        "type": "Point",
        "coordinates": [
          28.9515798,
          41.0288554
        ]
      },
      "id": "way/309046233"
    },
    {
      "type": "Feature",
      "properties": {
        "@id": "way/309046235",
        "addr:city": "İstanbul",
        "addr:district": "Fatih",
        "amenity": "place_of_worship",
        "building": "mosque",
        "name": "Cafer Subaşı Cami",
        "religion": "muslim",
        "wikidata": "Q127418166",
        "@geometry": "center"
      },
      "geometry": {
        "type": "Point",
        "coordinates": [
          28.9503982,
          41.0284046
        ]
      },
      "id": "way/309046235"
    },
    {
      "type": "Feature",
      "properties": {
        "@id": "way/309052086",
        "addr:city": "İstanbul",
        "addr:district": "Fatih",
        "amenity": "place_of_worship",
        "building": "mosque",
        "denomination": "sunni",
        "name": "Kovacı Dede Cami",
        "name:ar": "جامع كوفاجي ديدي",
        "religion": "muslim",
        "wikidata": "Q127418388",
        "wikimedia_commons": "Category:Kovacı Dede Mosque",
        "@geometry": "center"
      },
      "geometry": {
        "type": "Point",
        "coordinates": [
          28.9480405,
          41.0253242
        ]
      },
      "id": "way/309052086"
    },
    {
      "type": "Feature",
      "properties": {
        "@id": "way/309052087",
        "addr:city": "İstanbul",
        "amenity": "place_of_worship",
        "building": "mosque",
        "denomination": "sunni",
        "name": "Hace-i Rakım Musta Efendi Camii",
        "name:ar": "جامع حجي رقيم مصطفى افندي",
        "religion": "muslim",
        "wikidata": "Q127418260",
        "@geometry": "center"
      },
      "geometry": {
        "type": "Point",
        "coordinates": [
          28.9507539,
          41.0218507
        ]
      },
      "id": "way/309052087"
    },
    {
      "type": "Feature",
      "properties": {
        "@id": "way/309052088",
        "addr:city": "İstanbul",
        "amenity": "place_of_worship",
        "building": "mosque",
        "name": "Mesih Ali Paşa Camii",
        "religion": "muslim",
        "wikipedia": "tr:Mesih Mehmed Paşa Camii",
        "@geometry": "center"
      },
      "geometry": {
        "type": "Point",
        "coordinates": [
          28.9434679,
          41.0219798
        ]
      },
      "id": "way/309052088"
    },
    {
      "type": "Feature",
      "properties": {
        "@id": "way/309052089",
        "addr:city": "İstanbul",
        "addr:district": "Fatih",
        "amenity": "place_of_worship",
        "building": "mosque",
        "denomination": "sunni",
        "name": "Altay Camii",
        "religion": "muslim",
        "wheelchair": "no",
        "wikidata": "Q127418103",
        "@geometry": "center"
      },
      "geometry": {
        "type": "Point",
        "coordinates": [
          28.9430823,
          41.0231501
        ]
      },
      "id": "way/309052089"
    },
    {
      "type": "Feature",
      "properties": {
        "@id": "way/309052097",
        "addr:city": "İstanbul",
        "amenity": "place_of_worship",
        "building": "mosque",
        "name": "Bali Paşa Camii",
        "religion": "muslim",
        "wikidata": "Q6089785",
        "wikimedia_commons": "Category:Bali Paşa mosque",
        "wikipedia": "tr:Bali Paşa Camii",
        "@geometry": "center"
      },
      "geometry": {
        "type": "Point",
        "coordinates": [
          28.9439883,
          41.0190168
        ]
      },
      "id": "way/309052097"
    },
    {
      "type": "Feature",
      "properties": {
        "@id": "way/309052101",
        "addr:city": "İstanbul",
        "amenity": "place_of_worship",
        "building": "mosque",
        "name": "Kadı Asker Mehmet Efendi Parmakkapı Cami",
        "religion": "muslim",
        "wheelchair": "yes",
        "wikidata": "Q127418482",
        "@geometry": "center"
      },
      "geometry": {
        "type": "Point",
        "coordinates": [
          28.9418525,
          41.0174007
        ]
      },
      "id": "way/309052101"
    },
    {
      "type": "Feature",
      "properties": {
        "@id": "way/309054801",
        "addr:city": "İstanbul",
        "amenity": "place_of_worship",
        "building": "mosque",
        "denomination": "sunni",
        "name": "Beyceğiz Camii",
        "name:ar": "جامع بيه جيز",
        "religion": "muslim",
        "wikidata": "Q127418146",
        "@geometry": "center"
      },
      "geometry": {
        "type": "Point",
        "coordinates": [
          28.9463798,
          41.0258812
        ]
      },
      "id": "way/309054801"
    },
    {
      "type": "Feature",
      "properties": {
        "@id": "way/309191780",
        "access": "no",
        "image": "https://commons.wikimedia.org/wiki/File:Silahtara%C4%9Fa_Youth_Park_in_April_2023_02.jpg",
        "leisure": "park",
        "name": "Silahtarağa Gençlik Parkı",
        "nat_name": "İGDAŞ Parkı",
        "operator": "İstanbul Büyükşehir Belediyesi",
        "operator:short": "İBB",
        "operator:type": "public",
        "operator:wikidata": "Q6085390",
        "start_date": "2 Nisan 2023",
        "wikidata": "Q125501713",
        "wikimedia_commons": "Category:Silahtarağa Youth Park",
        "@geometry": "center"
      },
      "geometry": {
        "type": "Point",
        "coordinates": [
          28.9439111,
          41.0710241
        ]
      },
      "id": "way/309191780"
    },
    {
      "type": "Feature",
      "properties": {
        "@id": "way/309191786",
        "addr:city": "İstanbul",
        "amenity": "place_of_worship",
        "building": "mosque",
        "denomination": "sunni",
        "name": "Cezer-i Kasım Cami",
        "religion": "muslim",
        "wikidata": "Q31193307",
        "wikimedia_commons": "Category:Cezeri Kasım Pasha Mosque (Eyüpsultan)",
        "wikipedia": "tr:Cezeri Kasım Paşa Camii (Eyüpsultan)",
        "@geometry": "center"
      },
      "geometry": {
        "type": "Point",
        "coordinates": [
          28.9361825,
          41.0434933
        ]
      },
      "id": "way/309191786"
    },
    {
      "type": "Feature",
      "properties": {
        "@id": "way/309193695",
        "amenity": "place_of_worship",
        "building": "mosque",
        "denomination": "sunni",
        "name": "Ağva Çelebi Ahmet Camii",
        "religion": "muslim",
        "wikidata": "Q127418196",
        "@geometry": "center"
      },
      "geometry": {
        "type": "Point",
        "coordinates": [
          29.8569388,
          41.1382383
        ]
      },
      "id": "way/309193695"
    },
    {
      "type": "Feature",
      "properties": {
        "@id": "way/311111113",
        "addr:city": "İstanbul",
        "addr:district": "Beşiktaş",
        "addr:housenumber": "36",
        "addr:neighbourhood": "Etiler Mahallesi",
        "addr:postcode": "34337",
        "addr:street": "Tepecik Yolu",
        "amenity": "place_of_worship",
        "building": "mosque",
        "name": "Etiler Cami",
        "religion": "muslim",
        "wikidata": "Q60581196",
        "wikimedia_commons": "Category:Etiler Mosque",
        "@geometry": "center"
      },
      "geometry": {
        "type": "Point",
        "coordinates": [
          29.0313873,
          41.0829002
        ]
      },
      "id": "way/311111113"
    },
    {
      "type": "Feature",
      "properties": {
        "@id": "way/311681431",
        "addr:street": "Divanyolu Caddesi",
        "building": "yes",
        "name": "Sağlık Müzesi",
        "name:ru": "Музей здоровья",
        "tourism": "museum",
        "@geometry": "center"
      },
      "geometry": {
        "type": "Point",
        "coordinates": [
          28.9752897,
          41.0083138
        ]
      },
      "id": "way/311681431"
    },
    {
      "type": "Feature",
      "properties": {
        "@id": "way/312484207",
        "building": "yes",
        "image": "https://www.millisaraylar.gov.tr/Content/kasirlar/ihlamur-kasirlari/images/kasr-galeri-9.jpg",
        "museum": "history",
        "name": "Ihlamur Kasrı (Merasim Köşkü)",
        "name:en": "Ceremony Pavilion",
        "operator": "Milli Saraylar",
        "tourism": "museum",
        "wikidata": "Q2330055",
        "wikimedia_commons": "Category:Ihlamur Palace",
        "wikipedia": "tr:Ihlamur Kasrı",
        "@geometry": "center"
      },
      "geometry": {
        "type": "Point",
        "coordinates": [
          29.0011953,
          41.0507255
        ]
      },
      "id": "way/312484207"
    },
    {
      "type": "Feature",
      "properties": {
        "@id": "way/312748713",
        "addr:city": "İstanbul",
        "addr:district": "Fatih",
        "amenity": "place_of_worship",
        "building": "mosque",
        "denomination": "sunni",
        "name": "Seyyid Ömer Camii",
        "religion": "muslim",
        "wikidata": "Q127418524",
        "@geometry": "center"
      },
      "geometry": {
        "type": "Point",
        "coordinates": [
          28.9319856,
          41.0098196
        ]
      },
      "id": "way/312748713"
    },
    {
      "type": "Feature",
      "properties": {
        "@id": "way/312748714",
        "addr:city": "İstanbul",
        "addr:district": "Fatih",
        "amenity": "place_of_worship",
        "building": "yes",
        "name": "Hüseyin Kethüda Sormagir Camii",
        "religion": "muslim",
        "wikidata": "Q127418313",
        "wikimedia_commons": "Category:Sorma Gir Mosque",
        "@geometry": "center"
      },
      "geometry": {
        "type": "Point",
        "coordinates": [
          28.9330403,
          41.0080725
        ]
      },
      "id": "way/312748714"
    },
    {
      "type": "Feature",
      "properties": {
        "@id": "way/312748715",
        "addr:city": "İstanbul",
        "amenity": "place_of_worship",
        "building": "mosque",
        "denomination": "sunni",
        "name": "Hekimoğlu Alipaşa Camii",
        "name:ar": "حاكيم أوغلو علي باشا جامي",
        "name:ru": "Комплекс Хекимоглу Али-паши",
        "religion": "muslim",
        "wikidata": "Q6095391",
        "wikimedia_commons": "Category:Hekimoğlu Ali Pasha Mosque",
        "wikipedia": "en:Hekimoğlu Ali Pasha Mosque",
        "@geometry": "center"
      },
      "geometry": {
        "type": "Point",
        "coordinates": [
          28.935016,
          41.0061885
        ]
      },
      "id": "way/312748715"
    },
    {
      "type": "Feature",
      "properties": {
        "@id": "way/312748719",
        "addr:city": "İstanbul",
        "addr:district": "Fatih",
        "amenity": "place_of_worship",
        "building": "mosque",
        "denomination": "sunni",
        "name": "Başçı Mahmut Camii",
        "name:ar": "جامع باشجي محمود",
        "religion": "muslim",
        "wikidata": "Q127418133",
        "@geometry": "center"
      },
      "geometry": {
        "type": "Point",
        "coordinates": [
          28.9406732,
          41.0096176
        ]
      },
      "id": "way/312748719"
    },
    {
      "type": "Feature",
      "properties": {
        "@id": "way/312748721",
        "addr:city": "İstanbul",
        "addr:district": "Fatih",
        "amenity": "place_of_worship",
        "building": "mosque",
        "denomination": "sunni",
        "name": "İskender Paşa Camii",
        "name:ar": "جامع إسكندر باشا",
        "religion": "muslim",
        "wikidata": "Q6045782",
        "wikimedia_commons": "Category:İskender Pasha Mosque (Fatih)",
        "wikipedia": "en:İskender Pasha Mosque, Fatih",
        "@geometry": "center"
      },
      "geometry": {
        "type": "Point",
        "coordinates": [
          28.9480053,
          41.0166187
        ]
      },
      "id": "way/312748721"
    },
    {
      "type": "Feature",
      "properties": {
        "@id": "way/312761033",
        "addr:city": "İstanbul",
        "addr:district": "Çatalca",
        "amenity": "place_of_worship",
        "building": "mosque",
        "name": "Alipaşa Cami",
        "religion": "muslim",
        "wikidata": "Q127418100",
        "@geometry": "center"
      },
      "geometry": {
        "type": "Point",
        "coordinates": [
          28.4652888,
          41.1410394
        ]
      },
      "id": "way/312761033"
    },
    {
      "type": "Feature",
      "properties": {
        "@id": "way/312761034",
        "amenity": "place_of_worship",
        "building": "mosque",
        "name": "Kaleiçi Camii",
        "religion": "muslim",
        "wikidata": "Q127418334",
        "wikimedia_commons": "Category:Kaleiçi Mosque",
        "@geometry": "center"
      },
      "geometry": {
        "type": "Point",
        "coordinates": [
          28.457674,
          41.1449787
        ]
      },
      "id": "way/312761034"
    },
    {
      "type": "Feature",
      "properties": {
        "@id": "way/312776165",
        "amenity": "place_of_worship",
        "building": "mosque",
        "name": "Hamid-i Evvel Camii",
        "religion": "muslim",
        "wikidata": "Q127418286",
        "wikimedia_commons": "Category:Hamid-i Evvel Mosque",
        "@geometry": "center"
      },
      "geometry": {
        "type": "Point",
        "coordinates": [
          29.1519687,
          41.2171527
        ]
      },
      "id": "way/312776165"
    },
    {
      "type": "Feature",
      "properties": {
        "@id": "way/314202173",
        "addr:city": "İstanbul",
        "addr:district": "Kadıköy",
        "addr:neighbourhood": "Caddebostan Mahallesi",
        "addr:postcode": "34728",
        "building": "müze",
        "building:levels": "2",
        "image": "https://gezilmesigerekenyerler.com/wp-content/uploads/2024/03/Kemal-Sunal-Muzesi-Istanbul.webp",
        "museum": "person",
        "name": "Kemal Sunal Müzesi",
        "tourism": "museum",
        "website": "https://gezilmesigerekenyerler.com/kemal-sunal-muzesi-istanbul/",
        "wikipedia": "tr:Kemal Sunal Müzesi",
        "@geometry": "center"
      },
      "geometry": {
        "type": "Point",
        "coordinates": [
          29.0578153,
          40.9708911
        ]
      },
      "id": "way/314202173"
    },
    {
      "type": "Feature",
      "properties": {
        "@id": "way/314676669",
        "addr:city": "İstanbul",
        "addr:district": "Fatih",
        "amenity": "place_of_worship",
        "building": "mosque",
        "denomination": "sunni",
        "name": "Şeb Sefa Hatun Camii",
        "name:ar": "شيب صفا هاتون جامي",
        "religion": "muslim",
        "wikidata": "Q31190650",
        "wikimedia_commons": "Category:Şepsefa Hatun Mosque",
        "wikipedia": "tr:Şepsafa Camii",
        "@geometry": "center"
      },
      "geometry": {
        "type": "Point",
        "coordinates": [
          28.9588589,
          41.0193594
        ]
      },
      "id": "way/314676669"
    },
    {
      "type": "Feature",
      "properties": {
        "@id": "way/314703032",
        "addr:city": "İstanbul",
        "addr:district": "Fatih",
        "amenity": "place_of_worship",
        "building": "mosque",
        "denomination": "sunni",
        "name": "Bala Süleyman Ağa Cami",
        "name:ar": "مسجد بالا سليمان آغا",
        "religion": "muslim",
        "wikidata": "Q132134385",
        "wikimedia_commons": "Category:Bala Süleyman Ağa Mosque",
        "@geometry": "center"
      },
      "geometry": {
        "type": "Point",
        "coordinates": [
          28.9239674,
          41.0079853
        ]
      },
      "id": "way/314703032"
    },
    {
      "type": "Feature",
      "properties": {
        "@id": "way/315742592",
        "addr:city": "İstanbul",
        "addr:district": "Fatih",
        "amenity": "place_of_worship",
        "building": "mosque",
        "denomination": "sunni",
        "name": "Atik Ali Paşa Camii",
        "name:ar": "جامع علي باشا العتيق",
        "note": "Wheelchair accesible only from Atik Ali Pasha Cami Sokak and Nisanca Caddesi.",
        "religion": "muslim",
        "wheelchair": "yes",
        "wikidata": "Q6022200",
        "wikimedia_commons": "Category:Vasat Atik Ali Pasha Mosque",
        "wikipedia": "en:Vasat Atik Ali Pasha Mosque",
        "@geometry": "center"
      },
      "geometry": {
        "type": "Point",
        "coordinates": [
          28.9417766,
          41.0249067
        ]
      },
      "id": "way/315742592"
    },
    {
      "type": "Feature",
      "properties": {
        "@id": "way/315742594",
        "addr:city": "İstanbul",
        "addr:district": "Fatih",
        "amenity": "place_of_worship",
        "building": "mosque",
        "name": "Pirinççi Sinan Ağa Camii",
        "religion": "muslim",
        "wikidata": "Q127418489",
        "@geometry": "center"
      },
      "geometry": {
        "type": "Point",
        "coordinates": [
          28.9456754,
          41.0222445
        ]
      },
      "id": "way/315742594"
    },
    {
      "type": "Feature",
      "properties": {
        "@id": "way/315745065",
        "addr:city": "İstanbul",
        "addr:district": "Fatih",
        "amenity": "place_of_worship",
        "building": "mosque",
        "denomination": "sunni",
        "name": "Öküz Mehmet Paşa Camii",
        "name:ar": "جامع اوكوز محمد باشا",
        "religion": "muslim",
        "wikidata": "Q118406173",
        "wikimedia_commons": "Category:Öküz Mehmed Paşa Mosque",
        "wikipedia": "tr:Öküz Mehmed Paşa Camii",
        "@geometry": "center"
      },
      "geometry": {
        "type": "Point",
        "coordinates": [
          28.9382485,
          41.0242588
        ]
      },
      "id": "way/315745065"
    },
    {
      "type": "Feature",
      "properties": {
        "@id": "way/315745070",
        "addr:city": "İstanbul",
        "addr:district": "Fatih",
        "amenity": "place_of_worship",
        "building": "mosque",
        "denomination": "sunni",
        "name": "Macuncu Kasım Camii",
        "religion": "muslim",
        "wikidata": "Q127418405",
        "@geometry": "center"
      },
      "geometry": {
        "type": "Point",
        "coordinates": [
          28.9345021,
          41.0122338
        ]
      },
      "id": "way/315745070"
    },
    {
      "type": "Feature",
      "properties": {
        "@id": "way/315745071",
        "addr:city": "İstanbul",
        "addr:district": "Fatih",
        "amenity": "place_of_worship",
        "building": "mosque",
        "denomination": "sunni",
        "name": "Koruk Mahmudağa Camii",
        "religion": "muslim",
        "wikidata": "Q127418387",
        "@geometry": "center"
      },
      "geometry": {
        "type": "Point",
        "coordinates": [
          28.9318221,
          41.0113043
        ]
      },
      "id": "way/315745071"
    },
    {
      "type": "Feature",
      "properties": {
        "@id": "way/315747282",
        "addr:city": "İstanbul",
        "addr:district": "Fatih",
        "addr:neighbourhood": "Şehremini Mahallesi",
        "amenity": "place_of_worship",
        "building": "mosque",
        "denomination": "sunni",
        "name": "Odabaşı Camii",
        "religion": "muslim",
        "wikidata": "Q6052881",
        "wikimedia_commons": "Category:Has Odabaşı Behruz Ağa mosque",
        "wikipedia": "tr:Odabaşı Camii",
        "@geometry": "center"
      },
      "geometry": {
        "type": "Point",
        "coordinates": [
          28.9311526,
          41.0120106
        ]
      },
      "id": "way/315747282"
    },
    {
      "type": "Feature",
      "properties": {
        "@id": "way/316903985",
        "addr:city": "İstanbul",
        "alt_name": "Pertevniyal Valide Sultan Camii",
        "amenity": "place_of_worship",
        "building": "mosque",
        "denomination": "sunni",
        "name": "Aksaray Valide Sultan Camii",
        "name:en": "Pertevniyal Valide Sultan Mosque",
        "religion": "muslim",
        "source": "bing",
        "wheelchair": "no",
        "wikidata": "Q2719785",
        "wikimedia_commons": "Category:Pertevniyal Valide Sultan Mosque",
        "wikipedia": "en:Pertevniyal Valide Sultan Mosque",
        "@geometry": "center"
      },
      "geometry": {
        "type": "Point",
        "coordinates": [
          28.9528903,
          41.0100345
        ]
      },
      "id": "way/316903985"
    },
    {
      "type": "Feature",
      "properties": {
        "@id": "way/316903986",
        "addr:city": "İstanbul",
        "addr:district": "Fatih",
        "amenity": "place_of_worship",
        "building": "mosque",
        "denomination": "sunni",
        "name": "Muratpasa Camii",
        "name:ar": "جامع مراد باشا",
        "religion": "muslim",
        "wheelchair": "limited",
        "wikidata": "Q60785191",
        "wikimedia_commons": "Category:Murat Paşa Mosque",
        "wikipedia": "en:Murat Pasha Mosque, Aksaray",
        "@geometry": "center"
      },
      "geometry": {
        "type": "Point",
        "coordinates": [
          28.9489466,
          41.0103225
        ]
      },
      "id": "way/316903986"
    },
    {
      "type": "Feature",
      "properties": {
        "@id": "way/316903989",
        "addr:city": "İstanbul",
        "addr:district": "Fatih",
        "alt_name": "Cerrah Mehmet Paşa Camii",
        "amenity": "place_of_worship",
        "building": "mosque",
        "denomination": "sunni",
        "name": "Cerrahpaşa Camii",
        "name:ar": "جامع جراح باشا",
        "name:en": "Cerrah Pasha Mosque",
        "name:ru": "Мечеть Джеррах-паши",
        "religion": "muslim",
        "wikidata": "Q6024409",
        "wikimedia_commons": "Category:Cerrah Pasha Mosque",
        "wikipedia": "tr:Cerrah Mehmed Paşa Camii",
        "@geometry": "center"
      },
      "geometry": {
        "type": "Point",
        "coordinates": [
          28.9450572,
          41.0077118
        ]
      },
      "id": "way/316903989"
    },
    {
      "type": "Feature",
      "properties": {
        "@id": "way/316903990",
        "addr:city": "İstanbul",
        "addr:district": "Fatih",
        "amenity": "place_of_worship",
        "building": "mosque",
        "denomination": "sunni",
        "name": "Selçuk Sultan Camii",
        "name:ar": "جامع السلطان سلجوق",
        "religion": "muslim",
        "wheelchair": "limited",
        "wikidata": "Q127418518",
        "wikimedia_commons": "Category:Selçuk Sultan Mosque",
        "@geometry": "center"
      },
      "geometry": {
        "type": "Point",
        "coordinates": [
          28.944349,
          41.0110595
        ]
      },
      "id": "way/316903990"
    },
    {
      "type": "Feature",
      "properties": {
        "@id": "way/317507205",
        "amenity": "place_of_worship",
        "building": "mosque",
        "denomination": "sunni",
        "name": "Arnavutköy Osmanlı Camii",
        "religion": "muslim",
        "was:amenity": "place_of_worship",
        "was:religion": "christian",
        "wikidata": "Q6062135",
        "wikipedia": "tr:Osmanlı Camii",
        "@geometry": "center"
      },
      "geometry": {
        "type": "Point",
        "coordinates": [
          28.7420596,
          41.1881752
        ]
      },
      "id": "way/317507205"
    },
    {
      "type": "Feature",
      "properties": {
        "@id": "way/319020883",
        "addr:city": "İstanbul",
        "addr:district": "Fatih",
        "addr:neighbourhood": "Cankurtaran Mahallesi",
        "addr:postcode": "34122",
        "building": "yes",
        "fee": "yes",
        "historic": "building",
        "name": "İstanbul Arkeoloji Müzesi",
        "name:br": "Mirdi Arkeologiezh Istanbul",
        "name:en": "Istanbul Archaeological Museum",
        "name:es": "Museo arqueológico de Estambul",
        "name:fa": "موزه‌های باستان‌شناسی استانبول",
        "name:fr": "Musée archéologique d’Istanbul",
        "name:hi": "इस्तांबुल पुरातात्विक संग्रहालय",
        "name:ru": "Археологический музей",
        "name:zh": "伊斯坦堡考古博物館/伊斯坦布尔考古博物馆",
        "name:zh-Hans": "伊斯坦布尔考古博物馆",
        "name:zh-Hant": "伊斯坦堡考古博物館",
        "opening_hours": "Tu-Su 09:00-19:00",
        "start_date": "1891",
        "tourism": "museum",
        "website": "https://muze.gen.tr/",
        "wikidata": "Q136402588",
        "wikimedia_commons": "Category:Istanbul Archaeological Museums (main building)",
        "@geometry": "center"
      },
      "geometry": {
        "type": "Point",
        "coordinates": [
          28.9813725,
          41.0116433
        ]
      },
      "id": "way/319020883"
    },
    {
      "type": "Feature",
      "properties": {
        "@id": "way/319029239",
        "access": "yes",
        "handrail": "yes",
        "highway": "steps",
        "incline": "down",
        "name": "Kamondo Merdivenleri",
        "name:en": "Camondo Stairs",
        "name:ru": "лестница Камондо",
        "name:tr": "Kamondo Merdivenleri",
        "ramp": "no",
        "step_count": "44",
        "surface": "sett",
        "tourism": "attraction",
        "wikidata": "Q6027749",
        "wikipedia": "en:Camondo Stairs",
        "@geometry": "center"
      },
      "geometry": {
        "type": "Point",
        "coordinates": [
          28.9737782,
          41.023967
        ]
      },
      "id": "way/319029239"
    },
    {
      "type": "Feature",
      "properties": {
        "@id": "way/319030569",
        "amenity": "place_of_worship",
        "building": "mosque",
        "name": "İmrahor Camii",
        "name:ru": "мечеть Имрахор",
        "name:tr": "İmrahor Camii",
        "religion": "muslim",
        "wikidata": "Q6049169",
        "wikimedia_commons": "Category:İmrahor Mosque (Üsküdar)",
        "wikipedia": "tr:İmrahor Camii (Üsküdar)",
        "@geometry": "center"
      },
      "geometry": {
        "type": "Point",
        "coordinates": [
          29.0102531,
          41.0213963
        ]
      },
      "id": "way/319030569"
    },
    {
      "type": "Feature",
      "properties": {
        "@id": "way/320172199",
        "addr:city": "Istanbul",
        "addr:district": "Beşiktaş",
        "addr:neighbourhood": "Balmumcu Mahallesi",
        "addr:postcode": "34349",
        "addr:street": "Büyükkuyu Sokağı",
        "amenity": "place_of_worship",
        "building": "mosque",
        "denomination": "sunni",
        "name": "Teşrifatçı Hacı Mahmut Camii",
        "religion": "muslim",
        "source": "bing",
        "wikidata": "Q127418581",
        "@geometry": "center"
      },
      "geometry": {
        "type": "Point",
        "coordinates": [
          29.0225632,
          41.054148
        ]
      },
      "id": "way/320172199"
    },
    {
      "type": "Feature",
      "properties": {
        "@id": "way/321515438",
        "building": "yes",
        "tourism": "museum",
        "@geometry": "center"
      },
      "geometry": {
        "type": "Point",
        "coordinates": [
          28.9493459,
          41.0427903
        ]
      },
      "id": "way/321515438"
    },
    {
      "type": "Feature",
      "properties": {
        "@id": "way/324022454",
        "building": "yes",
        "name": "Büyük Mabeyn Köşkü",
        "roof:material": "copper",
        "roof:shape": "hipped",
        "tourism": "museum",
        "wikidata": "Q31191094",
        "wikimedia_commons": "File:İstanbul 5717.jpg",
        "wikipedia": "tr:Büyük Mabeyn Köşkü",
        "@geometry": "center"
      },
      "geometry": {
        "type": "Point",
        "coordinates": [
          29.010926,
          41.0502671
        ]
      },
      "id": "way/324022454"
    },
    {
      "type": "Feature",
      "properties": {
        "@id": "way/324173876",
        "building": "yes",
        "name": "Set Köşkü",
        "tourism": "museum",
        "@geometry": "center"
      },
      "geometry": {
        "type": "Point",
        "coordinates": [
          29.010636,
          41.0501024
        ]
      },
      "id": "way/324173876"
    },
    {
      "type": "Feature",
      "properties": {
        "@id": "way/326354955",
        "building": "yes",
        "name": "Şehir Müzesi",
        "tourism": "museum",
        "@geometry": "center"
      },
      "geometry": {
        "type": "Point",
        "coordinates": [
          29.0131585,
          41.0514836
        ]
      },
      "id": "way/326354955"
    },
    {
      "type": "Feature",
      "properties": {
        "@id": "way/326370631",
        "name": "Saray Tiyatrosu ve Sahne Sanatları Müzesi",
        "tourism": "museum",
        "@geometry": "center"
      },
      "geometry": {
        "type": "Point",
        "coordinates": [
          29.0120193,
          41.0514006
        ]
      },
      "id": "way/326370631"
    },
    {
      "type": "Feature",
      "properties": {
        "@id": "way/326372295",
        "building": "yes",
        "name": "Yıldız Sarayı Müze Müdürlüğü",
        "tourism": "museum",
        "wikidata": "Q108564974",
        "@geometry": "center"
      },
      "geometry": {
        "type": "Point",
        "coordinates": [
          29.0115888,
          41.0499954
        ]
      },
      "id": "way/326372295"
    },
    {
      "type": "Feature",
      "properties": {
        "@id": "way/327264553",
        "amenity": "place_of_worship",
        "building": "mosque",
        "building:levels": "2",
        "name": "Gaysunizade Mehmet Efendi Camii",
        "religion": "muslim",
        "wikidata": "Q127418251",
        "wikimedia_commons": "Category:Gaysunizade Mehmet Efendi Mosque",
        "@geometry": "center"
      },
      "geometry": {
        "type": "Point",
        "coordinates": [
          28.9424811,
          41.0485527
        ]
      },
      "id": "way/327264553"
    },
    {
      "type": "Feature",
      "properties": {
        "@id": "way/327560146",
        "building": "yes",
        "name": "Şale Kasrı",
        "roof:material": "roof_tiles",
        "roof:shape": "hipped",
        "tourism": "museum",
        "wikimedia_commons": "Category:Şale Kiosk",
        "@geometry": "center"
      },
      "geometry": {
        "type": "Point",
        "coordinates": [
          29.0126133,
          41.0520986
        ]
      },
      "id": "way/327560146"
    },
    {
      "type": "Feature",
      "properties": {
        "@id": "way/329062194",
        "building": "yes",
        "historic": "tomb",
        "name": "Sultan 2. Mahmut Türbesi",
        "name:ar": "سلطان الثاني محموت توربيسي",
        "name:en": "Mausoleum of Sultan Mahmud II",
        "tomb": "mausoleum",
        "wheelchair": "no",
        "wikidata": "Q174791",
        "wikimedia_commons": "Category:Mausoleum of Sultan Mahmud II",
        "wikipedia": "tr:II. Mahmud",
        "@geometry": "center"
      },
      "geometry": {
        "type": "Point",
        "coordinates": [
          28.9725914,
          41.0084813
        ]
      },
      "id": "way/329062194"
    },
    {
      "type": "Feature",
      "properties": {
        "@id": "way/329063100",
        "addr:city": "İstanbul",
        "addr:district": "Fatih",
        "building": "yes",
        "historic": "tomb",
        "image": "https://photos.app.goo.gl/SaAaeXadrcqkguBV7",
        "name": "Sinan Paşa Türbesi",
        "name:ar": "سنان باشا توربيسي جامي",
        "name:en": "Tomb of Sinan Pasha",
        "wikidata": "Q1378425",
        "wikipedia": "tr:Sinan Paşa",
        "@geometry": "center"
      },
      "geometry": {
        "type": "Point",
        "coordinates": [
          28.9687309,
          41.0088174
        ]
      },
      "id": "way/329063100"
    },
    {
      "type": "Feature",
      "properties": {
        "@id": "way/329087345",
        "addr:city": "İstanbul",
        "addr:district": "Fatih",
        "addr:street": "Koca Mustafa Paşa Caddesi",
        "amenity": "place_of_worship",
        "building": "mosque",
        "denomination": "sunni",
        "name": "Sümbül Efendi Camii",
        "name:ar": "جامع سمبل أفندي",
        "religion": "muslim",
        "wikidata": "Q608787",
        "wikimedia_commons": "Category:Koca Mustafa Pasha Mosque",
        "wikipedia": "en:Koca Mustafa Pasha Mosque",
        "@geometry": "center"
      },
      "geometry": {
        "type": "Point",
        "coordinates": [
          28.9286823,
          41.0033567
        ]
      },
      "id": "way/329087345"
    },
    {
      "type": "Feature",
      "properties": {
        "@id": "way/329089871",
        "building": "yes",
        "name": "Aziz Mahmud Hüdayi Vakfı Gazanfer Ağa Medresesi Eğitim ve Kültür Merkezi",
        "tourism": "museum",
        "@geometry": "center"
      },
      "geometry": {
        "type": "Point",
        "coordinates": [
          28.955438,
          41.0163425
        ]
      },
      "id": "way/329089871"
    },
    {
      "type": "Feature",
      "properties": {
        "@id": "way/329093497",
        "amenity": "place_of_worship",
        "building": "mosque",
        "denomination": "sunni",
        "name": "Üç Mihraplı Camii",
        "religion": "muslim",
        "wikidata": "Q6019417",
        "wikimedia_commons": "Category:Mosque with Three Mihrabs",
        "wikipedia": "tr:Üç Mihraplı Camii",
        "@geometry": "center"
      },
      "geometry": {
        "type": "Point",
        "coordinates": [
          28.9634071,
          41.0202424
        ]
      },
      "id": "way/329093497"
    },
    {
      "type": "Feature",
      "properties": {
        "@id": "way/329093499",
        "amenity": "place_of_worship",
        "building": "mosque",
        "name": "Yavuz Ersinan Cami",
        "religion": "muslim",
        "wikidata": "Q127418624",
        "@geometry": "center"
      },
      "geometry": {
        "type": "Point",
        "coordinates": [
          28.9621353,
          41.0215465
        ]
      },
      "id": "way/329093499"
    },
    {
      "type": "Feature",
      "properties": {
        "@id": "way/329094469",
        "building": "yes",
        "name": "Amcazade Külliyesi",
        "tourism": "museum",
        "@geometry": "center"
      },
      "geometry": {
        "type": "Point",
        "coordinates": [
          28.9520598,
          41.0152743
        ]
      },
      "id": "way/329094469"
    },
    {
      "type": "Feature",
      "properties": {
        "@id": "way/329094956",
        "amenity": "place_of_worship",
        "building": "yes",
        "name": "Sultan Selim Camii",
        "religion": "muslim",
        "wikidata": "Q127418541",
        "@geometry": "center"
      },
      "geometry": {
        "type": "Point",
        "coordinates": [
          28.9420736,
          41.0149778
        ]
      },
      "id": "way/329094956"
    },
    {
      "type": "Feature",
      "properties": {
        "@id": "way/329095050",
        "addr:city": "İstanbul",
        "addr:district": "Fatih",
        "amenity": "place_of_worship",
        "building": "mosque",
        "denomination": "sunni",
        "name": "Molla Fenari İsa Camii",
        "name:ru": "Мечеть Фенери Иса",
        "religion": "muslim",
        "source": "bing",
        "wheelchair": "yes",
        "wikidata": "Q2424612",
        "wikimedia_commons": "Category:Fenari Isa Mosque",
        "wikipedia": "en:Fenari Isa Mosque",
        "@geometry": "center"
      },
      "geometry": {
        "type": "Point",
        "coordinates": [
          28.9438258,
          41.015067
        ]
      },
      "id": "way/329095050"
    },
    {
      "type": "Feature",
      "properties": {
        "@id": "way/329208783",
        "addr:city": "İstanbul",
        "addr:district": "Fatih",
        "amenity": "place_of_worship",
        "building": "mosque",
        "denomination": "sunni",
        "name": "Kantarcılar Mescidi",
        "name:ar": "كانتارجنار جامي",
        "religion": "muslim",
        "wikidata": "Q127418339",
        "wikimedia_commons": "Category:Kantarcılar Mosque",
        "@geometry": "center"
      },
      "geometry": {
        "type": "Point",
        "coordinates": [
          28.9659675,
          41.018647
        ]
      },
      "id": "way/329208783"
    },
    {
      "type": "Feature",
      "properties": {
        "@id": "way/329233190",
        "building": "shrine",
        "historic": "tomb",
        "name": "Ferhat Paşa Türbesi",
        "wikidata": "Q131391053",
        "@geometry": "center"
      },
      "geometry": {
        "type": "Point",
        "coordinates": [
          28.9353119,
          41.047351
        ]
      },
      "id": "way/329233190"
    },
    {
      "type": "Feature",
      "properties": {
        "@id": "way/329233909",
        "addr:city": "İstanbul",
        "addr:district": "Fatih",
        "amenity": "place_of_worship",
        "building": "mosque",
        "denomination": "sunni",
        "historic": "church",
        "historic:civilization": "byzantine",
        "name": "Hz. Cabir Cami",
        "name:ar": "جامع حضرة جابر",
        "name:ru": "Мечеть Джабир",
        "old_name": "Άγία Θέκλα τοῦ Παλατίου τῶν Βλαχερνών",
        "old_name:en": "Saint Thekla of the Palace of Blachernae",
        "religion": "muslim",
        "start_date": "1059",
        "wikidata": "Q2706762",
        "wikimedia_commons": "Category:Atik Mustafa Pasha Mosque",
        "wikipedia": "en:Atik Mustafa Pasha Mosque",
        "@geometry": "center"
      },
      "geometry": {
        "type": "Point",
        "coordinates": [
          28.9441211,
          41.0385943
        ]
      },
      "id": "way/329233909"
    },
    {
      "type": "Feature",
      "properties": {
        "@id": "way/329233993",
        "amenity": "place_of_worship",
        "building": "yes",
        "denomination": "greek_orthodox",
        "name": "Θεοτόκος των Βλαχερνών",
        "name:de": "Sankt Maria von Blachernae",
        "religion": "christian",
        "start_date": "473",
        "wikidata": "Q1069807",
        "wikimedia_commons": "Category:Church of St. Mary of Blachernae (Istanbul)",
        "wikipedia": "en:Church of St. Mary of Blachernae",
        "@geometry": "center"
      },
      "geometry": {
        "type": "Point",
        "coordinates": [
          28.9425923,
          41.0384296
        ]
      },
      "id": "way/329233993"
    },
    {
      "type": "Feature",
      "properties": {
        "@id": "way/329234516",
        "amenity": "place_of_worship",
        "building": "mosque",
        "denomination": "sunni",
        "name": "Hirami Ahmet Paşa Cami",
        "name:ru": "Церковь Иоанна Крестителья в Труле",
        "religion": "muslim",
        "source": "St John in Trullo Kilisesi",
        "wikidata": "Q1572506",
        "wikimedia_commons": "Category:Hirami Ahmet Pasha Mosque",
        "wikipedia": "tr:Hirami Ahmed Paşa Camii",
        "@geometry": "center"
      },
      "geometry": {
        "type": "Point",
        "coordinates": [
          28.9459042,
          41.0279635
        ]
      },
      "id": "way/329234516"
    },
    {
      "type": "Feature",
      "properties": {
        "@id": "way/329264309",
        "amenity": "place_of_worship",
        "building": "mosque",
        "name": "Şeyh Süleyman Mescidi",
        "name:ru": "Месджид Шейха Сулеймана",
        "religion": "muslim",
        "wikidata": "Q8082507",
        "wikimedia_commons": "Category:Şeyh Süleyman Mosque",
        "wikipedia": "en:Şeyh Süleyman Mosque",
        "@geometry": "center"
      },
      "geometry": {
        "type": "Point",
        "coordinates": [
          28.9553661,
          41.0192124
        ]
      },
      "id": "way/329264309"
    },
    {
      "type": "Feature",
      "properties": {
        "@id": "way/329350072",
        "addr:city": "İstanbul",
        "addr:district": "Fatih",
        "amenity": "place_of_worship",
        "building": "mosque",
        "denomination": "sunni",
        "name": "Sancaktar Hayrettin Cami",
        "name:ar": "جامع سنجاكتار خيرالدين",
        "religion": "muslim",
        "wikidata": "Q514563",
        "wikimedia_commons": "Category:Sancaktar Hayrettin Mosque",
        "wikipedia": "tr:Sancaktar Hayreddin Camii",
        "@geometry": "center"
      },
      "geometry": {
        "type": "Point",
        "coordinates": [
          28.9346453,
          41.0027681
        ]
      },
      "id": "way/329350072"
    },
    {
      "type": "Feature",
      "properties": {
        "@id": "way/330343768",
        "amenity": "place_of_worship",
        "building": "mosque",
        "denomination": "sunni",
        "name": "Mimar Acem Örümceksiz Camii",
        "name:ar": "مسجد معمار أجيم أورومجكسيز جامي",
        "religion": "muslim",
        "wikidata": "Q6049303",
        "wikipedia": "tr:Mimar Acem Camii",
        "@geometry": "center"
      },
      "geometry": {
        "type": "Point",
        "coordinates": [
          28.9264836,
          41.0136121
        ]
      },
      "id": "way/330343768"
    },
    {
      "type": "Feature",
      "properties": {
        "@id": "way/330344403",
        "addr:city": "İstanbul",
        "addr:district": "Fatih",
        "addr:housenumber": "1",
        "addr:postcode": "34122",
        "addr:street": "Akbıyık Caddesi",
        "building": "yes",
        "historic": "ruins",
        "leisure": "turkish_bath",
        "name": "İshakpaşa Hamamı",
        "name:en": "İshakpaşa Hammam",
        "wikidata": "Q131738570",
        "wikimedia_commons": "Category:İshak Paşa Baths",
        "@geometry": "center"
      },
      "geometry": {
        "type": "Point",
        "coordinates": [
          28.9812065,
          41.0065719
        ]
      },
      "id": "way/330344403"
    },
    {
      "type": "Feature",
      "properties": {
        "@id": "way/330345672",
        "addr:country": "TR",
        "amenity": "place_of_worship",
        "building": "mosque",
        "name": "Kapıağası Mahmutağa Cami",
        "religion": "muslim",
        "wikidata": "Q127418341",
        "wikipedia": "tr:Kapı Ağası Camii",
        "@geometry": "center"
      },
      "geometry": {
        "type": "Point",
        "coordinates": [
          28.9767041,
          41.0032664
        ]
      },
      "id": "way/330345672"
    },
    {
      "type": "Feature",
      "properties": {
        "@id": "way/330346061",
        "addr:country": "TR",
        "amenity": "place_of_worship",
        "building": "mosque",
        "denomination": "sunni",
        "name": "Hasan Ağa Nakilbent Camii",
        "name:ar": "جامع حسن آغا",
        "religion": "muslim",
        "wikidata": "Q115631782",
        "wikimedia_commons": "Category:Nakilbend Mosque",
        "wikipedia": "tr:Nakilbend Camii",
        "@geometry": "center"
      },
      "geometry": {
        "type": "Point",
        "coordinates": [
          28.9749159,
          41.0039197
        ]
      },
      "id": "way/330346061"
    },
    {
      "type": "Feature",
      "properties": {
        "@id": "way/330346210",
        "addr:city": "İstanbul",
        "addr:district": "Fatih",
        "amenity": "place_of_worship",
        "building": "mosque",
        "name": "Dizdariye Cami",
        "name:ar": "جامع ديزداريا",
        "religion": "muslim",
        "wikidata": "Q127418219",
        "wikipedia": "tr:Dizdariye Camii",
        "@geometry": "center"
      },
      "geometry": {
        "type": "Point",
        "coordinates": [
          28.9718061,
          41.0061311
        ]
      },
      "id": "way/330346210"
    },
    {
      "type": "Feature",
      "properties": {
        "@id": "way/330347793",
        "addr:city": "İstanbul",
        "addr:district": "Fatih",
        "addr:street": "Tarakçılar Sokağı",
        "amenity": "place_of_worship",
        "building": "mosque",
        "denomination": "sunni",
        "name": "Tarakçılar Daye Hatun Camii",
        "name:ar": "دايي هاتون جاميي",
        "religion": "muslim",
        "wikidata": "Q127418210",
        "@geometry": "center"
      },
      "geometry": {
        "type": "Point",
        "coordinates": [
          28.9690965,
          41.0122308
        ]
      },
      "id": "way/330347793"
    },
    {
      "type": "Feature",
      "properties": {
        "@id": "way/330348666",
        "amenity": "place_of_worship",
        "building": "mosque",
        "denomination": "sunni",
        "name": "Kepenekçi Sinan Camii",
        "name:ar": "كيبينيجي سنان جامي",
        "religion": "muslim",
        "wheelchair": "limited",
        "wikidata": "Q127418376",
        "@geometry": "center"
      },
      "geometry": {
        "type": "Point",
        "coordinates": [
          28.9659007,
          41.0178783
        ]
      },
      "id": "way/330348666"
    },
    {
      "type": "Feature",
      "properties": {
        "@id": "way/330350873",
        "amenity": "place_of_worship",
        "building": "mosque",
        "denomination": "sunni",
        "name": "Hoca Gıyasettin Cami",
        "name:ar": "هوجا غياس الدين جامي",
        "religion": "muslim",
        "wikidata": "Q127418303",
        "@geometry": "center"
      },
      "geometry": {
        "type": "Point",
        "coordinates": [
          28.9617828,
          41.0187927
        ]
      },
      "id": "way/330350873"
    },
    {
      "type": "Feature",
      "properties": {
        "@id": "way/330355615",
        "amenity": "place_of_worship",
        "building": "mosque",
        "name": "Haraççı Karamehmet Camii",
        "name:ar": "جامع كاراتشي كارا ميهمت",
        "religion": "muslim",
        "wikidata": "Q121411116",
        "wikimedia_commons": "Category:Haraççı Kara Mehmet Camii",
        "@geometry": "center"
      },
      "geometry": {
        "type": "Point",
        "coordinates": [
          28.9601539,
          41.0234833
        ]
      },
      "id": "way/330355615"
    },
    {
      "type": "Feature",
      "properties": {
        "@id": "way/330356171",
        "amenity": "place_of_worship",
        "building": "mosque",
        "check_date": "2024-09-23",
        "name": "Bıçakçı Alaattin Cami",
        "religion": "muslim",
        "wikidata": "Q127418148",
        "@geometry": "center"
      },
      "geometry": {
        "type": "Point",
        "coordinates": [
          28.9573542,
          41.0218761
        ]
      },
      "id": "way/330356171"
    },
    {
      "type": "Feature",
      "properties": {
        "@id": "way/330356451",
        "addr:city": "İstanbul",
        "addr:district": "Fatih",
        "amenity": "place_of_worship",
        "building": "mosque",
        "check_date": "2024-09-26",
        "denomination": "sunni",
        "name": "Divitler Keklik Mehmet Efendi Cami",
        "name:ar": "جامع مهمت افندي",
        "religion": "muslim",
        "wikidata": "Q127418218",
        "@geometry": "center"
      },
      "geometry": {
        "type": "Point",
        "coordinates": [
          28.9559811,
          41.0216779
        ]
      },
      "id": "way/330356451"
    },
    {
      "type": "Feature",
      "properties": {
        "@id": "way/330357182",
        "addr:city": "İstanbul",
        "addr:district": "Fatih",
        "amenity": "place_of_worship",
        "building": "mosque",
        "denomination": "sunni",
        "name": "Hacı Hasan Cami",
        "name:ar": "جامع حجي حسن",
        "religion": "muslim",
        "wikidata": "Q127418269",
        "@geometry": "center"
      },
      "geometry": {
        "type": "Point",
        "coordinates": [
          28.9550467,
          41.0209167
        ]
      },
      "id": "way/330357182"
    },
    {
      "type": "Feature",
      "properties": {
        "@id": "way/330502465",
        "addr:city": "İstanbul",
        "addr:district": "Fatih",
        "amenity": "place_of_worship",
        "building": "mosque",
        "denomination": "sunni",
        "image": "https://photos.app.goo.gl/rt1rLfc91w5QvWgg8",
        "name": "Keçeçizade Fuat Paşa Cami",
        "name:ar": "جامع فؤاد باشا",
        "religion": "muslim",
        "wikidata": "Q125395790",
        "wikimedia_commons": "Category:Fuad Pasha Mosque",
        "wikipedia": "tr:Fuad Paşa Camii",
        "@geometry": "center"
      },
      "geometry": {
        "type": "Point",
        "coordinates": [
          28.9730343,
          41.0065463
        ]
      },
      "id": "way/330502465"
    },
    {
      "type": "Feature",
      "properties": {
        "@id": "way/330642634",
        "amenity": "place_of_worship",
        "building": "mosque",
        "denomination": "sunni",
        "name": "Kasap Demirhun Cami",
        "religion": "muslim",
        "wikidata": "Q127418355",
        "@geometry": "center"
      },
      "geometry": {
        "type": "Point",
        "coordinates": [
          28.9573242,
          41.0206621
        ]
      },
      "id": "way/330642634"
    },
    {
      "type": "Feature",
      "properties": {
        "@id": "way/330642838",
        "addr:city": "İstanbul",
        "addr:district": "Fatih",
        "amenity": "place_of_worship",
        "building": "mosque",
        "check_date": "2024-09-26",
        "denomination": "sunni",
        "name": "Ümmü Gülsüm Cami Çivizade Mescidi",
        "name:ar": "جامع اومي غولسوم",
        "religion": "muslim",
        "wikidata": "Q127418601",
        "@geometry": "center"
      },
      "geometry": {
        "type": "Point",
        "coordinates": [
          28.9569159,
          41.0184431
        ]
      },
      "id": "way/330642838"
    },
    {
      "type": "Feature",
      "properties": {
        "@id": "way/330643462",
        "amenity": "place_of_worship",
        "building": "mosque",
        "denomination": "sunni",
        "name": "Manisali Mehmet Paşa Camii",
        "name:ar": "مطعم مانسيلي محمد باشا",
        "religion": "muslim",
        "wikidata": "Q127418410",
        "@geometry": "center"
      },
      "geometry": {
        "type": "Point",
        "coordinates": [
          28.9536972,
          41.0180142
        ]
      },
      "id": "way/330643462"
    },
    {
      "type": "Feature",
      "properties": {
        "@id": "way/330643681",
        "addr:city": "İstanbul",
        "addr:district": "Fatih",
        "addr:street": "Kırbacı Sokağı",
        "amenity": "place_of_worship",
        "building": "mosque",
        "denomination": "sunni",
        "name": "Sanki Yedim Camii",
        "name:ar": "جامع سانكي يديم",
        "religion": "muslim",
        "wikidata": "Q6074143",
        "wikipedia": "tr:Sanki Yedim Camii",
        "@geometry": "center"
      },
      "geometry": {
        "type": "Point",
        "coordinates": [
          28.9532546,
          41.0187772
        ]
      },
      "id": "way/330643681"
    },
    {
      "type": "Feature",
      "properties": {
        "@id": "way/330644344",
        "addr:city": "İstanbul",
        "addr:district": "Fatih",
        "amenity": "place_of_worship",
        "building": "mosque",
        "denomination": "sunni",
        "name": "Sinan Ağa Camii",
        "name:ar": "جامع سنان اغا",
        "religion": "muslim",
        "wikidata": "Q127418529",
        "@geometry": "center"
      },
      "geometry": {
        "type": "Point",
        "coordinates": [
          28.9542407,
          41.0226279
        ]
      },
      "id": "way/330644344"
    },
    {
      "type": "Feature",
      "properties": {
        "@id": "way/330645373",
        "amenity": "place_of_worship",
        "building": "mosque",
        "denomination": "sunni",
        "name": "Gül Cami",
        "name:ar": "جامع غول",
        "name:zh": "居尔清真寺",
        "religion": "muslim",
        "source": "bing",
        "wheelchair": "no",
        "wikidata": "Q2334536",
        "wikimedia_commons": "Category:Gül Mosque (Istanbul)",
        "wikipedia": "en:Gül Mosque",
        "@geometry": "center"
      },
      "geometry": {
        "type": "Point",
        "coordinates": [
          28.9563809,
          41.0267657
        ]
      },
      "id": "way/330645373"
    },
    {
      "type": "Feature",
      "properties": {
        "@id": "way/330645492",
        "addr:city": "İstanbul",
        "addr:district": "Fatih",
        "amenity": "place_of_worship",
        "building": "mosque",
        "denomination": "sunni",
        "name": "Debbağ Yunus Cami",
        "name:ar": "جامع يونس دباغ",
        "religion": "muslim",
        "wikidata": "Q127418212",
        "@geometry": "center"
      },
      "geometry": {
        "type": "Point",
        "coordinates": [
          28.9532401,
          41.0272736
        ]
      },
      "id": "way/330645492"
    },
    {
      "type": "Feature",
      "properties": {
        "@id": "way/330645556",
        "amenity": "place_of_worship",
        "building": "mosque",
        "denomination": "sunni",
        "name": "Mismarcı Sucaattin Cami",
        "religion": "muslim",
        "wikidata": "Q127418433",
        "@geometry": "center"
      },
      "geometry": {
        "type": "Point",
        "coordinates": [
          28.951197,
          41.0277901
        ]
      },
      "id": "way/330645556"
    },
    {
      "type": "Feature",
      "properties": {
        "@id": "way/330646331",
        "amenity": "place_of_worship",
        "building": "mosque",
        "denomination": "sunni",
        "name": "Ali Yazıcı Cami",
        "religion": "muslim",
        "wikidata": "Q127418102",
        "wikimedia_commons": "Category:Ali Yazıcı Mosque",
        "@geometry": "center"
      },
      "geometry": {
        "type": "Point",
        "coordinates": [
          28.9515899,
          41.0298386
        ]
      },
      "id": "way/330646331"
    },
    {
      "type": "Feature",
      "properties": {
        "@id": "way/330646707",
        "amenity": "place_of_worship",
        "building": "mosque",
        "name": "Hacı İsa Cami",
        "religion": "muslim",
        "wikidata": "Q112066290",
        "wikimedia_commons": "Category:Hacı İsa Mosque",
        "wikipedia": "tr:Hacı İsa Camii",
        "@geometry": "center"
      },
      "geometry": {
        "type": "Point",
        "coordinates": [
          28.9448415,
          41.0331976
        ]
      },
      "id": "way/330646707"
    },
    {
      "type": "Feature",
      "properties": {
        "@id": "way/330647165",
        "amenity": "place_of_worship",
        "building": "mosque",
        "name": "Hz. Kab Mescidi",
        "religion": "muslim",
        "wikidata": "Q115953789",
        "wikimedia_commons": "Category:Hazreti Kaab Mosque",
        "wikipedia": "tr:Hazreti Kaab Camii",
        "@geometry": "center"
      },
      "geometry": {
        "type": "Point",
        "coordinates": [
          28.9407024,
          41.0397918
        ]
      },
      "id": "way/330647165"
    },
    {
      "type": "Feature",
      "properties": {
        "@id": "way/330647860",
        "addr:city": "İstanbul",
        "addr:district": "Fatih",
        "amenity": "place_of_worship",
        "building": "mosque",
        "denomination": "sunni",
        "name": "Oduncu Yarıcızade Camii",
        "name:ar": "جامع أودونجي يارجيزاده",
        "religion": "muslim",
        "wikidata": "Q127418466",
        "@geometry": "center"
      },
      "geometry": {
        "type": "Point",
        "coordinates": [
          28.9432397,
          41.0331185
        ]
      },
      "id": "way/330647860"
    },
    {
      "type": "Feature",
      "properties": {
        "@id": "way/330648031",
        "addr:city": "İstanbul",
        "addr:district": "Fatih",
        "amenity": "place_of_worship",
        "building": "mosque",
        "denomination": "sunni",
        "name": "Hoca Kasım Günani Cami",
        "name:ar": "جامع هوجا كاسيم غوناني",
        "religion": "muslim",
        "wikidata": "Q127418306",
        "@geometry": "center"
      },
      "geometry": {
        "type": "Point",
        "coordinates": [
          28.9419895,
          41.0317798
        ]
      },
      "id": "way/330648031"
    },
    {
      "type": "Feature",
      "properties": {
        "@id": "way/330648129",
        "amenity": "place_of_worship",
        "building": "mosque",
        "denomination": "sunni",
        "name": "Hammami Muhiyiddin Camii",
        "name:ar": "جامع هامامي موهييدين",
        "religion": "muslim",
        "wikidata": "Q127418284",
        "@geometry": "center"
      },
      "geometry": {
        "type": "Point",
        "coordinates": [
          28.9430216,
          41.0312413
        ]
      },
      "id": "way/330648129"
    },
    {
      "type": "Feature",
      "properties": {
        "@id": "way/330648546",
        "addr:city": "İstanbul",
        "addr:district": "Fatih",
        "amenity": "place_of_worship",
        "building": "mosque",
        "denomination": "sunni",
        "name": "Karaali Cami",
        "name:ar": "جامع كارا علي",
        "religion": "muslim",
        "wikidata": "Q127418343",
        "@geometry": "center"
      },
      "geometry": {
        "type": "Point",
        "coordinates": [
          28.9428184,
          41.0289095
        ]
      },
      "id": "way/330648546"
    },
    {
      "type": "Feature",
      "properties": {
        "@id": "way/330648711",
        "addr:city": "İstanbul",
        "addr:district": "Fatih",
        "amenity": "place_of_worship",
        "building": "mosque",
        "denomination": "sunni",
        "name": "Derviş Ali Cami",
        "name:ar": "جامع درويش علي",
        "religion": "muslim",
        "wikidata": "Q127418215",
        "@geometry": "center"
      },
      "geometry": {
        "type": "Point",
        "coordinates": [
          28.942913,
          41.0275007
        ]
      },
      "id": "way/330648711"
    },
    {
      "type": "Feature",
      "properties": {
        "@id": "way/330649108",
        "amenity": "place_of_worship",
        "building": "mosque",
        "name": "Sekbanbaşı Yakup Ağa Cami",
        "religion": "muslim",
        "wheelchair": "yes",
        "wikidata": "Q127418516",
        "@geometry": "center"
      },
      "geometry": {
        "type": "Point",
        "coordinates": [
          28.9611205,
          41.0090201
        ]
      },
      "id": "way/330649108"
    },
    {
      "type": "Feature",
      "properties": {
        "@id": "way/330649507",
        "amenity": "place_of_worship",
        "building": "mosque",
        "name": "Katip Sinan Cami",
        "religion": "muslim",
        "wikidata": "Q109664046",
        "wikimedia_commons": "Category:Katip Sinan Mosque",
        "wikipedia": "tr:Katip Sinan Camii",
        "@geometry": "center"
      },
      "geometry": {
        "type": "Point",
        "coordinates": [
          28.9608233,
          41.0079019
        ]
      },
      "id": "way/330649507"
    },
    {
      "type": "Feature",
      "properties": {
        "@id": "way/330650365",
        "amenity": "place_of_worship",
        "building": "mosque",
        "name": "Katip Kasım Cami",
        "religion": "muslim",
        "wikidata": "Q127418359",
        "wikipedia": "tr:Katip Kasım Camii",
        "@geometry": "center"
      },
      "geometry": {
        "type": "Point",
        "coordinates": [
          28.956625,
          41.0058743
        ]
      },
      "id": "way/330650365"
    },
    {
      "type": "Feature",
      "properties": {
        "@id": "way/330650398",
        "amenity": "place_of_worship",
        "building": "mosque",
        "name": "Nalbant Cami",
        "religion": "muslim",
        "wikidata": "Q127418455",
        "wikipedia": "tr:Nalbant Camii",
        "@geometry": "center"
      },
      "geometry": {
        "type": "Point",
        "coordinates": [
          28.960352,
          41.0045089
        ]
      },
      "id": "way/330650398"
    },
    {
      "type": "Feature",
      "properties": {
        "@id": "way/330651175",
        "amenity": "place_of_worship",
        "building": "mosque",
        "name": "Nişancı Mehmet Paşa Cami",
        "name:ru": "Мечеть Нишанджи Мехмед Паша",
        "religion": "muslim",
        "wikidata": "Q127418461",
        "@geometry": "center"
      },
      "geometry": {
        "type": "Point",
        "coordinates": [
          28.9611423,
          41.0061983
        ]
      },
      "id": "way/330651175"
    },
    {
      "type": "Feature",
      "properties": {
        "@id": "way/330651879",
        "amenity": "place_of_worship",
        "building": "mosque",
        "denomination": "sunni",
        "name": "Kazgancı Sadi Mehmet Efendi Cami",
        "religion": "muslim",
        "wikidata": "Q127418498",
        "@geometry": "center"
      },
      "geometry": {
        "type": "Point",
        "coordinates": [
          28.9465038,
          41.0106916
        ]
      },
      "id": "way/330651879"
    },
    {
      "type": "Feature",
      "properties": {
        "@id": "way/330653214",
        "amenity": "place_of_worship",
        "building": "mosque",
        "denomination": "sunni",
        "name": "Bezmialem Valide Sultan Camii",
        "name:ar": "جامع والدة سلطان بيزميعالم",
        "religion": "muslim",
        "wikidata": "Q6056427",
        "wikipedia": "tr:Bezmialem Valide Camii",
        "@geometry": "center"
      },
      "geometry": {
        "type": "Point",
        "coordinates": [
          28.9350122,
          41.0176465
        ]
      },
      "id": "way/330653214"
    },
    {
      "type": "Feature",
      "properties": {
        "@id": "way/330653337",
        "amenity": "place_of_worship",
        "building": "mosque",
        "name": "Katip Muslihuddin Cami",
        "name:ar": "جامع كاتب مصلح الدين",
        "religion": "muslim",
        "wikidata": "Q127418362",
        "wikimedia_commons": "Category:Katip Muslihittin Mescidi",
        "@geometry": "center"
      },
      "geometry": {
        "type": "Point",
        "coordinates": [
          28.9323464,
          41.0190874
        ]
      },
      "id": "way/330653337"
    },
    {
      "type": "Feature",
      "properties": {
        "@id": "way/330653600",
        "amenity": "place_of_worship",
        "building": "mosque",
        "denomination": "sunni",
        "name": "Bayezid Ağa Camii",
        "name:ar": "جامع أراباجي بيازيد",
        "religion": "muslim",
        "wikidata": "Q6036888",
        "wikimedia_commons": "Category:Bayezid Ağa Mosque",
        "wikipedia": "tr:Bayezid Ağa Camii",
        "@geometry": "center"
      },
      "geometry": {
        "type": "Point",
        "coordinates": [
          28.9277976,
          41.0205522
        ]
      },
      "id": "way/330653600"
    },
    {
      "type": "Feature",
      "properties": {
        "@id": "way/330654069",
        "addr:city": "İstanbul",
        "addr:district": "Fatih",
        "addr:housenumber": "1",
        "addr:neighbourhood": "Topkapı Mahallesi",
        "addr:street": "Karatay Sokağı",
        "amenity": "place_of_worship",
        "building": "yes",
        "denomination": "greek_orthodox",
        "name": "Ayios Nikolaos Rum Ortodoks Kilisesi",
        "religion": "christian",
        "wikidata": "Q122705743",
        "wikimedia_commons": "Category:Ayios Nikolaos Church (Topkapı)",
        "@geometry": "center"
      },
      "geometry": {
        "type": "Point",
        "coordinates": [
          28.9274959,
          41.0220809
        ]
      },
      "id": "way/330654069"
    },
    {
      "type": "Feature",
      "properties": {
        "@id": "way/330654244",
        "addr:city": "İstanbul",
        "addr:district": "Fatih",
        "addr:neighbourhood": "Topkapı",
        "amenity": "place_of_worship",
        "building": "yes",
        "denomination": "armenian_apostolic",
        "name": "Surp Nigogoyas Ermeni Kilisesi",
        "name:de": "Armenische Nikolaikirche",
        "religion": "christian",
        "start_date": "1811",
        "wikidata": "Q20472922",
        "wikimedia_commons": "Category:Surp Nigoğos Armenian Church",
        "@geometry": "center"
      },
      "geometry": {
        "type": "Point",
        "coordinates": [
          28.926898,
          41.0217429
        ]
      },
      "id": "way/330654244"
    },
    {
      "type": "Feature",
      "properties": {
        "@id": "way/330774062",
        "addr:city": "İstanbul",
        "addr:district": "Fatih",
        "amenity": "place_of_worship",
        "building": "mosque",
        "denomination": "sunni",
        "name": "Hacı Evhaddin Camii",
        "name:ar": "جامع حج أوحددين",
        "religion": "muslim",
        "wikidata": "Q109391500",
        "wikimedia_commons": "Category:Haci Evhad Mosque",
        "wikipedia": "tr:Hacı Evhadüddin Camii",
        "@geometry": "center"
      },
      "geometry": {
        "type": "Point",
        "coordinates": [
          28.923901,
          40.9966965
        ]
      },
      "id": "way/330774062"
    },
    {
      "type": "Feature",
      "properties": {
        "@id": "way/330774549",
        "addr:city": "İstanbul",
        "addr:district": "Fatih",
        "amenity": "place_of_worship",
        "building": "mosque",
        "denomination": "sunni",
        "name": "Hacı Hüseyin Ağa Cami",
        "name:ar": "جامع كوجوكباشي حسين آغا",
        "religion": "muslim",
        "wikidata": "Q127418400",
        "wikimedia_commons": "Category:Hacı Hüseyin Ağa Mosque",
        "@geometry": "center"
      },
      "geometry": {
        "type": "Point",
        "coordinates": [
          28.9244941,
          40.9942521
        ]
      },
      "id": "way/330774549"
    },
    {
      "type": "Feature",
      "properties": {
        "@id": "way/330775155",
        "addr:city": "İstanbul",
        "addr:district": "Fatih",
        "addr:street": "Hacı Kadın Caddesi",
        "amenity": "place_of_worship",
        "building": "mosque",
        "denomination": "sunni",
        "name": "Malcı Mehmet Paşa Cami",
        "name:ar": "جامع مالجي محمد باشا",
        "religion": "muslim",
        "source": "bing",
        "wikidata": "Q127418408",
        "@geometry": "center"
      },
      "geometry": {
        "type": "Point",
        "coordinates": [
          28.9259346,
          40.9987956
        ]
      },
      "id": "way/330775155"
    },
    {
      "type": "Feature",
      "properties": {
        "@id": "way/330775250",
        "addr:city": "İstanbul",
        "addr:district": "Fatih",
        "addr:street": "Hacı Evhattin Caddesi",
        "amenity": "place_of_worship",
        "building": "mosque",
        "denomination": "sunni",
        "name": "Fevziye Küçük Efendi Cami",
        "name:ar": "جامع فوزية كوتشوك إفندي",
        "religion": "muslim",
        "wikidata": "Q127418246",
        "@geometry": "center"
      },
      "geometry": {
        "type": "Point",
        "coordinates": [
          28.9244492,
          41.0004046
        ]
      },
      "id": "way/330775250"
    },
    {
      "type": "Feature",
      "properties": {
        "@id": "way/330775397",
        "addr:city": "İstanbul",
        "addr:district": "Fatih",
        "addr:street": "Haci Piri Sokak",
        "amenity": "place_of_worship",
        "building": "mosque",
        "denomination": "sunni",
        "name": "Hacı Hamza Camii",
        "name:ar": "جامع حجي حمزة",
        "religion": "muslim",
        "wikidata": "Q127418268",
        "wikimedia_commons": "Category:Hacı Hamza Mosque",
        "@geometry": "center"
      },
      "geometry": {
        "type": "Point",
        "coordinates": [
          28.9238634,
          41.0012076
        ]
      },
      "id": "way/330775397"
    },
    {
      "type": "Feature",
      "properties": {
        "@id": "way/330775479",
        "addr:city": "İstanbul",
        "addr:district": "Fatih",
        "amenity": "place_of_worship",
        "building": "mosque",
        "denomination": "sunni",
        "name": "Ali Fakih Cami",
        "name:ar": "جامع علي فقيه",
        "religion": "muslim",
        "wikidata": "Q127418099",
        "wikimedia_commons": "Category:Ali Fakih Mosque",
        "@geometry": "center"
      },
      "geometry": {
        "type": "Point",
        "coordinates": [
          28.9266621,
          41.0015685
        ]
      },
      "id": "way/330775479"
    },
    {
      "type": "Feature",
      "properties": {
        "@id": "way/330775869",
        "addr:city": "İstanbul",
        "addr:district": "Fatih",
        "amenity": "place_of_worship",
        "building": "mosque",
        "denomination": "sunni",
        "name": "Duhani Mustfabey Cami",
        "name:ar": "جامع دخاني مصطفى بي",
        "religion": "muslim",
        "wikidata": "Q127418220",
        "@geometry": "center"
      },
      "geometry": {
        "type": "Point",
        "coordinates": [
          28.9283843,
          41.0019147
        ]
      },
      "id": "way/330775869"
    },
    {
      "type": "Feature",
      "properties": {
        "@id": "way/330777525",
        "addr:city": "İstanbul",
        "addr:district": "Fatih",
        "amenity": "place_of_worship",
        "building": "mosque",
        "denomination": "sunni",
        "name": "Arakiyeci Ahmet Çelebi Camii",
        "name:ar": "جامع اراكيجي امت تشيليبي",
        "religion": "muslim",
        "wikidata": "Q127418107",
        "@geometry": "center"
      },
      "geometry": {
        "type": "Point",
        "coordinates": [
          28.9254232,
          41.0057489
        ]
      },
      "id": "way/330777525"
    },
    {
      "type": "Feature",
      "properties": {
        "@id": "way/330778343",
        "addr:city": "İstanbul",
        "addr:district": "Fatih",
        "amenity": "place_of_worship",
        "building": "mosque",
        "denomination": "sunni",
        "name": "Sitte-i Hatun Camii",
        "name:ar": "جامع ستي هاتون",
        "religion": "muslim",
        "wikidata": "Q127418532",
        "@geometry": "center"
      },
      "geometry": {
        "type": "Point",
        "coordinates": [
          28.9265807,
          41.0065635
        ]
      },
      "id": "way/330778343"
    },
    {
      "type": "Feature",
      "properties": {
        "@id": "way/330778483",
        "addr:city": "İstanbul",
        "addr:district": "Fatih",
        "amenity": "place_of_worship",
        "building": "mosque",
        "denomination": "sunni",
        "name": "Cambaziye Camii",
        "name:ar": "جامع جامبازي",
        "religion": "muslim",
        "wikidata": "Q127418167",
        "@geometry": "center"
      },
      "geometry": {
        "type": "Point",
        "coordinates": [
          28.9281541,
          41.005302
        ]
      },
      "id": "way/330778483"
    },
    {
      "type": "Feature",
      "properties": {
        "@id": "way/330779370",
        "addr:city": "İstanbul",
        "addr:district": "Fatih",
        "amenity": "place_of_worship",
        "building": "mosque",
        "denomination": "sunni",
        "name": "Hacı Evliya Cami",
        "name:ar": "مسجد هجي أوليا",
        "religion": "muslim",
        "wikidata": "Q127418265",
        "wikimedia_commons": "Category:Hacı Evliya Mosque",
        "@geometry": "center"
      },
      "geometry": {
        "type": "Point",
        "coordinates": [
          28.9239248,
          41.0131492
        ]
      },
      "id": "way/330779370"
    },
    {
      "type": "Feature",
      "properties": {
        "@id": "way/330779496",
        "addr:city": "İstanbul",
        "addr:district": "Fatih",
        "amenity": "place_of_worship",
        "building": "mosque",
        "denomination": "sunni",
        "name": "Hasırcı Melek Cami",
        "name:ar": "مسجد ملك هاسيرجي جامي",
        "religion": "muslim",
        "wikidata": "Q127418291",
        "@geometry": "center"
      },
      "geometry": {
        "type": "Point",
        "coordinates": [
          28.9236319,
          41.0140175
        ]
      },
      "id": "way/330779496"
    },
    {
      "type": "Feature",
      "properties": {
        "@id": "way/330779802",
        "addr:city": "İstanbul",
        "addr:district": "Fatih",
        "amenity": "place_of_worship",
        "building": "mosque",
        "denomination": "sunni",
        "name": "Melek Hatun Cami",
        "name:ar": "مسجد ملك هاتون جامي",
        "religion": "muslim",
        "wikidata": "Q127418413",
        "@geometry": "center"
      },
      "geometry": {
        "type": "Point",
        "coordinates": [
          28.9231863,
          41.0150067
        ]
      },
      "id": "way/330779802"
    },
    {
      "type": "Feature",
      "properties": {
        "@id": "way/330779839",
        "alt_name": "Kalburcu Mehmet Efendi Camii",
        "amenity": "place_of_worship",
        "building": "mosque",
        "denomination": "sunni",
        "name": "Çivicizade Mescidi",
        "name:ar": "مسجد تشيفيزادي",
        "religion": "muslim",
        "wikidata": "Q6035727",
        "wikipedia": "tr:Çivizade Camii",
        "@geometry": "center"
      },
      "geometry": {
        "type": "Point",
        "coordinates": [
          28.9266782,
          41.0172143
        ]
      },
      "id": "way/330779839"
    },
    {
      "type": "Feature",
      "properties": {
        "@id": "way/330780092",
        "amenity": "place_of_worship",
        "building": "mosque",
        "name": "Caferağa Cami",
        "religion": "muslim",
        "wikidata": "Q127418162",
        "@geometry": "center"
      },
      "geometry": {
        "type": "Point",
        "coordinates": [
          28.92911,
          41.0142881
        ]
      },
      "id": "way/330780092"
    },
    {
      "type": "Feature",
      "properties": {
        "@id": "way/330781663",
        "amenity": "place_of_worship",
        "architect": "Konstantis Yolasığmazis",
        "building": "church",
        "name": "Aya Mina Rum Ortodoks Kilisesi",
        "religion": "christian",
        "source": "bing",
        "start_date": "1833",
        "website": "https://dijitalistanbul.org/aya-mina-rum-ortodoks-kilisesi/",
        "wikidata": "Q5117051",
        "wikimedia_commons": "Category:Church of Saint Menas (Istanbul)",
        "wikipedia": "tr:Aya Mina Kilisesi",
        "@geometry": "center"
      },
      "geometry": {
        "type": "Point",
        "coordinates": [
          28.9319796,
          41.0004436
        ]
      },
      "id": "way/330781663"
    },
    {
      "type": "Feature",
      "properties": {
        "@id": "way/330783520",
        "amenity": "place_of_worship",
        "building": "mosque",
        "denomination": "sunni",
        "name": "Hacı Bayram Kaftani Cami",
        "religion": "muslim",
        "wikidata": "Q127418264",
        "@geometry": "center"
      },
      "geometry": {
        "type": "Point",
        "coordinates": [
          28.9466631,
          41.0093992
        ]
      },
      "id": "way/330783520"
    },
    {
      "type": "Feature",
      "properties": {
        "@id": "way/330783685",
        "addr:city": "İstanbul",
        "addr:district": "Fatih",
        "amenity": "place_of_worship",
        "building": "mosque",
        "denomination": "sunni",
        "name": "Şemi Molla Camii",
        "name:ar": "جامع شامي مولا",
        "religion": "muslim",
        "wikidata": "Q127418556",
        "wikimedia_commons": "Category:Şem'i Molla Mosque",
        "@geometry": "center"
      },
      "geometry": {
        "type": "Point",
        "coordinates": [
          28.9461892,
          41.008219
        ]
      },
      "id": "way/330783685"
    },
    {
      "type": "Feature",
      "properties": {
        "@id": "way/330786349",
        "amenity": "place_of_worship",
        "name": "Akseki Mescidi",
        "religion": "muslim",
        "wikidata": "Q127418094",
        "wikimedia_commons": "Category:Akseki Kemalettin Mescidi",
        "@geometry": "center"
      },
      "geometry": {
        "type": "Point",
        "coordinates": [
          28.9414279,
          41.022302
        ]
      },
      "id": "way/330786349"
    },
    {
      "type": "Feature",
      "properties": {
        "@id": "way/330786868",
        "addr:city": "İstanbul",
        "addr:district": "Fatih",
        "amenity": "place_of_worship",
        "building": "mosque",
        "denomination": "sunni",
        "name": "Akşemsettin Camii",
        "name:ar": "جامع اكشمستين",
        "religion": "muslim",
        "wikidata": "Q127418095",
        "wikimedia_commons": "Category:Akşemseddin Mescidi",
        "@geometry": "center"
      },
      "geometry": {
        "type": "Point",
        "coordinates": [
          28.9401535,
          41.0215233
        ]
      },
      "id": "way/330786868"
    },
    {
      "type": "Feature",
      "properties": {
        "@id": "way/330786926",
        "addr:city": "İstanbul",
        "addr:district": "Fatih",
        "amenity": "place_of_worship",
        "building": "mosque",
        "denomination": "sunni",
        "name": "Tuti Abdüllatif Camii",
        "name:ar": "جامع عبد اللطيف توتي",
        "religion": "muslim",
        "wikidata": "Q132134503",
        "@geometry": "center"
      },
      "geometry": {
        "type": "Point",
        "coordinates": [
          28.9395474,
          41.0208094
        ]
      },
      "id": "way/330786926"
    },
    {
      "type": "Feature",
      "properties": {
        "@id": "way/330787127",
        "amenity": "place_of_worship",
        "building": "mosque",
        "name": "Mimar Sinan Mescidi",
        "religion": "muslim",
        "wikidata": "Q6039725",
        "wikimedia_commons": "Category:Mimar Sinan Mescidi",
        "wikipedia": "tr:Mimar Sinan Mescidi",
        "@geometry": "center"
      },
      "geometry": {
        "type": "Point",
        "coordinates": [
          28.9401575,
          41.0191323
        ]
      },
      "id": "way/330787127"
    },
    {
      "type": "Feature",
      "properties": {
        "@id": "way/330787498",
        "amenity": "place_of_worship",
        "building": "mosque",
        "name": "Karabaş Veli Cami",
        "religion": "muslim",
        "wikidata": "Q127418345",
        "wikimedia_commons": "Category:Karabaş Veli Mosque",
        "@geometry": "center"
      },
      "geometry": {
        "type": "Point",
        "coordinates": [
          28.9371146,
          41.0228168
        ]
      },
      "id": "way/330787498"
    },
    {
      "type": "Feature",
      "properties": {
        "@id": "way/330787591",
        "amenity": "place_of_worship",
        "building": "mosque",
        "name": "Muhtesip İskender Camii",
        "religion": "muslim",
        "wikidata": "Q127418449",
        "@geometry": "center"
      },
      "geometry": {
        "type": "Point",
        "coordinates": [
          28.93978,
          41.0229373
        ]
      },
      "id": "way/330787591"
    },
    {
      "type": "Feature",
      "properties": {
        "@id": "way/330787764",
        "addr:city": "İstanbul",
        "addr:district": "Fatih",
        "amenity": "place_of_worship",
        "building": "mosque",
        "name": "Mesih Mehmet Paşa Camii",
        "name:ar": "جامع مسيح محمد باشا",
        "religion": "muslim",
        "wikidata": "Q56907",
        "wikimedia_commons": "Category:Mesih Mehmed Pasha Mosque",
        "wikipedia": "tr:Mesih Mehmed Paşa Camii",
        "@geometry": "center"
      },
      "geometry": {
        "type": "Point",
        "coordinates": [
          28.9394517,
          41.0256135
        ]
      },
      "id": "way/330787764"
    },
    {
      "type": "Feature",
      "properties": {
        "@id": "way/330787973",
        "addr:city": "İstanbul",
        "addr:district": "Fatih",
        "amenity": "place_of_worship",
        "building": "mosque",
        "denomination": "sunni",
        "name": "Keçeçi Piri Cami",
        "name:ar": "جامع كجيجيه بيري",
        "religion": "muslim",
        "wikidata": "Q118402699",
        "wikimedia_commons": "File:Keçeci Piri Camii 15.jpg",
        "wikipedia": "tr:Keçeci Piri Camii (Fatih)",
        "@geometry": "center"
      },
      "geometry": {
        "type": "Point",
        "coordinates": [
          28.9363376,
          41.0264387
        ]
      },
      "id": "way/330787973"
    },
    {
      "type": "Feature",
      "properties": {
        "@id": "way/330788268",
        "addr:city": "İstanbul",
        "addr:district": "Fatih",
        "amenity": "place_of_worship",
        "building": "mosque",
        "denomination": "sunni",
        "name": "Neslişah Sultan Cami",
        "name:ar": "نيسلي شاه جامى",
        "religion": "muslim",
        "wheelchair": "limited",
        "wikidata": "Q118402596",
        "wikimedia_commons": "Category:Neslişah Mosque",
        "@geometry": "center"
      },
      "geometry": {
        "type": "Point",
        "coordinates": [
          28.9331696,
          41.0265405
        ]
      },
      "id": "way/330788268"
    },
    {
      "type": "Feature",
      "properties": {
        "@id": "way/330789444",
        "amenity": "place_of_worship",
        "building": "yes",
        "denomination": "greek_orthodox",
        "name": "Panayasude Rum Kilisesi",
        "religion": "christian",
        "start_date": "1851",
        "wikidata": "Q122050898",
        "wikimedia_commons": "Category:Panayia Suda Kilisesi",
        "wikipedia": "tr:Panayia_Suda_Rum_Ortodoks_Kilisesi_(Eğrikapı)",
        "@geometry": "center"
      },
      "geometry": {
        "type": "Point",
        "coordinates": [
          28.939951,
          41.0368038
        ]
      },
      "id": "way/330789444"
    },
    {
      "type": "Feature",
      "properties": {
        "@id": "way/330789965",
        "addr:city": "İstanbul",
        "addr:district": "Fatih",
        "amenity": "place_of_worship",
        "building": "mosque",
        "denomination": "sunni",
        "name": "Hz. Ebuzer Gifari Cami",
        "name:ar": "جامع حضرة أبو ذر الغفاري",
        "religion": "muslim",
        "wikidata": "Q127418224",
        "@geometry": "center"
      },
      "geometry": {
        "type": "Point",
        "coordinates": [
          28.9429396,
          41.0377179
        ]
      },
      "id": "way/330789965"
    },
    {
      "type": "Feature",
      "properties": {
        "@id": "way/330790976",
        "amenity": "place_of_worship",
        "building": "mosque",
        "name": "K. Muslihittin Yazıcı Cami",
        "religion": "muslim",
        "wikidata": "Q112112914",
        "wikimedia_commons": "Category:Katip Muslihiddin Yazıcı Mosque",
        "@geometry": "center"
      },
      "geometry": {
        "type": "Point",
        "coordinates": [
          28.945685,
          41.0305883
        ]
      },
      "id": "way/330790976"
    },
    {
      "type": "Feature",
      "properties": {
        "@id": "way/330791173",
        "amenity": "place_of_worship",
        "building": "mosque",
        "check_date": "2025-02-20",
        "name": "Mesnevihane Cami",
        "name:en": "Mesnevih main mosque",
        "religion": "muslim",
        "wikidata": "Q127418423",
        "wikimedia_commons": "Category:Mesnevihane Mosque",
        "@geometry": "center"
      },
      "geometry": {
        "type": "Point",
        "coordinates": [
          28.9493118,
          41.0288936
        ]
      },
      "id": "way/330791173"
    },
    {
      "type": "Feature",
      "properties": {
        "@id": "way/330795843",
        "amenity": "place_of_worship",
        "building": "mosque",
        "name": "İbrahim Paşa Muhsine Hatum Cami",
        "religion": "muslim",
        "wikidata": "Q127418448",
        "wikimedia_commons": "Category:Muhsine Hatun Mescidi ve Tekkesi",
        "@geometry": "center"
      },
      "geometry": {
        "type": "Point",
        "coordinates": [
          28.9633497,
          41.005422
        ]
      },
      "id": "way/330795843"
    },
    {
      "type": "Feature",
      "properties": {
        "@id": "way/330797220",
        "addr:country": "TR",
        "addr:district": "Fatih",
        "addr:province": "İstanbul",
        "amenity": "place_of_worship",
        "building": "mosque",
        "denomination": "sunni",
        "name": "Hoca Piri Camii",
        "religion": "muslim",
        "wikidata": "Q127418309",
        "@geometry": "center"
      },
      "geometry": {
        "type": "Point",
        "coordinates": [
          28.9671103,
          41.0094464
        ]
      },
      "id": "way/330797220"
    },
    {
      "type": "Feature",
      "properties": {
        "@id": "way/330900993",
        "amenity": "place_of_worship",
        "building": "mosque",
        "name": "Ramazan Efendi Camii",
        "name:ar": "جامع رمزان افندي",
        "name:ru": "Мечеть и могила Рамазан Эфенди",
        "religion": "muslim",
        "wikidata": "Q12811487",
        "wikimedia_commons": "Category:Ramazan Efendi Mosque",
        "wikipedia": "tr:Ramazan Efendi Camii",
        "@geometry": "center"
      },
      "geometry": {
        "type": "Point",
        "coordinates": [
          28.9315953,
          41.0048548
        ]
      },
      "id": "way/330900993"
    },
    {
      "type": "Feature",
      "properties": {
        "@id": "way/330901209",
        "amenity": "place_of_worship",
        "building": "mosque",
        "name": "Vezir Camii",
        "religion": "muslim",
        "wikidata": "Q127418607",
        "wikimedia_commons": "Category:Merzifonlu-Sadrazam Kara Mustafa Paşa Vezir Mosque",
        "wikipedia": "tr:Vezir Camii",
        "@geometry": "center"
      },
      "geometry": {
        "type": "Point",
        "coordinates": [
          28.9765023,
          41.0146403
        ]
      },
      "id": "way/330901209"
    },
    {
      "type": "Feature",
      "properties": {
        "@id": "way/330902180",
        "amenity": "place_of_worship",
        "building": "mosque",
        "denomination": "sunni",
        "name": "Vilayet Camii",
        "religion": "muslim",
        "wikidata": "Q65054289",
        "wikimedia_commons": "Category:Nallı Mosque",
        "wikipedia": "en:Nallı Masjid",
        "@geometry": "center"
      },
      "geometry": {
        "type": "Point",
        "coordinates": [
          28.9757282,
          41.0126287
        ]
      },
      "id": "way/330902180"
    },
    {
      "type": "Feature",
      "properties": {
        "@id": "way/330902755",
        "amenity": "place_of_worship",
        "name": "Hoca Paşa Cami",
        "religion": "muslim",
        "wikidata": "Q127418312",
        "wikimedia_commons": "Category:Hocapaşa Mosque",
        "@geometry": "center"
      },
      "geometry": {
        "type": "Point",
        "coordinates": [
          28.9757268,
          41.0137168
        ]
      },
      "id": "way/330902755"
    },
    {
      "type": "Feature",
      "properties": {
        "@id": "way/330902933",
        "addr:city": "İstanbul",
        "addr:district": "Fatih",
        "addr:street": "Yalı köşkü caddesi",
        "amenity": "place_of_worship",
        "building": "mosque",
        "denomination": "sunni",
        "name": "Hidayet Camii",
        "religion": "muslim",
        "wikidata": "Q20474894",
        "wikimedia_commons": "Category:Hidayet Mosque",
        "wikipedia": "tr:Hidayet Camii",
        "@geometry": "center"
      },
      "geometry": {
        "type": "Point",
        "coordinates": [
          28.9738333,
          41.0166679
        ]
      },
      "id": "way/330902933"
    },
    {
      "type": "Feature",
      "properties": {
        "@id": "way/330903285",
        "amenity": "place_of_worship",
        "building": "mosque",
        "denomination": "sunni",
        "name": "Çelebioğlu Hoca Alaaddin Camii",
        "religion": "muslim",
        "wikidata": "Q127418411",
        "@geometry": "center"
      },
      "geometry": {
        "type": "Point",
        "coordinates": [
          28.9702307,
          41.0154136
        ]
      },
      "id": "way/330903285"
    },
    {
      "type": "Feature",
      "properties": {
        "@id": "way/330903334",
        "addr:city": "İstanbul",
        "addr:district": "Fatih",
        "addr:street": "Hacı Küçük Cami Sokağı",
        "amenity": "place_of_worship",
        "building": "mosque",
        "denomination": "sunni",
        "name": "Hacı Küçük Cami",
        "name:ar": "حجي كوجوك جاميي",
        "religion": "muslim",
        "wikidata": "Q127418274",
        "wikimedia_commons": "Category:Hacı Küçük Mosque",
        "@geometry": "center"
      },
      "geometry": {
        "type": "Point",
        "coordinates": [
          28.9706284,
          41.0140853
        ]
      },
      "id": "way/330903334"
    },
    {
      "type": "Feature",
      "properties": {
        "@id": "way/330903607",
        "addr:city": "İstanbul",
        "addr:district": "Fatih",
        "amenity": "place_of_worship",
        "building": "mosque",
        "name": "Hüseyin Ağa Camii",
        "name:ar": "حسين آغا جامي",
        "name:tr": "Ebüssüade Hüseyin Ağa Camii",
        "religion": "muslim",
        "wikidata": "Q134590850",
        "@geometry": "center"
      },
      "geometry": {
        "type": "Point",
        "coordinates": [
          28.968877,
          41.0095259
        ]
      },
      "id": "way/330903607"
    },
    {
      "type": "Feature",
      "properties": {
        "@id": "way/330903667",
        "addr:city": "İstanbul",
        "addr:street": "Gedikpaşa Camii Sokak",
        "amenity": "place_of_worship",
        "building": "mosque",
        "denomination": "sunni",
        "name": "Divanı Ali Cami",
        "name:ar": "ديواني علي جاميي",
        "religion": "muslim",
        "wikidata": "Q127418217",
        "@geometry": "center"
      },
      "geometry": {
        "type": "Point",
        "coordinates": [
          28.9675248,
          41.0076365
        ]
      },
      "id": "way/330903667"
    },
    {
      "type": "Feature",
      "properties": {
        "@id": "way/330903708",
        "addr:city": "İstanbul",
        "addr:country": "TR",
        "addr:district": "Fatih",
        "addr:province": "İstanbul",
        "amenity": "place_of_worship",
        "building": "mosque",
        "name": "Dibekli Eminbey Cami",
        "name:ar": "دبكلي امينبي جامي",
        "religion": "muslim",
        "wikidata": "Q113681709",
        "wikimedia_commons": "Category:Dibekli Emin Bey Mosque",
        "@geometry": "center"
      },
      "geometry": {
        "type": "Point",
        "coordinates": [
          28.9651216,
          41.0086745
        ]
      },
      "id": "way/330903708"
    },
    {
      "type": "Feature",
      "properties": {
        "@id": "way/330905510",
        "addr:city": "İstanbul",
        "addr:district": "Fatih",
        "amenity": "place_of_worship",
        "building": "mosque",
        "denomination": "sunni",
        "name": "Kasap İlyas Cami",
        "name:ku": "كاساب الياس جاميي",
        "religion": "muslim",
        "wikidata": "Q127418357",
        "@geometry": "center"
      },
      "geometry": {
        "type": "Point",
        "coordinates": [
          28.9436494,
          41.0038792
        ]
      },
      "id": "way/330905510"
    },
    {
      "type": "Feature",
      "properties": {
        "@id": "way/330905691",
        "addr:city": "İstanbul",
        "addr:district": "Fatih",
        "amenity": "place_of_worship",
        "building": "mosque",
        "denomination": "sunni",
        "name": "Haydar Kethüda Camii",
        "name:ar": "حيدر كاتهودة جاميي",
        "religion": "muslim",
        "wikidata": "Q127418295",
        "wikimedia_commons": "Category:Haydar Kethüda Mosque",
        "@geometry": "center"
      },
      "geometry": {
        "type": "Point",
        "coordinates": [
          28.9375954,
          41.0055208
        ]
      },
      "id": "way/330905691"
    },
    {
      "type": "Feature",
      "properties": {
        "@id": "way/330906322",
        "addr:city": "İstanbul",
        "addr:district": "Fatih",
        "amenity": "place_of_worship",
        "building": "mosque",
        "denomination": "sunni",
        "name": "Aydın Kethüda Cami",
        "religion": "muslim",
        "wikidata": "Q127418121",
        "@geometry": "center"
      },
      "geometry": {
        "type": "Point",
        "coordinates": [
          28.9277823,
          41.0118953
        ]
      },
      "id": "way/330906322"
    },
    {
      "type": "Feature",
      "properties": {
        "@id": "way/330906436",
        "addr:city": "İstanbul",
        "addr:district": "Fatih",
        "amenity": "place_of_worship",
        "building": "mosque",
        "denomination": "sunni",
        "name": "Arakiyeci Mehmed Ağa Camii",
        "name:ar": "مسجد أراكييجي مهمد آغا",
        "religion": "muslim",
        "wikidata": "Q101730414",
        "wikimedia_commons": "Category:Arakiyeci Mehmed Ağa Mosque",
        "wikipedia": "tr:Arakiyeci Mehmed Ağa Camii",
        "@geometry": "center"
      },
      "geometry": {
        "type": "Point",
        "coordinates": [
          28.9253155,
          41.0120681
        ]
      },
      "id": "way/330906436"
    },
    {
      "type": "Feature",
      "properties": {
        "@id": "way/330907274",
        "addr:city": "İstanbul",
        "addr:district": "Fatih",
        "amenity": "place_of_worship",
        "building": "mosque",
        "denomination": "sunni",
        "name": "Kasım Çelebi Camii",
        "name:ar": "جامع كاسم جيبلي",
        "religion": "muslim",
        "wikidata": "Q127418358",
        "@geometry": "center"
      },
      "geometry": {
        "type": "Point",
        "coordinates": [
          28.9246553,
          41.0038417
        ]
      },
      "id": "way/330907274"
    },
    {
      "type": "Feature",
      "properties": {
        "@id": "way/330908235",
        "addr:city": "İstanbul",
        "addr:district": "Fatih",
        "addr:street": "İskender Çelebi Cami Sokak",
        "amenity": "place_of_worship",
        "building": "mosque",
        "denomination": "sunni",
        "name": "İskender Çelebi Camii",
        "name:ar": "جامع اسكندر تشلبي",
        "religion": "muslim",
        "wikidata": "Q127418327",
        "wikimedia_commons": "Category:İskender Çelebi Mosque",
        "@geometry": "center"
      },
      "geometry": {
        "type": "Point",
        "coordinates": [
          28.9252169,
          41.0030192
        ]
      },
      "id": "way/330908235"
    },
    {
      "type": "Feature",
      "properties": {
        "@id": "way/330935055",
        "amenity": "place_of_worship",
        "building": "mosque",
        "denomination": "sunni",
        "name": "Kemalettin Cami",
        "religion": "muslim",
        "source": "bing",
        "wikidata": "Q132134514",
        "@geometry": "center"
      },
      "geometry": {
        "type": "Point",
        "coordinates": [
          28.9509712,
          41.0074783
        ]
      },
      "id": "way/330935055"
    },
    {
      "type": "Feature",
      "properties": {
        "@id": "way/330938341",
        "amenity": "place_of_worship",
        "building": "mosque",
        "name": "Şehsuvarbey Camii",
        "religion": "muslim",
        "wikidata": "Q127418554",
        "wikipedia": "tr:Şehsuvar Bey Camii",
        "@geometry": "center"
      },
      "geometry": {
        "type": "Point",
        "coordinates": [
          28.9685839,
          41.0031153
        ]
      },
      "id": "way/330938341"
    },
    {
      "type": "Feature",
      "properties": {
        "@id": "way/330938448",
        "amenity": "place_of_worship",
        "building": "yes",
        "name": "Surp Harutyun Ermeni Kilisesi",
        "religion": "christian",
        "wikidata": "Q20473505",
        "wikimedia_commons": "Category:Kumkapı Surp Harutyun Kilisesi",
        "wikipedia": "tr:Surp Harutyun Ermeni Kilisesi (Fatih)",
        "@geometry": "center"
      },
      "geometry": {
        "type": "Point",
        "coordinates": [
          28.9662206,
          41.0036501
        ]
      },
      "id": "way/330938448"
    },
    {
      "type": "Feature",
      "properties": {
        "@id": "way/331047107",
        "addr:city": "İstanbul",
        "addr:district": "Fatih",
        "amenity": "place_of_worship",
        "building": "mosque",
        "denomination": "sunni",
        "name": "Molla Aşkı Cami",
        "name:ar": "جامع مولا أشكه",
        "religion": "muslim",
        "wikidata": "Q127418435",
        "@geometry": "center"
      },
      "geometry": {
        "type": "Point",
        "coordinates": [
          28.9429653,
          41.0339301
        ]
      },
      "id": "way/331047107"
    },
    {
      "type": "Feature",
      "properties": {
        "@id": "way/331050716",
        "designation": "İmrahor Cami",
        "historic": "ruins",
        "name": "Hagios İoannes Studius Kilisesi",
        "@geometry": "center"
      },
      "geometry": {
        "type": "Point",
        "coordinates": [
          28.9285841,
          40.9961223
        ]
      },
      "id": "way/331050716"
    },
    {
      "type": "Feature",
      "properties": {
        "@id": "way/331060552",
        "amenity": "place_of_worship",
        "building": "yes",
        "denomination": "orthodox",
        "name": "Aya Nikola Ayazması",
        "religion": "christian",
        "wikidata": "Q112111971",
        "wikimedia_commons": "Category:Taksiarhes Rum Kilisesi, Balat",
        "wikipedia": "tr:Taksiarhes Rum Kilisesi",
        "@geometry": "center"
      },
      "geometry": {
        "type": "Point",
        "coordinates": [
          28.9449941,
          41.0318084
        ]
      },
      "id": "way/331060552"
    },
    {
      "type": "Feature",
      "properties": {
        "@id": "way/331063883",
        "addr:city": "İstanbul",
        "addr:district": "Fatih",
        "addr:street": "Vodina Caddesi",
        "amenity": "place_of_worship",
        "building": "mosque",
        "name": "Tahta Minare Cami",
        "name:ar": "جامع تاهتا منارة",
        "religion": "muslim",
        "wikidata": "Q110055688",
        "wikimedia_commons": "Category:Tahta Minare Mosque",
        "@geometry": "center"
      },
      "geometry": {
        "type": "Point",
        "coordinates": [
          28.9484811,
          41.0317281
        ]
      },
      "id": "way/331063883"
    },
    {
      "type": "Feature",
      "properties": {
        "@id": "way/331188177",
        "amenity": "place_of_worship",
        "building": "mosque",
        "name": "Bıçakçı Alaaddin Cami",
        "name:ar": "جامع بيجاكجي علاء الدين",
        "religion": "muslim",
        "wikidata": "Q127418149",
        "@geometry": "center"
      },
      "geometry": {
        "type": "Point",
        "coordinates": [
          28.9497132,
          41.0138052
        ]
      },
      "id": "way/331188177"
    },
    {
      "type": "Feature",
      "properties": {
        "@id": "way/331189308",
        "addr:city": "İstanbul",
        "addr:district": "Fatih",
        "amenity": "place_of_worship",
        "building": "mosque",
        "denomination": "sunni",
        "name": "Ahmet Çavuşoğlu Camii",
        "name:ar": "جامع احمد شاوش",
        "religion": "muslim",
        "wikidata": "Q127418092",
        "@geometry": "center"
      },
      "geometry": {
        "type": "Point",
        "coordinates": [
          28.9432438,
          41.0258891
        ]
      },
      "id": "way/331189308"
    },
    {
      "type": "Feature",
      "properties": {
        "@id": "way/331191334",
        "building": "tomb",
        "historic": "tomb",
        "name": "Fâtih Sultan Mehmed Han Türbesi",
        "name:ar": "ضريح السلطان محمد الفاتح",
        "name:en": "Tomb of Sultan Muhammad Al-Fatih",
        "name:fa": "قبرستان سلطان محمد فاتح",
        "tomb": "mausoleum",
        "wikidata": "Q34503",
        "wikimedia_commons": "Category:Mehmed II",
        "wikipedia": "tr:II. Mehmed",
        "@geometry": "center"
      },
      "geometry": {
        "type": "Point",
        "coordinates": [
          28.9502787,
          41.0192889
        ]
      },
      "id": "way/331191334"
    },
    {
      "type": "Feature",
      "properties": {
        "@id": "way/331192935",
        "alt_name": "Sekbanbaşı Mehmet Ağa Mescidi",
        "amenity": "place_of_worship",
        "building": "mosque",
        "name": "Hoşkadem Cami",
        "religion": "muslim",
        "wheelchair": "yes",
        "wikidata": "Q127418514",
        "@geometry": "center"
      },
      "geometry": {
        "type": "Point",
        "coordinates": [
          28.9544516,
          41.012737
        ]
      },
      "id": "way/331192935"
    },
    {
      "type": "Feature",
      "properties": {
        "@id": "way/331194094",
        "amenity": "place_of_worship",
        "building": "mosque",
        "name": "Kemalpaşa Camii",
        "religion": "muslim",
        "wheelchair": "yes",
        "wikidata": "Q6028049",
        "wikimedia_commons": "Category:Kemalpasha Mosque",
        "wikipedia": "tr:Kemalpaşa Camii",
        "@geometry": "center"
      },
      "geometry": {
        "type": "Point",
        "coordinates": [
          28.955259,
          41.01177
        ]
      },
      "id": "way/331194094"
    },
    {
      "type": "Feature",
      "properties": {
        "@id": "way/331196171",
        "addr:city": "İstanbul",
        "addr:district": "Fatih",
        "amenity": "place_of_worship",
        "building": "mosque",
        "denomination": "sunni",
        "name": "Zenbilli Ali Efendi Cami",
        "name:ar": "جامع زينبللي علي افندي",
        "religion": "muslim",
        "wikidata": "Q127418638",
        "@geometry": "center"
      },
      "geometry": {
        "type": "Point",
        "coordinates": [
          28.9534449,
          41.0251379
        ]
      },
      "id": "way/331196171"
    },
    {
      "type": "Feature",
      "properties": {
        "@id": "way/331196574",
        "addr:city": "İstanbul",
        "addr:district": "Fatih",
        "addr:neighbourhood": "Kalenderhane Mahallesi",
        "addr:postcode": "34134",
        "amenity": "place_of_worship",
        "building": "mosque",
        "name": "Burmalı Mescid",
        "name:ur": "مرغولہ مینار والی مسجد",
        "religion": "muslim",
        "wheelchair": "yes",
        "wikidata": "Q1590626",
        "wikimedia_commons": "Category:Mosque with the Spiral Minaret",
        "wikipedia": "en:Mosque with the Spiral Minaret",
        "@geometry": "center"
      },
      "geometry": {
        "type": "Point",
        "coordinates": [
          28.9563637,
          41.0145176
        ]
      },
      "id": "way/331196574"
    },
    {
      "type": "Feature",
      "properties": {
        "@id": "way/331401901",
        "addr:city": "İstanbul",
        "addr:district": "Fatih",
        "amenity": "place_of_worship",
        "building": "mosque",
        "denomination": "sunni",
        "name": "İsmailağa Camii",
        "name:ar": "جامع اسماعيل اغا",
        "religion": "muslim",
        "wikidata": "Q31192524",
        "wikimedia_commons": "Category:İsmailağa Mosque",
        "wikipedia": "tr:İsmailağa Camii",
        "@geometry": "center"
      },
      "geometry": {
        "type": "Point",
        "coordinates": [
          28.9478559,
          41.0265787
        ]
      },
      "id": "way/331401901"
    },
    {
      "type": "Feature",
      "properties": {
        "@id": "way/331669964",
        "amenity": "place_of_worship",
        "building": "mosque",
        "denomination": "sunni",
        "name": "Mimar Hayrettin Camii",
        "religion": "muslim",
        "wikidata": "Q31190453",
        "wikimedia_commons": "Category:Mimar Hayreddin Mosque",
        "wikipedia": "tr:Mimar Hayreddin Cami",
        "@geometry": "center"
      },
      "geometry": {
        "type": "Point",
        "coordinates": [
          28.969108,
          41.0084002
        ]
      },
      "id": "way/331669964"
    },
    {
      "type": "Feature",
      "properties": {
        "@id": "way/331670096",
        "amenity": "place_of_worship",
        "building": "mosque",
        "denomination": "sunni",
        "name": "Köprülü Mehmet Paşa Cami",
        "religion": "muslim",
        "source": "bing",
        "wheelchair": "limited",
        "wikidata": "Q112717779",
        "wikimedia_commons": "Category:Köprülü Mehmet Paşa Mosque, Istanbul",
        "@geometry": "center"
      },
      "geometry": {
        "type": "Point",
        "coordinates": [
          28.9717695,
          41.0082654
        ]
      },
      "id": "way/331670096"
    },
    {
      "type": "Feature",
      "properties": {
        "@id": "way/331670339",
        "amenity": "place_of_worship",
        "building": "mosque",
        "name": "Bostani Ali Cami",
        "religion": "muslim",
        "wikidata": "Q127418152",
        "wikimedia_commons": "Category:Bostancıbaşı Ali Ağa Mosque",
        "wikipedia": "tr:Ali Ağa Camii (Fatih)",
        "@geometry": "center"
      },
      "geometry": {
        "type": "Point",
        "coordinates": [
          28.970203,
          41.0049291
        ]
      },
      "id": "way/331670339"
    },
    {
      "type": "Feature",
      "properties": {
        "@id": "way/331838750",
        "amenity": "place_of_worship",
        "building": "spiritual",
        "denomination": "catholic",
        "ele": "12",
        "name": "Surp Asdvadzadzin Ermeni Katolik Kilisesi",
        "name:en": "Saint Mary",
        "name:hy": "Սուրբ Աստուածածին",
        "note": "Armenian Catholic",
        "religion": "christian",
        "wikidata": "Q27925126",
        "wikimedia_commons": "Category:St. Mary of Sakızağaç Armenian Cathedral",
        "wikipedia": "en:St. Mary of Sakızağaç Cathedral, Istanbul",
        "@geometry": "center"
      },
      "geometry": {
        "type": "Point",
        "coordinates": [
          28.9796995,
          41.0355588
        ]
      },
      "id": "way/331838750"
    },
    {
      "type": "Feature",
      "properties": {
        "@id": "way/331897879",
        "amenity": "place_of_worship",
        "building": "mosque",
        "name": "Bereketzade Ali Efendi Cami",
        "religion": "muslim",
        "wikidata": "Q31189160",
        "wikimedia_commons": "Category:Bereketzade Ali Efendi Mosque",
        "wikipedia": "tr:Bereketzade Ali Efendi Camii",
        "@geometry": "center"
      },
      "geometry": {
        "type": "Point",
        "coordinates": [
          28.9741968,
          41.0250389
        ]
      },
      "id": "way/331897879"
    },
    {
      "type": "Feature",
      "properties": {
        "@id": "way/333112194",
        "building": "yes",
        "historic": "tomb",
        "name": "Sultan 1. Abdülhamit Türbesi",
        "wikidata": "Q170707",
        "wikimedia_commons": "Category:Tomb of Sultan Abdul Hamid I",
        "wikipedia": "tr:I. Abdülhamid",
        "@geometry": "center"
      },
      "geometry": {
        "type": "Point",
        "coordinates": [
          28.9741344,
          41.0155098
        ]
      },
      "id": "way/333112194"
    },
    {
      "type": "Feature",
      "properties": {
        "@id": "way/333114634",
        "addr:city": "İstanbul",
        "addr:district": "Fatih",
        "amenity": "place_of_worship",
        "building": "mosque",
        "denomination": "sunni",
        "name": "Hobyar Camii",
        "name:ar": "جامع هوبيار",
        "religion": "muslim",
        "wikidata": "Q127418301",
        "wikimedia_commons": "Category:Hobyar Mosque",
        "@geometry": "center"
      },
      "geometry": {
        "type": "Point",
        "coordinates": [
          28.9736111,
          41.0143494
        ]
      },
      "id": "way/333114634"
    },
    {
      "type": "Feature",
      "properties": {
        "@id": "way/333122079",
        "addr:city": "İstanbul",
        "addr:country": "TR",
        "addr:district": "Fatih",
        "addr:province": "İstanbul",
        "amenity": "place_of_worship",
        "building": "mosque",
        "denomination": "sunni",
        "name": "Çorlulu Ali Paşa Camii",
        "name:en": "Çorlulu Ali Paşa Mosque",
        "religion": "muslim",
        "wikidata": "Q127418204",
        "wikimedia_commons": "Category:Çorlulu Ali Paşa Mosque",
        "wikipedia": "tr:Çorlulu Ali Paşa Camii (Fatih)",
        "@geometry": "center"
      },
      "geometry": {
        "type": "Point",
        "coordinates": [
          28.9683568,
          41.0092547
        ]
      },
      "id": "way/333122079"
    },
    {
      "type": "Feature",
      "properties": {
        "@id": "way/333134101",
        "amenity": "place_of_worship",
        "building": "mosque",
        "name": "Bereketzade Cami",
        "religion": "muslim",
        "wikidata": "Q127418144",
        "wikimedia_commons": "Category:Bereketzade Medresesi Mosque",
        "@geometry": "center"
      },
      "geometry": {
        "type": "Point",
        "coordinates": [
          28.9735494,
          41.0231096
        ]
      },
      "id": "way/333134101"
    },
    {
      "type": "Feature",
      "properties": {
        "@id": "way/333931123",
        "amenity": "place_of_worship",
        "building": "yes",
        "denomination": "sunni",
        "name": "Mihrimah Sultan Camii",
        "name:en": "Mihrimah Sultan Mosque",
        "name:zh": "米利马苏丹清真寺",
        "religion": "muslim",
        "wheelchair": "yes",
        "wikidata": "Q2537376",
        "wikimedia_commons": "Category:Mihrimah Sultan Mosque (Üsküdar)",
        "wikipedia": "en:Mihrimah Sultan Mosque, Üsküdar",
        "@geometry": "center"
      },
      "geometry": {
        "type": "Point",
        "coordinates": [
          29.0159675,
          41.0267833
        ]
      },
      "id": "way/333931123"
    },
    {
      "type": "Feature",
      "properties": {
        "@id": "way/333931792",
        "amenity": "place_of_worship",
        "building": "mosque",
        "name": "Rum Mehmet Paşa Camii",
        "name:en": "Rum Mehmed Pasha Mosque",
        "name:ru": "Мечеть Руми Мехмеда-паши",
        "religion": "muslim",
        "wikidata": "Q1572444",
        "wikimedia_commons": "Category:Rum Mehmed Pasha Mosque",
        "wikipedia": "en:Rum Mehmed Pasha Mosque",
        "@geometry": "center"
      },
      "geometry": {
        "type": "Point",
        "coordinates": [
          29.0108436,
          41.0246445
        ]
      },
      "id": "way/333931792"
    },
    {
      "type": "Feature",
      "properties": {
        "@id": "way/333931795",
        "addr:city": "İstanbul",
        "addr:district": "Üsküdar",
        "addr:neighbourhood": "Aziz Mahmut Hüdayi Mahallesi",
        "addr:postcode": "34672",
        "amenity": "place_of_worship",
        "building": "mosque",
        "name": "Ayazma Cami",
        "name:ru": "Мечеть Аязма",
        "religion": "muslim",
        "wikidata": "Q3324894",
        "wikimedia_commons": "Category:Ayazma Mosque",
        "wikipedia": "en:Ayazma Mosque",
        "@geometry": "center"
      },
      "geometry": {
        "type": "Point",
        "coordinates": [
          29.0088472,
          41.0226033
        ]
      },
      "id": "way/333931795"
    },
    {
      "type": "Feature",
      "properties": {
        "@id": "way/334023059",
        "amenity": "place_of_worship",
        "building": "mosque",
        "name": "Kurban Nasuh Baba Camii",
        "religion": "muslim",
        "wikidata": "Q6060925",
        "wikimedia_commons": "Category:Kurban Nasuh Baba Mosque",
        "wikipedia": "tr:Kurban Nasuh Baba Camii",
        "@geometry": "center"
      },
      "geometry": {
        "type": "Point",
        "coordinates": [
          29.0197043,
          41.0186394
        ]
      },
      "id": "way/334023059"
    },
    {
      "type": "Feature",
      "properties": {
        "@id": "way/334023717",
        "amenity": "place_of_worship",
        "building": "mosque",
        "name": "Ahmediye Medresesi",
        "religion": "muslim",
        "wikidata": "Q131741377",
        "wikimedia_commons": "Category:Ahmediye Complex, Üsküdar",
        "@geometry": "center"
      },
      "geometry": {
        "type": "Point",
        "coordinates": [
          29.0163,
          41.0202976
        ]
      },
      "id": "way/334023717"
    },
    {
      "type": "Feature",
      "properties": {
        "@id": "way/334023718",
        "amenity": "place_of_worship",
        "building": "mosque",
        "denomination": "sunni",
        "name": "Ahmediye Camii",
        "religion": "muslim",
        "source": "bing",
        "wikidata": "Q6056835",
        "wikimedia_commons": "Category:Ahmediye Complex, Üsküdar",
        "wikipedia": "tr:Ahmediye Camii (Üsküdar)",
        "@geometry": "center"
      },
      "geometry": {
        "type": "Point",
        "coordinates": [
          29.0165623,
          41.020461
        ]
      },
      "id": "way/334023718"
    },
    {
      "type": "Feature",
      "properties": {
        "@id": "way/335374188",
        "check_date": "2025-04-06",
        "fax": "+90 212 527 4300",
        "fee": "yes",
        "museum": "history",
        "name": "İstanbul Arkeoloji Müzeleri",
        "name:br": "Mirdioù Arkeologiezh Istanbul",
        "name:fa": "موزه‌های باستان‌شناسی استانبول",
        "name:fr": "Musées archéologiques d'Istanbul",
        "name:ru": "Стамбульский археологический музей",
        "name:tr": "İstanbul Arkeoloji Müzeleri",
        "opening_hours": "09:00-21:00",
        "operator:type": "public",
        "phone": "+90 212 520 7740",
        "tourism": "museum",
        "website": "https://muze.gen.tr/",
        "wikidata": "Q636978",
        "wikimedia_commons": "Category:Istanbul Archaeological Museums",
        "wikipedia": "en:Istanbul Archaeology Museums",
        "@geometry": "center"
      },
      "geometry": {
        "type": "Point",
        "coordinates": [
          28.9812131,
          41.0116941
        ]
      },
      "id": "way/335374188"
    },
    {
      "type": "Feature",
      "properties": {
        "@id": "way/335402651",
        "area": "tourism",
        "name": "Darphane-i Amire",
        "name:ar": "دار سك العملة الأميرية",
        "name:en": "Imperial Mint",
        "name:fa": "ضرابخانه امپراتوری",
        "name:hi": "शाही टकसाल",
        "tourism": "attraction",
        "wikipedia": "tr:Darphane-i Amire",
        "@geometry": "center"
      },
      "geometry": {
        "type": "Point",
        "coordinates": [
          28.9803838,
          41.0104187
        ]
      },
      "id": "way/335402651"
    },
    {
      "type": "Feature",
      "properties": {
        "@id": "way/335402653",
        "building": "yes",
        "image": "https://photos.app.goo.gl/WS72YMFhyDuCUW9a8",
        "man_made": "tower",
        "name": "Adalet kulesi",
        "name:br": "Tour ar Justis",
        "name:en": "Tower of Justice",
        "name:ru": "Башня справедливости",
        "wikidata": "Q20470393",
        "wikimedia_commons": "Category:Tower of Justice",
        "wikipedia": "tr:Adalet Kulesi",
        "@geometry": "center"
      },
      "geometry": {
        "type": "Point",
        "coordinates": [
          28.983341,
          41.0124583
        ]
      },
      "id": "way/335402653"
    },
    {
      "type": "Feature",
      "properties": {
        "@id": "way/335415778",
        "architect": "Mimar Sinan",
        "castle_type": "palace",
        "email": "contact@muze.gen.tr",
        "historic": "castle",
        "name": "Topkapı Sarayı",
        "name:ar": "قصر طوب قابي",
        "name:ckb": "کۆشکی تۆپقاپی",
        "name:da": "Topkapi-paladset",
        "name:de": "Topkapi-Palast",
        "name:el": "Τοπ Καπί",
        "name:en": "Topkapı Palace",
        "name:es": "Palacio de Topkapı",
        "name:fa": "کاخ توپ‌قاپی",
        "name:fr": "Palais de Topkapı",
        "name:hi": "टोपकापी महल",
        "name:kk-Arab": "توپقاپى",
        "name:ko": "톱카프 궁전",
        "name:ml": "ടോപ്കാപി കൊട്ടാരം",
        "name:pnb": "توپ قاپی محل",
        "name:ru": "дворец Топкапы",
        "name:sv": "Topkapipalatset",
        "name:ta": "தொப்காப்பி மாளிகை",
        "name:tr": "Topkapı Sarayı",
        "name:uk": "Палац Топкапи",
        "name:ur": "توپ قاپی محل",
        "start_date": "1545",
        "tourism": "attraction",
        "website": "https://muze.gen.tr/",
        "wheelchair": "limited",
        "wikidata": "Q170495",
        "wikimedia_commons": "Category:Topkapı Palace",
        "wikipedia": "tr:Topkapı Sarayı",
        "@geometry": "center"
      },
      "geometry": {
        "type": "Point",
        "coordinates": [
          28.9840154,
          41.01281
        ]
      },
      "id": "way/335415778"
    },
    {
      "type": "Feature",
      "properties": {
        "@id": "way/347505178",
        "addr:city": "Istanbul",
        "addr:district": "Sarıyer",
        "addr:housenumber": "46",
        "addr:neighbourhood": "Yeniköy",
        "addr:postcode": "34464",
        "addr:street": "Köybaşı Caddesi",
        "building": "yes",
        "castle_type": "palace",
        "contact:website": "https://www.bmeia.gv.at/kf-istanbul/ueber-uns/geschichte/",
        "historic": "castle",
        "name": "Palais Yeniköy",
        "name:en": "Palais Yeniköy",
        "wikimedia_commons": "File:Csm Palais Yenikoy 1 247e989bf0.jpg",
        "@geometry": "center"
      },
      "geometry": {
        "type": "Point",
        "coordinates": [
          29.0703202,
          41.1260855
        ]
      },
      "id": "way/347505178"
    },
    {
      "type": "Feature",
      "properties": {
        "@id": "way/349521414",
        "building": "yes",
        "name": "Edebiyat Müzesi",
        "tourism": "museum",
        "@geometry": "center"
      },
      "geometry": {
        "type": "Point",
        "coordinates": [
          29.0111404,
          41.0488041
        ]
      },
      "id": "way/349521414"
    },
    {
      "type": "Feature",
      "properties": {
        "@id": "way/355941429",
        "amenity": "place_of_worship",
        "name": "Sancaklar Camii",
        "religion": "muslim",
        "wikidata": "Q21526905",
        "wikimedia_commons": "Category:Sancaklar Camii",
        "wikipedia": "en:Sancaklar Mosque",
        "@geometry": "center"
      },
      "geometry": {
        "type": "Point",
        "coordinates": [
          28.6014866,
          41.0891424
        ]
      },
      "id": "way/355941429"
    },
    {
      "type": "Feature",
      "properties": {
        "@id": "way/361712268",
        "addr:city": "İstanbul",
        "addr:district": "Sarıyer",
        "addr:housenumber": "2",
        "addr:neighbourhood": "Ayazağa",
        "addr:postcode": "34396",
        "addr:street": "112. Sokak",
        "alt_name": "Ayazağa Merkez Camii",
        "amenity": "place_of_worship",
        "building": "mosque",
        "building:levels": "2",
        "denomination": "sunni",
        "name": "Cendereci Muhittin Çelebi Camii",
        "opening_hours": "sunrise-sunset",
        "religion": "muslim",
        "start_date": "1898",
        "wikidata": "Q127418120",
        "@geometry": "center"
      },
      "geometry": {
        "type": "Point",
        "coordinates": [
          28.9985931,
          41.1160237
        ]
      },
      "id": "way/361712268"
    },
    {
      "type": "Feature",
      "properties": {
        "@id": "way/363150639",
        "amenity": "place_of_worship",
        "building": "mosque",
        "name": "Sahaf Muhittin Cami",
        "religion": "muslim",
        "wikidata": "Q127418499",
        "@geometry": "center"
      },
      "geometry": {
        "type": "Point",
        "coordinates": [
          28.9710281,
          41.0409749
        ]
      },
      "id": "way/363150639"
    },
    {
      "type": "Feature",
      "properties": {
        "@id": "way/366439346",
        "alt_name": "Camii;Cami;İbadethane;Mescit",
        "amenity": "place_of_worship",
        "building": "mosque",
        "building:material": "concrete",
        "capacity": "3600",
        "check_date": "2024-07-08",
        "denomination": "sunni",
        "name": "Marmara İlahiyat Camii",
        "religion": "muslim",
        "source": "Maxar Premium-Luftbilder (Beta)",
        "start_date": "23.10.2015",
        "wikidata": "Q21526567",
        "wikimedia_commons": "Category:Marmara İlahiyat Mosque",
        "wikipedia": "tr:Marmara İlahiyat Camii",
        "@geometry": "center"
      },
      "geometry": {
        "type": "Point",
        "coordinates": [
          29.0375728,
          41.0207447
        ]
      },
      "id": "way/366439346"
    },
    {
      "type": "Feature",
      "properties": {
        "@id": "way/375933331",
        "alt_name": "Bostancı İstasyon Camii",
        "amenity": "place_of_worship",
        "building": "mosque",
        "denomination": "sunni",
        "name": "Bostancı Kuloğlu Cami",
        "religion": "muslim",
        "wikidata": "Q20473168",
        "wikipedia": "tr:Bostancı İstasyon Camii",
        "@geometry": "center"
      },
      "geometry": {
        "type": "Point",
        "coordinates": [
          29.0938618,
          40.9550778
        ]
      },
      "id": "way/375933331"
    },
    {
      "type": "Feature",
      "properties": {
        "@id": "way/376364391",
        "addr:city": "İstanbul",
        "addr:country": "TR",
        "addr:district": "Beykoz",
        "addr:housenumber": "1",
        "addr:neighbourhood": "Paşabahçe Mahallesi",
        "addr:postcode": "34800",
        "addr:street": "İskele Caddesi",
        "amenity": "place_of_worship",
        "building": "mosque",
        "denomination": "Hanefi",
        "name": "Paşabahçe Merkez Camii",
        "religion": "muslim",
        "wikidata": "Q127418483",
        "wikimedia_commons": "Category:Paşabahçe Mosque",
        "@geometry": "center"
      },
      "geometry": {
        "type": "Point",
        "coordinates": [
          29.0950746,
          41.1159938
        ]
      },
      "id": "way/376364391"
    },
    {
      "type": "Feature",
      "properties": {
        "@id": "way/376839103",
        "highway": "pedestrian",
        "lit": "yes",
        "name": "Beyazıt Meydanı",
        "name:en": "Beyazıt Square",
        "place": "square",
        "surface": "paving_stones",
        "wikidata": "Q6043077",
        "wikimedia_commons": "Category:Beyazıt Square",
        "wikipedia": "en:Beyazıt Square",
        "@geometry": "center"
      },
      "geometry": {
        "type": "Point",
        "coordinates": [
          28.9664708,
          41.009263
        ]
      },
      "id": "way/376839103"
    },
    {
      "type": "Feature",
      "properties": {
        "@id": "way/376849515",
        "alt_name": "Camii; Cami; İbadethane; Mescit",
        "amenity": "place_of_worship",
        "building": "mosque",
        "denomination": "sunni",
        "name": "Levent Cami",
        "religion": "muslim",
        "source": "Maxar Premium-Luftbilder (Beta)",
        "wikidata": "Q6031201",
        "wikimedia_commons": "Category:Levent Mosque",
        "wikipedia": "tr:Levent Camii",
        "@geometry": "center"
      },
      "geometry": {
        "type": "Point",
        "coordinates": [
          29.0176081,
          41.0791447
        ]
      },
      "id": "way/376849515"
    },
    {
      "type": "Feature",
      "properties": {
        "@id": "way/382843576",
        "amenity": "place_of_worship",
        "building": "mosque",
        "denomination": "sunni",
        "name": "İzzetpaşa Camii",
        "religion": "muslim",
        "wheelchair": "no",
        "wikidata": "Q135629652",
        "wikimedia_commons": "Category:İzzetpaşa Mosque",
        "@geometry": "center"
      },
      "geometry": {
        "type": "Point",
        "coordinates": [
          28.9874049,
          41.0700998
        ]
      },
      "id": "way/382843576"
    },
    {
      "type": "Feature",
      "properties": {
        "@id": "way/388713709",
        "amenity": "place_of_worship",
        "building": "mosque",
        "name": "Hacı Aliağa Camii",
        "religion": "muslim",
        "wheelchair": "limited",
        "wikidata": "Q127418189",
        "@geometry": "center"
      },
      "geometry": {
        "type": "Point",
        "coordinates": [
          29.205695,
          40.9182064
        ]
      },
      "id": "way/388713709"
    },
    {
      "type": "Feature",
      "properties": {
        "@id": "way/390188148",
        "addr:city": "İstanbul",
        "addr:district": "Zeytinburnu",
        "amenity": "place_of_worship",
        "building": "mosque",
        "denomination": "sunni",
        "image": "https://kulturvadisi.com/images/media/zeytinburnu_kultur_vadisi_kazl%C4%B1cesmefatih_1.jpg",
        "name": "Kazlıçeşme Fatih Camii",
        "religion": "muslim",
        "website": "https://www.kulturvadisi.com/lokasyon/kazlicesme-fatih-camii",
        "wikidata": "Q127418371",
        "wikimedia_commons": "Category:Kazlıçeşme Fatih Mosque",
        "@geometry": "center"
      },
      "geometry": {
        "type": "Point",
        "coordinates": [
          28.915304,
          40.990448
        ]
      },
      "id": "way/390188148"
    },
    {
      "type": "Feature",
      "properties": {
        "@id": "way/399303787",
        "addr:city": "İstanbul",
        "addr:country": "TR",
        "addr:district": "Kadıköy",
        "addr:housenumber": "147",
        "addr:street": "Moda Caddesi",
        "building": "yes",
        "historic": "manor",
        "name": "Arif Sarıca Köşkü",
        "name:en": "Arif Sarıca Mansion",
        "name:tr": "Arif Sarıca Köşkü",
        "wikidata": "Q114044062",
        "wikimedia_commons": "Category:Arif Sarıca Mansion",
        "wikipedia": "en:Arif Sarıca Mansion",
        "@geometry": "center"
      },
      "geometry": {
        "type": "Point",
        "coordinates": [
          29.0233586,
          40.981721
        ]
      },
      "id": "way/399303787"
    },
    {
      "type": "Feature",
      "properties": {
        "@id": "way/401282988",
        "name": "Sarı Köşk",
        "tourism": "museum",
        "wikidata": "Q115789189",
        "wikimedia_commons": "Category:Yellow Kiosk (Üsküdar)",
        "wikipedia": "tr:Sarı Köşk (Üsküdar)",
        "@geometry": "center"
      },
      "geometry": {
        "type": "Point",
        "coordinates": [
          29.0411035,
          41.0415083
        ]
      },
      "id": "way/401282988"
    },
    {
      "type": "Feature",
      "properties": {
        "@id": "way/401365046",
        "amenity": "place_of_worship",
        "building": "mosque",
        "name": "Bodrumi Ömer Lütfi Efendi Camii",
        "religion": "muslim",
        "wikidata": "Q127418151",
        "@geometry": "center"
      },
      "geometry": {
        "type": "Point",
        "coordinates": [
          29.067637,
          41.0117286
        ]
      },
      "id": "way/401365046"
    },
    {
      "type": "Feature",
      "properties": {
        "@id": "way/403116670",
        "alt_name": "Yoroz Kalesi",
        "historic": "archaeological_site",
        "landuse": "grass",
        "name": "Yoros Kalesi",
        "name:ar": "قلعة يوروس",
        "name:az": "Yoros qalası",
        "name:ca": "Castell de Yoros",
        "name:de": "Burgruine Yoros",
        "name:en": "Yoros Castle",
        "name:mk": "Замок Јорос",
        "name:ms": "Istana kota Yoros",
        "name:ru": "Йорос",
        "name:sl": "Grad Joros",
        "name:tr": "Yoros Kalesi",
        "name:uk": "Йорос",
        "name:uz": "Yoros qal'asi",
        "note": "A ruined castle at the confluence of the Bosphorus and the Black Sea",
        "old_name": "Ceneviz Kalesi",
        "tourism": "attraction",
        "wikidata": "Q1015617",
        "wikimedia_commons": "Category:Yoros Castle",
        "wikipedia": "en:Yoros Castle",
        "@geometry": "center"
      },
      "geometry": {
        "type": "Point",
        "coordinates": [
          29.0948567,
          41.1785803
        ]
      },
      "id": "way/403116670"
    },
    {
      "type": "Feature",
      "properties": {
        "@id": "way/403116671",
        "alt_name": "Sakıp Sabancı Kandilli Eğitim ve Kültür Merkezi",
        "building": "yes",
        "historic": "manor",
        "image": "https://www.sabancivakfi.org/i/content/1282_1_kalici_eserler_sakip_sabanci_kandilli_egitim_ve_kultur_merkezi_istanbul_01.jpg",
        "name": "Adile Sultan Sarayı",
        "name:ru": "Дворец Адие Султан",
        "website": "https://www.adilesultan.com/",
        "wikidata": "Q3397413",
        "wikimedia_commons": "Category:Adile Sultan Palace",
        "wikipedia": "en:Adile Sultan Palace",
        "@geometry": "center"
      },
      "geometry": {
        "type": "Point",
        "coordinates": [
          29.0581234,
          41.0721451
        ]
      },
      "id": "way/403116671"
    },
    {
      "type": "Feature",
      "properties": {
        "@id": "way/407652712",
        "barrier": "city_wall",
        "building": "yes",
        "building:material": "stone",
        "historic": "ruins",
        "historic:period": "Byzantine",
        "ruin_type": "fortress",
        "source": "bing2016",
        "wikidata": "Q126823901",
        "@geometry": "center"
      },
      "geometry": {
        "type": "Point",
        "coordinates": [
          28.9376779,
          41.0015713
        ]
      },
      "id": "way/407652712"
    },
    {
      "type": "Feature",
      "properties": {
        "@id": "way/410544757",
        "addr:city": "İstanbul",
        "addr:district": "Beşiktaş",
        "addr:neighbourhood": "Vişnezade Mahallesi",
        "addr:postcode": "34357",
        "leisure": "park",
        "name": "Şairler Sofrası Parkı",
        "wikidata": "Q12813039",
        "wikimedia_commons": "Category:Şairler Sofası",
        "wikipedia": "en:Şairler Sofası",
        "@geometry": "center"
      },
      "geometry": {
        "type": "Point",
        "coordinates": [
          29.0005224,
          41.04156
        ]
      },
      "id": "way/410544757"
    },
    {
      "type": "Feature",
      "properties": {
        "@id": "way/410544758",
        "amenity": "place_of_worship",
        "building": "mosque",
        "image": "https://cdn.kulturenvanteri.com/wp-content/uploads/2019/11/IMG_20211202_165857-scaled.jpg",
        "name": "Vişnezade Cami",
        "religion": "muslim",
        "website": "https://kulturenvanteri.com/en/yer/visnezade-camii/",
        "wikidata": "Q127418608",
        "@geometry": "center"
      },
      "geometry": {
        "type": "Point",
        "coordinates": [
          28.9992535,
          41.0417138
        ]
      },
      "id": "way/410544758"
    },
    {
      "type": "Feature",
      "properties": {
        "@id": "way/412141123",
        "historic": "archaeological_site",
        "name": "Aydos (Aetos) Kalesi",
        "opening_hours": "Tu-Su 09:00-17:00",
        "wikidata": "Q1014724",
        "wikimedia_commons": "File:DSC 5400 Aydos harabeleri - panoramio.jpg",
        "wikipedia": "tr:Aydos Kalesi",
        "@geometry": "center"
      },
      "geometry": {
        "type": "Point",
        "coordinates": [
          29.2581482,
          40.9496996
        ]
      },
      "id": "way/412141123"
    },
    {
      "type": "Feature",
      "properties": {
        "@id": "node/415157636",
        "historic": "column",
        "image": "https://photos.app.goo.gl/R4tDh3hmHX7jht7u5",
        "name": "Yılanlı Sütun",
        "name:ar": "يلانلِ سوتون",
        "name:de": "Schlangensäule",
        "name:el": "Στήλη φιδιού",
        "name:en": "Serpent Column",
        "name:es": "Columna de las Serpientes",
        "name:fa": "ستون مار",
        "name:fr": "Colonne serpentine",
        "name:hi": "सर्प स्तंभ",
        "name:pt": "Coluna Serpentina",
        "name:ru": "Змеиная колонна",
        "name:tr": "Yılanlı Sütun",
        "name:zh": "螺旋圆柱",
        "tourism": "attraction",
        "wheelchair": "yes",
        "wikidata": "Q588892",
        "wikimedia_commons": "Category:Serpent Column",
        "wikipedia": "tr:Yılanlı Sütun"
      },
      "geometry": {
        "type": "Point",
        "coordinates": [
          28.9751101,
          41.0056649
        ]
      },
      "id": "node/415157636"
    },
    {
      "type": "Feature",
      "properties": {
        "@id": "way/421026097",
        "addr:city": "İstanbul",
        "addr:district": "Kadıköy",
        "amenity": "place_of_worship",
        "building": "mosque",
        "name": "Rasim Paşa Camii",
        "religion": "muslim",
        "wikidata": "Q12811493",
        "wikimedia_commons": "Category:Rasim Paşa Mosque",
        "wikipedia": "tr:Rasim Paşa Camii",
        "@geometry": "center"
      },
      "geometry": {
        "type": "Point",
        "coordinates": [
          29.0301075,
          40.9963566
        ]
      },
      "id": "way/421026097"
    },
    {
      "type": "Feature",
      "properties": {
        "@id": "way/427613366",
        "amenity": "place_of_worship",
        "building": "mosque",
        "denomination": "sunni",
        "name": "Yeniköy Yeni Camii",
        "religion": "muslim",
        "source": "bing",
        "wikidata": "Q127418633",
        "@geometry": "center"
      },
      "geometry": {
        "type": "Point",
        "coordinates": [
          29.0652386,
          41.1191821
        ]
      },
      "id": "way/427613366"
    },
    {
      "type": "Feature",
      "properties": {
        "@id": "way/429509432",
        "addr:city": "İstanbul",
        "addr:country": "TR",
        "addr:district": "Beykoz",
        "addr:neighbourhood": "Çiğdem Mahallesi",
        "addr:postcode": "34800",
        "amenity": "place_of_worship",
        "building": "mosque",
        "name": "Tepeköy Hacı Ali Bey Camii",
        "religion": "muslim",
        "wikidata": "Q127418578",
        "@geometry": "center"
      },
      "geometry": {
        "type": "Point",
        "coordinates": [
          29.1017441,
          41.114777
        ]
      },
      "id": "way/429509432"
    },
    {
      "type": "Feature",
      "properties": {
        "@id": "way/437709811",
        "amenity": "place_of_worship",
        "building": "mosque",
        "check_date": "2024-11-28",
        "height": "15",
        "name": "Yıldız Hamidiye Camii",
        "name:en": "Yıldız Hamidiye Mosque",
        "name:zh": "耶尔德兹哈米迪耶清真寺",
        "religion": "muslim",
        "wikidata": "Q1573438",
        "wikimedia_commons": "Category:Yıldız Hamidiye Mosque",
        "wikipedia": "en:Yıldız Hamidiye Mosque",
        "@geometry": "center"
      },
      "geometry": {
        "type": "Point",
        "coordinates": [
          29.0099809,
          41.0494081
        ]
      },
      "id": "way/437709811"
    },
    {
      "type": "Feature",
      "properties": {
        "@id": "way/438900398",
        "amenity": "place_of_worship",
        "building": "mosque",
        "denomination": "sunni",
        "name": "Üryanizade Camii",
        "religion": "muslim",
        "wikidata": "Q127418603",
        "wikimedia_commons": "Category:Üryanizade Ahmet Esat Efendi Mosque",
        "@geometry": "center"
      },
      "geometry": {
        "type": "Point",
        "coordinates": [
          29.0344191,
          41.0395348
        ]
      },
      "id": "way/438900398"
    },
    {
      "type": "Feature",
      "properties": {
        "@id": "way/440300607",
        "leisure": "park",
        "name": "Yenikapı Şehir Parkı",
        "name:en": "Yenikapı City Park",
        "wikidata": "Q25477354",
        "wikimedia_commons": "File:Istanbul Turkey - Flickr - brewbooks (5).jpg",
        "wikipedia": "tr:Yenikapı Meydanı",
        "@geometry": "center"
      },
      "geometry": {
        "type": "Point",
        "coordinates": [
          28.9457788,
          40.9991084
        ]
      },
      "id": "way/440300607"
    },
    {
      "type": "Feature",
      "properties": {
        "@id": "way/442974477",
        "building": "university",
        "source": "bing",
        "tourism": "museum",
        "@geometry": "center"
      },
      "geometry": {
        "type": "Point",
        "coordinates": [
          29.0598532,
          41.0638347
        ]
      },
      "id": "way/442974477"
    },
    {
      "type": "Feature",
      "properties": {
        "@id": "way/444731523",
        "leisure": "park",
        "name": "Beylerbeyi Parkı",
        "wikidata": "Q133826188",
        "wikimedia_commons": "Category:Beylerbeyi Park",
        "@geometry": "center"
      },
      "geometry": {
        "type": "Point",
        "coordinates": [
          29.0425996,
          41.0436039
        ]
      },
      "id": "way/444731523"
    },
    {
      "type": "Feature",
      "properties": {
        "@id": "way/444944498",
        "historic": "ruins",
        "name": "Eski Tekel Fabrikası",
        "@geometry": "center"
      },
      "geometry": {
        "type": "Point",
        "coordinates": [
          29.0209277,
          41.0311863
        ]
      },
      "id": "way/444944498"
    },
    {
      "type": "Feature",
      "properties": {
        "@id": "way/444944499",
        "amenity": "place_of_worship",
        "building": "mosque",
        "check_date": "2026-05-17",
        "denomination": "sunni",
        "name": "Silahtar Abrurrahman Ağa Camii",
        "religion": "muslim",
        "wheelchair": "no",
        "wikidata": "Q6054560",
        "wikimedia_commons": "Category:Abdurrahman Ağa Mosque",
        "wikipedia": "tr:Abdurrahman Ağa Camii",
        "@geometry": "center"
      },
      "geometry": {
        "type": "Point",
        "coordinates": [
          29.0223329,
          41.0315722
        ]
      },
      "id": "way/444944499"
    },
    {
      "type": "Feature",
      "properties": {
        "@id": "way/447157794",
        "amenity": "place_of_worship",
        "building": "mosque",
        "denomination": "sunni",
        "name": "Şeyh Devati Mustafa Efendi Mosque",
        "name:tr": "Şeyh DEVÂTÎ MUSTAFA EFENDİ Camii",
        "religion": "muslim",
        "wikidata": "Q127418558",
        "@geometry": "center"
      },
      "geometry": {
        "type": "Point",
        "coordinates": [
          29.0181013,
          41.0254577
        ]
      },
      "id": "way/447157794"
    },
    {
      "type": "Feature",
      "properties": {
        "@id": "way/447623269",
        "amenity": "place_of_worship",
        "building": "mosque",
        "name": "Pişmaniye Mescidi",
        "religion": "muslim",
        "wikidata": "Q127418490",
        "@geometry": "center"
      },
      "geometry": {
        "type": "Point",
        "coordinates": [
          28.9681588,
          41.0368897
        ]
      },
      "id": "way/447623269"
    },
    {
      "type": "Feature",
      "properties": {
        "@id": "way/457941565",
        "historic": "tomb",
        "name": "Hasan Dede Türbesi",
        "wikidata": "Q131391610",
        "@geometry": "center"
      },
      "geometry": {
        "type": "Point",
        "coordinates": [
          28.9329222,
          41.0537902
        ]
      },
      "id": "way/457941565"
    },
    {
      "type": "Feature",
      "properties": {
        "@id": "way/457941709",
        "amenity": "place_of_worship",
        "building": "mosque",
        "name": "Kaşgari Murtaza Efendi Cami",
        "religion": "muslim",
        "wikidata": "Q31189264",
        "wikimedia_commons": "Category:Kaşgari Murtaza Efendi Mosque",
        "wikipedia": "tr:Kaşgari Murtaza Efendi Cami",
        "@geometry": "center"
      },
      "geometry": {
        "type": "Point",
        "coordinates": [
          28.9322666,
          41.0520034
        ]
      },
      "id": "way/457941709"
    },
    {
      "type": "Feature",
      "properties": {
        "@id": "way/458053894",
        "amenity": "place_of_worship",
        "name": "Sokullu Mehmet Paşa Camii",
        "religion": "muslim",
        "wikidata": "Q6049801",
        "wikimedia_commons": "Category:Sokollu Mehmet Pasha Mosque (Büyükçekmece)",
        "wikipedia": "en:Sokollu Mehmed Pasha Mosque, Büyükçekmece",
        "@geometry": "center"
      },
      "geometry": {
        "type": "Point",
        "coordinates": [
          28.57615,
          41.0221162
        ]
      },
      "id": "way/458053894"
    },
    {
      "type": "Feature",
      "properties": {
        "@id": "way/458059953",
        "amenity": "place_of_worship",
        "building": "mosque",
        "name": "Fatih Camii",
        "religion": "muslim",
        "wikidata": "Q127418241",
        "@geometry": "center"
      },
      "geometry": {
        "type": "Point",
        "coordinates": [
          28.5799589,
          41.023607
        ]
      },
      "id": "way/458059953"
    },
    {
      "type": "Feature",
      "properties": {
        "@id": "way/458980047",
        "amenity": "place_of_worship",
        "building": "mosque",
        "construction_date": "1835",
        "name": "Alemdağ Vakıf Cami",
        "old_name": "Surp Nışan Ermeni Kilisesi",
        "old_name:hy": "Սուրբ Նշան",
        "religion": "muslim",
        "wikidata": "Q132134471",
        "@geometry": "center"
      },
      "geometry": {
        "type": "Point",
        "coordinates": [
          29.2363467,
          41.0497361
        ]
      },
      "id": "way/458980047"
    },
    {
      "type": "Feature",
      "properties": {
        "@id": "way/459849112",
        "building": "yes",
        "name": "Fikret Otyam Müzesi",
        "tourism": "museum",
        "@geometry": "center"
      },
      "geometry": {
        "type": "Point",
        "coordinates": [
          29.1071746,
          40.9470515
        ]
      },
      "id": "way/459849112"
    },
    {
      "type": "Feature",
      "properties": {
        "@id": "way/461114149",
        "addr:city": "İstanbul",
        "addr:district": "Fatih",
        "amenity": "place_of_worship",
        "building": "mosque",
        "denomination": "sunni",
        "name": "Kasap Halil Paşa Camii",
        "name:ar": "جامع قصاب خليل باشا",
        "religion": "muslim",
        "wikidata": "Q127418356",
        "@geometry": "center"
      },
      "geometry": {
        "type": "Point",
        "coordinates": [
          28.9379719,
          41.0092849
        ]
      },
      "id": "way/461114149"
    },
    {
      "type": "Feature",
      "properties": {
        "@id": "way/462663254",
        "building": "yes",
        "building:material": "wood",
        "historic": "building",
        "name": "Büyükada Eski Rum Yetimhanesi",
        "ruins": "yes",
        "start_date": "1898",
        "wikidata": "Q5005317",
        "wikimedia_commons": "Category:Prinkipo Greek Orthodox Orphanage",
        "wikipedia": "tr:Büyükada Rum Yetimhanesi",
        "@geometry": "center"
      },
      "geometry": {
        "type": "Point",
        "coordinates": [
          29.1230866,
          40.861018
        ]
      },
      "id": "way/462663254"
    },
    {
      "type": "Feature",
      "properties": {
        "@id": "way/463029418",
        "addr:city": "İstanbul",
        "addr:district": "Beşiktaş",
        "addr:neighbourhood": "Ortaköy Mahallesi",
        "addr:postcode": "34347",
        "addr:street": "Muallim Naci Caddesi",
        "amenity": "place_of_worship",
        "building": "mosque",
        "name": "Defterdar İbrahim Paşa Cami",
        "religion": "muslim",
        "wikidata": "Q112845160",
        "wikimedia_commons": "File:20180114 Bosphorus 7046 (26273713158).jpg",
        "wikipedia": "tr:Defterdar İbrahim Paşa Camii",
        "@geometry": "center"
      },
      "geometry": {
        "type": "Point",
        "coordinates": [
          29.0332472,
          41.0510292
        ]
      },
      "id": "way/463029418"
    },
    {
      "type": "Feature",
      "properties": {
        "@id": "way/465144827",
        "addr:city": "İstanbul",
        "addr:district": "Fatih",
        "amenity": "place_of_worship",
        "building": "mosque",
        "building:levels": "2",
        "denomination": "sunni",
        "name": "Husambey Tezgahcilar Camii",
        "name:ar": "جامع حسام بيه",
        "religion": "muslim",
        "roof:material": "roof_tiles",
        "roof:shape": "hipped",
        "wikidata": "Q127418583",
        "wikimedia_commons": "Category:Tezgahçılar Mosque",
        "@geometry": "center"
      },
      "geometry": {
        "type": "Point",
        "coordinates": [
          28.955142,
          41.0169603
        ]
      },
      "id": "way/465144827"
    },
    {
      "type": "Feature",
      "properties": {
        "@id": "way/465379303",
        "amenity": "place_of_worship",
        "building": "yes",
        "denomination": "catholic",
        "name": "Meryem Ana Rosario Kilisesi",
        "religion": "christian",
        "wikidata": "Q131526956",
        "@geometry": "center"
      },
      "geometry": {
        "type": "Point",
        "coordinates": [
          28.8796909,
          40.977097
        ]
      },
      "id": "way/465379303"
    },
    {
      "type": "Feature",
      "properties": {
        "@id": "way/468653131",
        "leisure": "park",
        "name": "Esenler Bölge Parkı",
        "wikidata": "Q109387353",
        "wikimedia_commons": "File:Esenler Bölge Parkı.jpg",
        "wikipedia": "tr:Esenler Bölge Parkı",
        "@geometry": "center"
      },
      "geometry": {
        "type": "Point",
        "coordinates": [
          28.8724608,
          41.0587784
        ]
      },
      "id": "way/468653131"
    },
    {
      "type": "Feature",
      "properties": {
        "@id": "way/473891834",
        "building": "tomb",
        "height": "6 m",
        "historic": "tomb",
        "name": "Sultan Reşad Türbesi",
        "wikidata": "Q151494",
        "wikimedia_commons": "Category:Tomb of Mehmed V",
        "wikipedia": "tr:V. Mehmed",
        "@geometry": "center"
      },
      "geometry": {
        "type": "Point",
        "coordinates": [
          28.9358095,
          41.0478987
        ]
      },
      "id": "way/473891834"
    },
    {
      "type": "Feature",
      "properties": {
        "@id": "way/487484995",
        "historic": "aqueduct",
        "name": "Ballıgerme Su kemeri",
        "source": "bing",
        "wikidata": "Q107007743",
        "wikipedia": "en:Ballıgerme",
        "@geometry": "center"
      },
      "geometry": {
        "type": "Point",
        "coordinates": [
          28.2894067,
          41.3480876
        ]
      },
      "id": "way/487484995"
    },
    {
      "type": "Feature",
      "properties": {
        "@id": "way/487484996",
        "historic": "archaeological_site",
        "name": "İnceğiz Mağaraları",
        "wikidata": "Q38251235",
        "wikimedia_commons": "Category:Cave monastery of İnceğiz",
        "wikipedia": "en:İnceğiz Cave Monastery",
        "@geometry": "center"
      },
      "geometry": {
        "type": "Point",
        "coordinates": [
          28.4038104,
          41.1814832
        ]
      },
      "id": "way/487484996"
    },
    {
      "type": "Feature",
      "properties": {
        "@id": "way/489743779",
        "building": "yes",
        "commercial": "sports",
        "name": "Eski Açık Tribün",
        "tourism": "museum",
        "@geometry": "center"
      },
      "geometry": {
        "type": "Point",
        "coordinates": [
          28.9953909,
          41.0385496
        ]
      },
      "id": "way/489743779"
    },
    {
      "type": "Feature",
      "properties": {
        "@id": "way/492585972",
        "amenity": "place_of_worship",
        "building": "mosque",
        "name": "Sahaf Muslihittin Mescidi",
        "religion": "muslim",
        "wikidata": "Q127418500",
        "@geometry": "center"
      },
      "geometry": {
        "type": "Point",
        "coordinates": [
          28.97023,
          41.0429274
        ]
      },
      "id": "way/492585972"
    },
    {
      "type": "Feature",
      "properties": {
        "@id": "way/498348921",
        "amenity": "place_of_worship",
        "building": "mosque",
        "denomination": "sunni",
        "name": "Rumelifeneri Yeni Cami",
        "religion": "muslim",
        "source": "bing",
        "wikidata": "Q127418496",
        "wikimedia_commons": "Category:New Mosque (Sarıyer)",
        "wikipedia": "tr:Yeni Cami (Sarıyer)",
        "@geometry": "center"
      },
      "geometry": {
        "type": "Point",
        "coordinates": [
          29.1115524,
          41.2337639
        ]
      },
      "id": "way/498348921"
    },
    {
      "type": "Feature",
      "properties": {
        "@id": "way/498371226",
        "amenity": "place_of_worship",
        "building": "mosque",
        "denomination": "sunni",
        "name": "Baltalimani Serhazir Suleyman Aga Camii",
        "religion": "muslim",
        "source": "bing",
        "wheelchair": "yes",
        "wikidata": "Q64283162",
        "wikimedia_commons": "Category:Serhazir Süleyman Aga Mosque",
        "@geometry": "center"
      },
      "geometry": {
        "type": "Point",
        "coordinates": [
          29.0528847,
          41.0978817
        ]
      },
      "id": "way/498371226"
    },
    {
      "type": "Feature",
      "properties": {
        "@id": "way/498785039",
        "addr:city": "İstanbul",
        "addr:district": "Fatih",
        "addr:street": "Ferruh Kahya Sokağı",
        "amenity": "place_of_worship",
        "building": "mosque",
        "denomination": "sunni",
        "name": "Ferruh Kethuda Cami",
        "name:ar": "جامع فروح كيتهودا",
        "religion": "muslim",
        "source": "bing",
        "wikidata": "Q6071493",
        "wikimedia_commons": "Category:Ferruh Kethüda Mosque",
        "wikipedia": "tr:Ferruh Kethüda Camii",
        "@geometry": "center"
      },
      "geometry": {
        "type": "Point",
        "coordinates": [
          28.9457276,
          41.0344711
        ]
      },
      "id": "way/498785039"
    },
    {
      "type": "Feature",
      "properties": {
        "@id": "way/498861672",
        "amenity": "place_of_worship",
        "building": "mosque",
        "building:levels": "3",
        "denomination": "sunni",
        "name": "Tevfikiye Cami",
        "religion": "muslim",
        "wheelchair": "no",
        "wikidata": "Q19612704",
        "wikimedia_commons": "Category:Tevfikiye Mosque",
        "wikipedia": "tr:Tevfikiye Camii",
        "@geometry": "center"
      },
      "geometry": {
        "type": "Point",
        "coordinates": [
          29.0451606,
          41.0678944
        ]
      },
      "id": "way/498861672"
    },
    {
      "type": "Feature",
      "properties": {
        "@id": "way/498861682",
        "amenity": "place_of_worship",
        "building": "church",
        "denomination": "orthodox",
        "name": "Arnavutköy Aya Strati Taksiarhi Rum Ortodoks Kilisesi",
        "religion": "christian",
        "wikidata": "Q25474782",
        "wikimedia_commons": "File:Arnavutkoy_Kilisesi.jpg",
        "wikipedia": "tr:Arnavutköy Tahsiarhis Rum Kilisesi",
        "@geometry": "center"
      },
      "geometry": {
        "type": "Point",
        "coordinates": [
          29.0436442,
          41.0682343
        ]
      },
      "id": "way/498861682"
    },
    {
      "type": "Feature",
      "properties": {
        "@id": "way/498861735",
        "alt_name": "Ortaköy Camii",
        "amenity": "place_of_worship",
        "building": "mosque",
        "denomination": "sunni",
        "image": "https://photos.app.goo.gl/acS78QL9QzgSBc42A",
        "name": "Büyük Mecidiye Camii",
        "name:ar": "اورتاكوي",
        "name:en": "Ortaköy Mosque",
        "name:ko": "뷔윅 메지디예 모스크",
        "name:ru": "Мечеть Ортакёй",
        "religion": "muslim",
        "source": "bing",
        "wheelchair": "yes",
        "wikidata": "Q176380",
        "wikimedia_commons": "Category:Ortaköy Mosque",
        "wikipedia": "en:Ortaköy Mosque",
        "@geometry": "center"
      },
      "geometry": {
        "type": "Point",
        "coordinates": [
          29.0267893,
          41.0473109
        ]
      },
      "id": "way/498861735"
    },
    {
      "type": "Feature",
      "properties": {
        "@id": "way/498861770",
        "amenity": "place_of_worship",
        "building": "mosque",
        "denomination": "sunni",
        "name": "Küçük Mecidiye Camii",
        "religion": "muslim",
        "source": "bing",
        "wikidata": "Q2719794",
        "wikimedia_commons": "Category:Küçük Mecidiye Mosque",
        "wikipedia": "en:Küçük Mecidiye Mosque",
        "@geometry": "center"
      },
      "geometry": {
        "type": "Point",
        "coordinates": [
          29.0169112,
          41.0453596
        ]
      },
      "id": "way/498861770"
    },
    {
      "type": "Feature",
      "properties": {
        "@id": "way/498861861",
        "building": "yes",
        "castle_type": "palace",
        "historic": "castle",
        "image": "https://photos.app.goo.gl/3aPXMosChq29a9w68",
        "name": "Çırağan Sarayı",
        "name:de": "Ciragan-Palast",
        "name:en": "Ciragan Palace",
        "name:ru": "Дворец Чыраган",
        "wikidata": "Q273225",
        "wikimedia_commons": "Category:Çırağan Palace",
        "wikipedia": "tr:Çırağan Sarayı",
        "@geometry": "center"
      },
      "geometry": {
        "type": "Point",
        "coordinates": [
          29.01531,
          41.0434656
        ]
      },
      "id": "way/498861861"
    },
    {
      "type": "Feature",
      "properties": {
        "@id": "way/498861864",
        "amenity": "place_of_worship",
        "building": "mosque",
        "denomination": "sunni",
        "name": "Asariye Camii",
        "religion": "muslim",
        "source": "bing",
        "wikidata": "Q127418114",
        "@geometry": "center"
      },
      "geometry": {
        "type": "Point",
        "coordinates": [
          29.0127125,
          41.044055
        ]
      },
      "id": "way/498861864"
    },
    {
      "type": "Feature",
      "properties": {
        "@id": "way/498861869",
        "building": "yes",
        "fee": "yes",
        "museum": "military",
        "name": "Deniz Müzesi",
        "name:en": "Naval Museum",
        "name:ru": "Морской музей Стамбула",
        "opening_hours": "Tu-Fr 09:00-17:00; Sa-Su 09:00-18:00",
        "phone": "+90 212 327 43 45",
        "tourism": "museum",
        "website": "https://denizmuzesi.dzkk.tsk.tr/tr",
        "wikidata": "Q11787082",
        "wikimedia_commons": "Category:Istanbul Naval Museum",
        "wikipedia": "en:Istanbul Naval Museum",
        "@geometry": "center"
      },
      "geometry": {
        "type": "Point",
        "coordinates": [
          29.0056763,
          41.0410687
        ]
      },
      "id": "way/498861869"
    },
    {
      "type": "Feature",
      "properties": {
        "@id": "way/498861870",
        "amenity": "place_of_worship",
        "building": "mosque",
        "denomination": "sunni",
        "name": "Abbasağa Camii",
        "religion": "muslim",
        "source": "bing",
        "wikidata": "Q6051336",
        "wikimedia_commons": "Category:Abbas Ağa Mosque",
        "wikipedia": "tr:Abbas Ağa Camii",
        "@geometry": "center"
      },
      "geometry": {
        "type": "Point",
        "coordinates": [
          29.0058435,
          41.0448835
        ]
      },
      "id": "way/498861870"
    },
    {
      "type": "Feature",
      "properties": {
        "@id": "way/498861874",
        "addr:city": "İstanbul",
        "addr:country": "TR",
        "alt_name": "Dolmabahçe Camii",
        "amenity": "place_of_worship",
        "building": "mosque",
        "denomination": "sunni",
        "height": "16",
        "image": "https://photos.app.goo.gl/AMQp3rtdDV1XAbJV6",
        "name": "Bezmialem Valide Sultan Camii",
        "name:en": "Dolmabahçe Mosque",
        "name:fa": "مسجد دولماباغچه",
        "name:ko": "발리데 술탄 모스크",
        "name:zh": "多爾瑪巴切清真寺",
        "old_name": "Bezmialem Cami",
        "religion": "muslim",
        "start_date": "1855-03-23",
        "wikidata": "Q2086068",
        "wikimedia_commons": "Category:Dolmabahçe Mosque",
        "wikipedia": "tr:Dolmabahçe Camii",
        "@geometry": "center"
      },
      "geometry": {
        "type": "Point",
        "coordinates": [
          28.995263,
          41.0367566
        ]
      },
      "id": "way/498861874"
    },
    {
      "type": "Feature",
      "properties": {
        "@id": "way/498861882",
        "addr:city": "İstanbul",
        "addr:district": "Beyoğlu",
        "addr:neighbourhood": "Kılıçali Paşa Mahallesi",
        "addr:postcode": "34433",
        "addr:street": "Meclis-i Mebusan Caddesi",
        "amenity": "place_of_worship",
        "building": "mosque",
        "denomination": "sunni",
        "name": "Nusretiye Camii",
        "name:fa": "مسجد نصرتیه",
        "panoramax": "2772236d-e05a-402c-b7ff-e41f0ce814b2",
        "religion": "muslim",
        "wikidata": "Q614237",
        "wikimedia_commons": "Category:Nusretiye Mosque",
        "wikipedia": "en:Nusretiye Mosque",
        "@geometry": "center"
      },
      "geometry": {
        "type": "Point",
        "coordinates": [
          28.9831012,
          41.0274012
        ]
      },
      "id": "way/498861882"
    },
    {
      "type": "Feature",
      "properties": {
        "@id": "way/498861884",
        "addr:city": "İstanbul",
        "addr:housenumber": "2",
        "addr:street": "Defterdar Yokuşu Sokağı",
        "alt_name": "Tophane",
        "building": "university",
        "name": "MSGSÜ Kültür ve Sanat Merkezi",
        "name:ru": "Топхане",
        "religion": "muslim",
        "tourism": "museum",
        "@geometry": "center"
      },
      "geometry": {
        "type": "Point",
        "coordinates": [
          28.9815954,
          41.0276465
        ]
      },
      "id": "way/498861884"
    },
    {
      "type": "Feature",
      "properties": {
        "@id": "way/498861887",
        "amenity": "place_of_worship",
        "building": "mosque",
        "denomination": "sunni",
        "name": "Azapkapı Sokullu Mehmet Paşa Cami",
        "religion": "muslim",
        "source": "bing",
        "wikidata": "Q6071846",
        "wikimedia_commons": "Category:Sokollu Mehmet Pasha Mosque (Azapkapı)",
        "wikipedia": "tr:Sokollu Mehmet Paşa Camii (Azapkapı)",
        "@geometry": "center"
      },
      "geometry": {
        "type": "Point",
        "coordinates": [
          28.9678093,
          41.0250508
        ]
      },
      "id": "way/498861887"
    },
    {
      "type": "Feature",
      "properties": {
        "@id": "way/498861900",
        "addr:city": "İstanbul",
        "addr:district": "Beyoğlu",
        "addr:neighbourhood": "Kaptanpaşa Mahallesi",
        "addr:postcode": "34440",
        "alt_name": "Büyük Piyalepaşa Camii",
        "amenity": "place_of_worship",
        "architect": "Mimar Sinan",
        "building": "mosque",
        "denomination": "sunni",
        "name": "Piyale Paşa Camii",
        "name:en": "Piyale Pasha Mosque",
        "name:tr": "Piyale Paşa Camii",
        "religion": "muslim",
        "wikidata": "Q7199786",
        "wikimedia_commons": "Category:Piyale Pasha Mosque",
        "wikipedia": "en:Piyale Pasha Mosque",
        "@geometry": "center"
      },
      "geometry": {
        "type": "Point",
        "coordinates": [
          28.9660006,
          41.0445646
        ]
      },
      "id": "way/498861900"
    },
    {
      "type": "Feature",
      "properties": {
        "@id": "way/498879789",
        "addr:city": "İstanbul",
        "addr:district": "Beşiktaş",
        "addr:neighbourhood": "Yıldız Mahallesi",
        "addr:postcode": "34349",
        "alt_name": "Malta Pavilion",
        "building": "yes",
        "historic": "manor",
        "name": "Malta Köşkü",
        "name:en": "Malta Kiosk",
        "name:ru": "Мальтийский павильон",
        "source": "bing",
        "tourism": "attraction",
        "website": "https://www.beltur.istanbul/tr/mekan/malta-kosku",
        "wikidata": "Q6744675",
        "wikimedia_commons": "Category:Malta Kiosk",
        "wikipedia": "en:Malta Kiosk",
        "@geometry": "center"
      },
      "geometry": {
        "type": "Point",
        "coordinates": [
          29.015947,
          41.0511942
        ]
      },
      "id": "way/498879789"
    },
    {
      "type": "Feature",
      "properties": {
        "@id": "way/498932080",
        "addr:city": "İstanbul",
        "addr:district": "Fatih",
        "addr:street": "Haci Piri Sokak",
        "amenity": "place_of_worship",
        "building": "mosque",
        "denomination": "sunni",
        "name": "Hacı Piri Cami",
        "name:ar": "جامع حاجي بيري",
        "religion": "muslim",
        "source": "bing",
        "wikidata": "Q127418627",
        "@geometry": "center"
      },
      "geometry": {
        "type": "Point",
        "coordinates": [
          28.9226758,
          40.9983526
        ]
      },
      "id": "way/498932080"
    },
    {
      "type": "Feature",
      "properties": {
        "@id": "way/499172486",
        "addr:city": "İstanbul",
        "addr:district": "Üsküdar",
        "addr:neighbourhood": "Barbaros Mahallesi",
        "addr:postcode": "34662",
        "addr:street": "Nuhkuyusu Caddesi",
        "amenity": "place_of_worship",
        "building": "mosque",
        "denomination": "sunni",
        "name": "Şakirin Cami",
        "name:en": "Şakirin Mosque",
        "religion": "muslim",
        "wikidata": "Q2705343",
        "wikimedia_commons": "Category:Şakirin Mosque",
        "wikipedia": "en:Şakirin Mosque",
        "@geometry": "center"
      },
      "geometry": {
        "type": "Point",
        "coordinates": [
          29.0242774,
          41.0130377
        ]
      },
      "id": "way/499172486"
    },
    {
      "type": "Feature",
      "properties": {
        "@id": "way/499172507",
        "alt_name": "Hamid-i Evvel Camii",
        "amenity": "place_of_worship",
        "building": "mosque",
        "denomination": "sunni",
        "name": "Beylerbeyi Camii",
        "name:en": "Beylerbeyi Mosque",
        "religion": "muslim",
        "wikidata": "Q6845681",
        "wikimedia_commons": "Category:Beylerbeyi Mosque",
        "wikipedia": "en:Beylerbeyi Mosque",
        "@geometry": "center"
      },
      "geometry": {
        "type": "Point",
        "coordinates": [
          29.0457346,
          41.0451396
        ]
      },
      "id": "way/499172507"
    },
    {
      "type": "Feature",
      "properties": {
        "@id": "way/499172523",
        "addr:city": "İstanbul",
        "addr:district": "Üsküdar",
        "addr:housenumber": "41",
        "addr:neighbourhood": "Sultantepe Mahallesi",
        "addr:postcode": "34674",
        "addr:street": "Paşa Limanı Caddesi",
        "building": "yes",
        "historic": "building",
        "name": "Nemlizade Tütün Deposu",
        "source": "bing",
        "wikidata": "Q135428661",
        "wikimedia_commons": "Category:Nemlizade Tütün Deposu",
        "@geometry": "center"
      },
      "geometry": {
        "type": "Point",
        "coordinates": [
          29.0200403,
          41.0312435
        ]
      },
      "id": "way/499172523"
    },
    {
      "type": "Feature",
      "properties": {
        "@id": "way/499316116",
        "amenity": "place_of_worship",
        "building": "mosque",
        "denomination": "sunni",
        "name": "Cevri Kalfa Camii",
        "religion": "muslim",
        "source": "bing",
        "wikidata": "Q127418181",
        "@geometry": "center"
      },
      "geometry": {
        "type": "Point",
        "coordinates": [
          29.0276009,
          41.0152877
        ]
      },
      "id": "way/499316116"
    },
    {
      "type": "Feature",
      "properties": {
        "@id": "way/499944875",
        "addr:city": "İstanbul",
        "addr:district": "Fatih",
        "amenity": "place_of_worship",
        "building": "mosque",
        "denomination": "sunni",
        "name": "Hırka-i Şerif Camii",
        "name:ar": "جامع الخرقة الشريفة",
        "religion": "muslim",
        "source": "bing",
        "wikidata": "Q6097353",
        "wikimedia_commons": "Category:Hırka-i Şerif Mosque",
        "wikipedia": "tr:Hırka-i Şerif Camii",
        "@geometry": "center"
      },
      "geometry": {
        "type": "Point",
        "coordinates": [
          28.9416438,
          41.0218732
        ]
      },
      "id": "way/499944875"
    },
    {
      "type": "Feature",
      "properties": {
        "@id": "way/499944896",
        "amenity": "place_of_worship",
        "building": "mosque",
        "denomination": "sunni",
        "name": "Şeyh Ebül Vefa Cami",
        "name:ar": "جامع شيخ ابو الوفا",
        "religion": "muslim",
        "source": "bing",
        "wikidata": "Q115943747",
        "wikimedia_commons": "Category:Shaykh Ebu'l Vefa Mosque",
        "wikipedia": "tr:Şeyh Ebul Vefa Camii",
        "@geometry": "center"
      },
      "geometry": {
        "type": "Point",
        "coordinates": [
          28.9595631,
          41.0169859
        ]
      },
      "id": "way/499944896"
    },
    {
      "type": "Feature",
      "properties": {
        "@id": "way/499944929",
        "historic": "tomb",
        "name": "III. Mustafa Türbesi",
        "name:en": "Mausoleum Sultan Mustafa Pasha III and his son Sultan Selim III",
        "name:ru": "Мавзолей Султана Мустафа 3 и его сына Султана Селима 3",
        "tomb": "mausoleum",
        "wikidata": "Q131391079",
        "wikimedia_commons": "Category:Tomb of Mustafa III and Selim III",
        "wikipedia": "tr:III. Mustafa Türbesi",
        "@geometry": "center"
      },
      "geometry": {
        "type": "Point",
        "coordinates": [
          28.9559802,
          41.0097502
        ]
      },
      "id": "way/499944929"
    },
    {
      "type": "Feature",
      "properties": {
        "@id": "way/507318713",
        "addr:city": "İstanbul",
        "addr:district": "Bakırköy",
        "amenity": "place_of_worship",
        "building": "mosque",
        "name": "Yeşilköy Bezmi Alem Cami",
        "religion": "muslim",
        "wikidata": "Q126271478",
        "wikimedia_commons": "Category:Yeşilköy Bezmi Alem Mosque",
        "@geometry": "center"
      },
      "geometry": {
        "type": "Point",
        "coordinates": [
          28.8206091,
          40.9580207
        ]
      },
      "id": "way/507318713"
    },
    {
      "type": "Feature",
      "properties": {
        "@id": "way/508953834",
        "historic": "memorial",
        "memorial": "tomb",
        "name": "Adnan Menderes Anıt Mezarı",
        "wikidata": "Q6022064",
        "wikimedia_commons": "Category:Mausoleum of Adnan Menderes",
        "wikipedia": "tr:Adnan Menderes Anıt Mezarı",
        "@geometry": "center"
      },
      "geometry": {
        "type": "Point",
        "coordinates": [
          28.9269296,
          41.02538
        ]
      },
      "id": "way/508953834"
    },
    {
      "type": "Feature",
      "properties": {
        "@id": "way/512590454",
        "architect": "Ahmed Kemaleddin",
        "building": "yes",
        "historic": "building",
        "name": "Tayyare Apartmanları",
        "wikidata": "Q5364187",
        "wikimedia_commons": "Category:Crowne Plaza Old City, Istanbul",
        "wikipedia": "tr:Tayyare Apartmanları",
        "@geometry": "center"
      },
      "geometry": {
        "type": "Point",
        "coordinates": [
          28.9576622,
          41.0098355
        ]
      },
      "id": "way/512590454"
    },
    {
      "type": "Feature",
      "properties": {
        "@id": "way/516901046",
        "barrier": "fence",
        "fixme": "SW side is not actually fenced",
        "garden:type": "arboretum",
        "leisure": "garden",
        "name": "Atatürk Arboretumu",
        "name:en": "Atatürk Arboretum",
        "name:ru": "Дендрарий Ататюрка",
        "opening_hours": "Tu-Su 08:30-17:00",
        "tourism": "attraction",
        "website": "https://ataturkarboretumu.ogm.gov.tr/",
        "wikidata": "Q24192239",
        "wikimedia_commons": "Category:Atatürk Arboretum",
        "wikipedia": "en:Atatürk Arboretum",
        "@geometry": "center"
      },
      "geometry": {
        "type": "Point",
        "coordinates": [
          28.9824786,
          41.1770126
        ]
      },
      "id": "way/516901046"
    },
    {
      "type": "Feature",
      "properties": {
        "@id": "way/517857391",
        "amenity": "place_of_worship",
        "building": "mosque",
        "denomination": "sunni",
        "name": "Samandıra Merkez Cami",
        "name:tr": "Arap Hekim Camii",
        "religion": "muslim",
        "wikidata": "Q127418110",
        "wikimedia_commons": "Category:Arap Hekim Mosque",
        "@geometry": "center"
      },
      "geometry": {
        "type": "Point",
        "coordinates": [
          29.2269117,
          40.9852815
        ]
      },
      "id": "way/517857391"
    },
    {
      "type": "Feature",
      "properties": {
        "@id": "way/517932251",
        "amenity": "place_of_worship",
        "building": "mosque",
        "name": "Sarıgazi Merkez Cami",
        "religion": "muslim",
        "wikidata": "Q127418511",
        "@geometry": "center"
      },
      "geometry": {
        "type": "Point",
        "coordinates": [
          29.2113208,
          41.0061896
        ]
      },
      "id": "way/517932251"
    },
    {
      "type": "Feature",
      "properties": {
        "@id": "way/519572423",
        "amenity": "place_of_worship",
        "name": "Efdalzade Camii",
        "name:en": "Efdalzade Mosque",
        "religion": "muslim",
        "wikidata": "Q127418225",
        "wikimedia_commons": "Category:Efdalzade Mosque",
        "@geometry": "center"
      },
      "geometry": {
        "type": "Point",
        "coordinates": [
          28.9483489,
          41.020499
        ]
      },
      "id": "way/519572423"
    },
    {
      "type": "Feature",
      "properties": {
        "@id": "way/519765083",
        "amenity": "place_of_worship",
        "building": "mosque",
        "denomination": "sunni",
        "name": "Şah Sultan Camii",
        "religion": "muslim",
        "wikidata": "Q127418547",
        "@geometry": "center"
      },
      "geometry": {
        "type": "Point",
        "coordinates": [
          28.938326,
          41.0041048
        ]
      },
      "id": "way/519765083"
    },
    {
      "type": "Feature",
      "properties": {
        "@id": "way/519765091",
        "addr:city": "İstanbul",
        "addr:district": "Fatih",
        "amenity": "place_of_worship",
        "building": "mosque",
        "denomination": "sunni",
        "name": "Bayezid-i Cedid Cami",
        "name:ar": "بيازيدي جديد جامي",
        "religion": "muslim",
        "wikidata": "Q127418137",
        "@geometry": "center"
      },
      "geometry": {
        "type": "Point",
        "coordinates": [
          28.9410107,
          41.0031474
        ]
      },
      "id": "way/519765091"
    },
    {
      "type": "Feature",
      "properties": {
        "@id": "way/520030772",
        "addr:city": "İstanbul",
        "addr:district": "Fatih",
        "amenity": "place_of_worship",
        "building": "mosque",
        "denomination": "sunni",
        "name": "Çavuşzade Cami",
        "religion": "muslim",
        "wikidata": "Q127418194",
        "@geometry": "center"
      },
      "geometry": {
        "type": "Point",
        "coordinates": [
          28.9408538,
          41.0046949
        ]
      },
      "id": "way/520030772"
    },
    {
      "type": "Feature",
      "properties": {
        "@id": "way/520317335",
        "amenity": "place_of_worship",
        "building": "mosque",
        "denomination": "sunni",
        "name": "Mercan Camii",
        "name:ar": "ميرجان جامي",
        "religion": "muslim",
        "wikidata": "Q127418416",
        "@geometry": "center"
      },
      "geometry": {
        "type": "Point",
        "coordinates": [
          28.9678111,
          41.012445
        ]
      },
      "id": "way/520317335"
    },
    {
      "type": "Feature",
      "properties": {
        "@id": "way/520334251",
        "addr:city": "İstanbul",
        "addr:district": "Fatih",
        "addr:street": "Fuatpaşa Caddesi",
        "amenity": "place_of_worship",
        "building": "mosque",
        "name": "Alipaşa Cami",
        "name:ar": "جامع علي باشا",
        "religion": "muslim",
        "wikidata": "Q127418101",
        "wikimedia_commons": "Category:Ali Pasha Mosque, Istanbul",
        "wikipedia": "tr:Âlî Paşa Camii (İstanbul)",
        "@geometry": "center"
      },
      "geometry": {
        "type": "Point",
        "coordinates": [
          28.9661448,
          41.0127378
        ]
      },
      "id": "way/520334251"
    },
    {
      "type": "Feature",
      "properties": {
        "@id": "way/520447847",
        "addr:city": "İstanbul",
        "addr:district": "Fatih",
        "amenity": "place_of_worship",
        "building": "mosque",
        "denomination": "sunni",
        "name": "Haseki Sultan Camii",
        "name:ar": "جامع حسكي سلطان",
        "religion": "muslim",
        "wikidata": "Q6062573",
        "wikimedia_commons": "Category:Haseki Sultan Mosque",
        "wikipedia": "tr:Haseki Sultan Camii",
        "@geometry": "center"
      },
      "geometry": {
        "type": "Point",
        "coordinates": [
          28.9419291,
          41.0085842
        ]
      },
      "id": "way/520447847"
    },
    {
      "type": "Feature",
      "properties": {
        "@id": "way/520754920",
        "amenity": "place_of_worship",
        "building": "mosque",
        "denomination": "sunni",
        "name": "Karanohut Camii",
        "religion": "muslim",
        "wheelchair": "yes",
        "wikidata": "Q127418352",
        "@geometry": "center"
      },
      "geometry": {
        "type": "Point",
        "coordinates": [
          28.9433451,
          41.0122163
        ]
      },
      "id": "way/520754920"
    },
    {
      "type": "Feature",
      "properties": {
        "@id": "way/520755089",
        "addr:city": "İstanbul",
        "addr:district": "Fatih",
        "amenity": "place_of_worship",
        "building": "mosque",
        "denomination": "sunni",
        "name": "Aynalı Çeşme Camii",
        "name:ar": "جامع عيانلي جيشمة",
        "religion": "muslim",
        "wheelchair": "yes",
        "wikidata": "Q127418122",
        "@geometry": "center"
      },
      "geometry": {
        "type": "Point",
        "coordinates": [
          28.940639,
          41.0137567
        ]
      },
      "id": "way/520755089"
    },
    {
      "type": "Feature",
      "properties": {
        "@id": "way/520755167",
        "amenity": "place_of_worship",
        "building": "mosque",
        "name": "Kazasker Abdurrahman Efendi Camii",
        "religion": "muslim",
        "wheelchair": "yes",
        "wikidata": "Q127418369",
        "wikimedia_commons": "Category:Abdurrahman Çelebi Mosque",
        "@geometry": "center"
      },
      "geometry": {
        "type": "Point",
        "coordinates": [
          28.9369623,
          41.0138594
        ]
      },
      "id": "way/520755167"
    },
    {
      "type": "Feature",
      "properties": {
        "@id": "way/520755229",
        "addr:city": "İstanbul",
        "addr:district": "Fatih",
        "amenity": "place_of_worship",
        "building": "mosque",
        "denomination": "sunni",
        "name": "Molla Şeref Camii",
        "name:ar": "جامع ملا شريف",
        "religion": "muslim",
        "wheelchair": "yes",
        "wikidata": "Q127418443",
        "@geometry": "center"
      },
      "geometry": {
        "type": "Point",
        "coordinates": [
          28.9433159,
          41.01424
        ]
      },
      "id": "way/520755229"
    },
    {
      "type": "Feature",
      "properties": {
        "@id": "way/520877125",
        "amenity": "place_of_worship",
        "building": "mosque",
        "denomination": "sunni",
        "name": "Softa Sinan Camii",
        "name:ar": "جامع صوفتا سنان",
        "religion": "muslim",
        "wheelchair": "yes",
        "wikidata": "Q127418533",
        "wikimedia_commons": "Category:Softa Sinan Mosque",
        "@geometry": "center"
      },
      "geometry": {
        "type": "Point",
        "coordinates": [
          28.9447092,
          41.0128389
        ]
      },
      "id": "way/520877125"
    },
    {
      "type": "Feature",
      "properties": {
        "@id": "way/521783904",
        "amenity": "place_of_worship",
        "building": "mosque",
        "denomination": "sunni",
        "name": "Lütfü Paşa Camii",
        "religion": "muslim",
        "wheelchair": "yes",
        "wikidata": "Q127418404",
        "@geometry": "center"
      },
      "geometry": {
        "type": "Point",
        "coordinates": [
          28.9387532,
          41.0144349
        ]
      },
      "id": "way/521783904"
    },
    {
      "type": "Feature",
      "properties": {
        "@id": "way/521897431",
        "amenity": "place_of_worship",
        "building": "mosque",
        "name": "Çadırcı Ahmet Çelebi Cami",
        "name:ar": "جاديرجي اهمت جيليبي جامي",
        "name:ru": "Мечеть Чаджырджы Ахмед-челеби",
        "religion": "muslim",
        "wikidata": "Q127418185",
        "@geometry": "center"
      },
      "geometry": {
        "type": "Point",
        "coordinates": [
          28.9658026,
          41.005206
        ]
      },
      "id": "way/521897431"
    },
    {
      "type": "Feature",
      "properties": {
        "@id": "way/522063062",
        "addr:country": "TR",
        "addr:district": "Fatih",
        "addr:housenumber": "45",
        "addr:province": "İstanbul",
        "amenity": "place_of_worship",
        "building": "mosque",
        "denomination": "sunni",
        "name": "Kaliçeçi Hasanağa Cami",
        "religion": "muslim",
        "wikidata": "Q127418336",
        "wikimedia_commons": "Category:Kepçeci Hasan Mosque",
        "wikipedia": "tr:Kaliçeci Hasan Ağa Camii",
        "@geometry": "center"
      },
      "geometry": {
        "type": "Point",
        "coordinates": [
          28.9673393,
          41.0087177
        ]
      },
      "id": "way/522063062"
    },
    {
      "type": "Feature",
      "properties": {
        "@id": "way/522063139",
        "amenity": "place_of_worship",
        "building": "church",
        "denomination": "protestant",
        "name": "Gedikpaşa Ermeni Protestan Kilisesi",
        "religion": "christian",
        "wikidata": "Q131526487",
        "@geometry": "center"
      },
      "geometry": {
        "type": "Point",
        "coordinates": [
          28.9667349,
          41.0068963
        ]
      },
      "id": "way/522063139"
    },
    {
      "type": "Feature",
      "properties": {
        "@id": "way/522063153",
        "addr:city": "İstanbul",
        "addr:country": "TR",
        "addr:district": "Fatih",
        "addr:province": "İstanbul",
        "addr:street": "Tatlıkuyu Sokak",
        "amenity": "place_of_worship",
        "building": "mosque",
        "denomination": "sunni",
        "name": "Esir Kemal Cami",
        "name:ar": "اسير كيمال جامي",
        "religion": "muslim",
        "wikidata": "Q127418574",
        "@geometry": "center"
      },
      "geometry": {
        "type": "Point",
        "coordinates": [
          28.9655173,
          41.007307
        ]
      },
      "id": "way/522063153"
    },
    {
      "type": "Feature",
      "properties": {
        "@id": "way/522474380",
        "addr:city": "İstanbul",
        "addr:district": "Fatih",
        "amenity": "place_of_worship",
        "building": "mosque",
        "denomination": "sunni",
        "name": "Veledi Karabaş Cami",
        "name:ar": "مسجد ولدي كاراباس",
        "religion": "muslim",
        "wikidata": "Q127418606",
        "@geometry": "center"
      },
      "geometry": {
        "type": "Point",
        "coordinates": [
          28.9241952,
          41.0104466
        ]
      },
      "id": "way/522474380"
    },
    {
      "type": "Feature",
      "properties": {
        "@id": "way/522523546",
        "amenity": "place_of_worship",
        "building": "mosque",
        "name": "Çoban Çavuş Cami",
        "name:ar": "جوبان جافوش جامي",
        "religion": "muslim",
        "wikidata": "Q127418202",
        "wikimedia_commons": "Category:Çoban Çavuş Mosque",
        "@geometry": "center"
      },
      "geometry": {
        "type": "Point",
        "coordinates": [
          28.9592622,
          41.0079618
        ]
      },
      "id": "way/522523546"
    },
    {
      "type": "Feature",
      "properties": {
        "@id": "way/522608673",
        "addr:city": "İstanbul",
        "addr:district": "Fatih",
        "addr:street": "Turgut özal millet caddesi",
        "amenity": "place_of_worship",
        "building": "mosque",
        "denomination": "sunni",
        "name": "Karamani Piri Mehmet Paşa Camii",
        "name:ar": "جامع كاراماني محمد باشا",
        "religion": "muslim",
        "wikidata": "Q127418487",
        "wikimedia_commons": "Category:Piri Mehmed Pasha Mosque, Haseki Sultan",
        "@geometry": "center"
      },
      "geometry": {
        "type": "Point",
        "coordinates": [
          28.9407641,
          41.0113046
        ]
      },
      "id": "way/522608673"
    },
    {
      "type": "Feature",
      "properties": {
        "@id": "way/522608677",
        "addr:city": "İstanbul",
        "addr:district": "Fatih",
        "amenity": "place_of_worship",
        "building": "mosque",
        "denomination": "sunni",
        "name": "Keyci Hatun Camii",
        "name:ar": "كيجي خاتون جامع",
        "religion": "muslim",
        "wikidata": "Q127418380",
        "@geometry": "center"
      },
      "geometry": {
        "type": "Point",
        "coordinates": [
          28.9438524,
          41.0089044
        ]
      },
      "id": "way/522608677"
    },
    {
      "type": "Feature",
      "properties": {
        "@id": "way/523093788",
        "amenity": "place_of_worship",
        "building": "mosque",
        "denomination": "sunni",
        "name": "Haci Huseyin Aga Camii",
        "name:ar": "جامع حجي حسين آغا",
        "religion": "muslim",
        "wikidata": "Q127418111",
        "@geometry": "center"
      },
      "geometry": {
        "type": "Point",
        "coordinates": [
          28.9311852,
          40.9970686
        ]
      },
      "id": "way/523093788"
    },
    {
      "type": "Feature",
      "properties": {
        "@id": "way/523094635",
        "amenity": "place_of_worship",
        "building": "mosque",
        "name": "Mihrişah Hacı Kadın Camii",
        "name:ar": "جامع حجي كادن",
        "religion": "muslim",
        "wikidata": "Q127418428",
        "@geometry": "center"
      },
      "geometry": {
        "type": "Point",
        "coordinates": [
          28.9296261,
          41.0005266
        ]
      },
      "id": "way/523094635"
    },
    {
      "type": "Feature",
      "properties": {
        "@id": "way/523095348",
        "addr:neighbourhood": "Koca Mustafapaşa",
        "amenity": "place_of_worship",
        "building": "mosque",
        "denomination": "sunni",
        "name": "Abdi Çelebi Camii",
        "name:ar": "مسجد أبدي شيليبي",
        "religion": "muslim",
        "wikidata": "Q124261549",
        "wikipedia": "tr:Abdi Çelebi Camii",
        "@geometry": "center"
      },
      "geometry": {
        "type": "Point",
        "coordinates": [
          28.9326145,
          41.0013699
        ]
      },
      "id": "way/523095348"
    },
    {
      "type": "Feature",
      "properties": {
        "@id": "way/523266742",
        "addr:city": "İstanbul",
        "addr:district": "Fatih",
        "amenity": "place_of_worship",
        "building": "apartments",
        "denomination": "sunni",
        "name": "Hoca Üveyz Camii",
        "religion": "muslim",
        "wikidata": "Q127418311",
        "wikimedia_commons": "Category:Hoca Üveys complex",
        "@geometry": "center"
      },
      "geometry": {
        "type": "Point",
        "coordinates": [
          28.9444934,
          41.0202742
        ]
      },
      "id": "way/523266742"
    },
    {
      "type": "Feature",
      "properties": {
        "@id": "way/523336196",
        "addr:city": "İstanbul",
        "amenity": "place_of_worship",
        "building": "mosque",
        "name": "Dibek Camii",
        "religion": "muslim",
        "wheelchair": "yes",
        "wikidata": "Q127418216",
        "@geometry": "center"
      },
      "geometry": {
        "type": "Point",
        "coordinates": [
          28.9436082,
          41.0182069
        ]
      },
      "id": "way/523336196"
    },
    {
      "type": "Feature",
      "properties": {
        "@id": "way/523879940",
        "addr:city": "İstanbul",
        "addr:district": "Fatih",
        "amenity": "place_of_worship",
        "building": "mosque",
        "name": "Ahmediye Cami",
        "name:ar": "جامع أحمد ضياء",
        "religion": "muslim",
        "wikidata": "Q6077822",
        "wikimedia_commons": "Category:Ahmediye Mosque, Fatih",
        "wikipedia": "tr:Ahmediye Camii (Fatih)",
        "@geometry": "center"
      },
      "geometry": {
        "type": "Point",
        "coordinates": [
          28.9466991,
          41.014973
        ]
      },
      "id": "way/523879940"
    },
    {
      "type": "Feature",
      "properties": {
        "@id": "way/523880163",
        "addr:city": "İstanbul",
        "addr:district": "Fatih",
        "addr:street": "Haci Salih Efendi Sokak",
        "amenity": "place_of_worship",
        "building": "mosque",
        "denomination": "sunni",
        "name": "Yayla Kambur Mustafa Efendi Cami",
        "name:ar": "جامع يايلا كامبور مصطفى باشا",
        "religion": "muslim",
        "wikidata": "Q127418337",
        "@geometry": "center"
      },
      "geometry": {
        "type": "Point",
        "coordinates": [
          28.9489392,
          41.015354
        ]
      },
      "id": "way/523880163"
    },
    {
      "type": "Feature",
      "properties": {
        "@id": "way/523880279",
        "addr:city": "İstanbul",
        "addr:district": "Fatih",
        "amenity": "place_of_worship",
        "building": "mosque",
        "denomination": "sunni",
        "name": "Dülgerzade Camii",
        "name:ar": "جامع ديلجور زاده",
        "religion": "muslim",
        "wikidata": "Q6025870",
        "wikimedia_commons": "Category:Dülgerzade Mosque",
        "wikipedia": "tr:Dülgerzade Camii",
        "@geometry": "center"
      },
      "geometry": {
        "type": "Point",
        "coordinates": [
          28.9515151,
          41.0160106
        ]
      },
      "id": "way/523880279"
    },
    {
      "type": "Feature",
      "properties": {
        "@id": "way/523880524",
        "amenity": "place_of_worship",
        "building": "mosque",
        "denomination": "sunni",
        "name": "Sofular Molla Hüsrev Camii",
        "name:en": "Molla Hüsrev Camii",
        "name:tr": "Molla Hüsrev Camii",
        "religion": "muslim",
        "wikidata": "Q12810909",
        "wikipedia": "tr:Molla_Hüsrev_Camii",
        "@geometry": "center"
      },
      "geometry": {
        "type": "Point",
        "coordinates": [
          28.9487323,
          41.0134317
        ]
      },
      "id": "way/523880524"
    },
    {
      "type": "Feature",
      "properties": {
        "@id": "way/524613122",
        "amenity": "place_of_worship",
        "building": "mosque",
        "denomination": "sunni",
        "name": "Hoca Hamza Camii",
        "religion": "muslim",
        "wikidata": "Q127418304",
        "@geometry": "center"
      },
      "geometry": {
        "type": "Point",
        "coordinates": [
          28.9664959,
          41.01728
        ]
      },
      "id": "way/524613122"
    },
    {
      "type": "Feature",
      "properties": {
        "@id": "way/524613139",
        "amenity": "place_of_worship",
        "building": "mosque",
        "denomination": "sunni",
        "name": "Saatci Yokusu Softa Hatip Camiİ",
        "name:ar": "ساعاتجي يوكوشو سوفتا هاتيب جامي",
        "religion": "muslim",
        "wikidata": "Q112112736",
        "wikimedia_commons": "Category:Softa Hatip Mosque",
        "@geometry": "center"
      },
      "geometry": {
        "type": "Point",
        "coordinates": [
          28.9636485,
          41.0192205
        ]
      },
      "id": "way/524613139"
    },
    {
      "type": "Feature",
      "properties": {
        "@id": "way/524726363",
        "addr:city": "İstanbul",
        "amenity": "place_of_worship",
        "building": "mosque",
        "denomination": "sunni",
        "name": "Zehrakiri Kemal Cami",
        "name:ar": "جامع زهراكيري كمال",
        "religion": "muslim",
        "wikidata": "Q6043902",
        "wikipedia": "tr:Zihgiri Kemal Mescidi",
        "@geometry": "center"
      },
      "geometry": {
        "type": "Point",
        "coordinates": [
          28.929394,
          41.009408
        ]
      },
      "id": "way/524726363"
    },
    {
      "type": "Feature",
      "properties": {
        "@id": "way/524726548",
        "addr:city": "İstanbul",
        "addr:district": "Fatih",
        "amenity": "place_of_worship",
        "building": "mosque",
        "denomination": "sunni",
        "name": "Lalezar Camii",
        "name:ar": "جامع لاليزار",
        "religion": "muslim",
        "wikidata": "Q127418402",
        "@geometry": "center"
      },
      "geometry": {
        "type": "Point",
        "coordinates": [
          28.9273934,
          41.0082242
        ]
      },
      "id": "way/524726548"
    },
    {
      "type": "Feature",
      "properties": {
        "@id": "way/524865871",
        "amenity": "place_of_worship",
        "building": "yes",
        "name": "Atlamataşı Camii",
        "religion": "muslim",
        "wikidata": "Q127418118",
        "wikimedia_commons": "Category:Atlamataşı Mosque",
        "@geometry": "center"
      },
      "geometry": {
        "type": "Point",
        "coordinates": [
          28.9609539,
          41.0206592
        ]
      },
      "id": "way/524865871"
    },
    {
      "type": "Feature",
      "properties": {
        "@id": "way/524935238",
        "addr:city": "İstanbul",
        "addr:district": "Fatih",
        "amenity": "place_of_worship",
        "building": "mosque",
        "denomination": "sunni",
        "name": "Seyh Husamettin Camii",
        "name:ar": "جامع الشيخ حسام الدين",
        "religion": "muslim",
        "wikidata": "Q127418559",
        "@geometry": "center"
      },
      "geometry": {
        "type": "Point",
        "coordinates": [
          28.9299813,
          41.0108891
        ]
      },
      "id": "way/524935238"
    },
    {
      "type": "Feature",
      "properties": {
        "@id": "way/524939916",
        "addr:city": "İstanbul",
        "addr:district": "Fatih",
        "amenity": "place_of_worship",
        "building": "mosque",
        "denomination": "sunni",
        "name": "Bekir Paşa Camii",
        "name:ar": "حامع بكر باشا",
        "religion": "muslim",
        "wheelchair": "yes",
        "wikidata": "Q127418141",
        "@geometry": "center"
      },
      "geometry": {
        "type": "Point",
        "coordinates": [
          28.9369678,
          41.0084542
        ]
      },
      "id": "way/524939916"
    },
    {
      "type": "Feature",
      "properties": {
        "@id": "way/524939969",
        "addr:city": "İstanbul",
        "addr:district": "Fatih",
        "amenity": "place_of_worship",
        "building": "mosque",
        "denomination": "sunni",
        "name": "Akbaba Mehmet Efendi Camii",
        "name:ar": "جامع أكبابا محمد أفندي",
        "religion": "muslim",
        "wheelchair": "yes",
        "wikidata": "Q118946557",
        "wikimedia_commons": "Category:Akbaba Mehmed Efendi Mosque",
        "wikipedia": "tr:Akbaba Mehmed Efendi Camii",
        "@geometry": "center"
      },
      "geometry": {
        "type": "Point",
        "coordinates": [
          28.9379658,
          41.0102832
        ]
      },
      "id": "way/524939969"
    },
    {
      "type": "Feature",
      "properties": {
        "@id": "way/524946468",
        "amenity": "place_of_worship",
        "building": "mosque",
        "name": "Soğan Ağa Cami",
        "religion": "muslim",
        "wikidata": "Q127418535",
        "wikimedia_commons": "Category:Soğan Ağa Mosque",
        "@geometry": "center"
      },
      "geometry": {
        "type": "Point",
        "coordinates": [
          28.962738,
          41.0078815
        ]
      },
      "id": "way/524946468"
    },
    {
      "type": "Feature",
      "properties": {
        "@id": "way/524946594",
        "addr:country": "TR",
        "addr:district": "Fatih",
        "addr:province": "İstanbul",
        "amenity": "place_of_worship",
        "building": "mosque",
        "name": "Saraç İshak Camii",
        "religion": "muslim",
        "wikidata": "Q132134467",
        "@geometry": "center"
      },
      "geometry": {
        "type": "Point",
        "coordinates": [
          28.9639572,
          41.0070974
        ]
      },
      "id": "way/524946594"
    },
    {
      "type": "Feature",
      "properties": {
        "@id": "way/525139758",
        "amenity": "place_of_worship",
        "building": "mosque",
        "name": "İmaret Camii",
        "religion": "muslim",
        "service_times": "since 15. yy",
        "wikidata": "Q127418322",
        "@geometry": "center"
      },
      "geometry": {
        "type": "Point",
        "coordinates": [
          28.5802298,
          41.021315
        ]
      },
      "id": "way/525139758"
    },
    {
      "type": "Feature",
      "properties": {
        "@id": "way/525244829",
        "amenity": "place_of_worship",
        "building": "mosque",
        "building:levels": "2",
        "denomination": "sunni",
        "name": "Davutpaşa Kışlası Mesciti",
        "religion": "muslim",
        "roof:levels": "1",
        "roof:shape": "hipped",
        "wikidata": "Q132134508",
        "@geometry": "center"
      },
      "geometry": {
        "type": "Point",
        "coordinates": [
          28.8885526,
          41.0262019
        ]
      },
      "id": "way/525244829"
    },
    {
      "type": "Feature",
      "properties": {
        "@id": "way/525654320",
        "addr:city": "İstanbul",
        "addr:district": "Fatih",
        "addr:postcode": "34080",
        "addr:street": "Sarayağası Caddesi",
        "amenity": "place_of_worship",
        "building": "yes",
        "name": "Üçbaş Camii",
        "religion": "muslim",
        "wikidata": "Q127418600",
        "wikimedia_commons": "Category:Üç Baş Mosque",
        "@geometry": "center"
      },
      "geometry": {
        "type": "Point",
        "coordinates": [
          28.9431025,
          41.0251524
        ]
      },
      "id": "way/525654320"
    },
    {
      "type": "Feature",
      "properties": {
        "@id": "way/525823099",
        "amenity": "place_of_worship",
        "building": "mosque",
        "denomination": "sunni",
        "name": "Hızır Bey Camii",
        "name:ar": "جامع هزر بي",
        "religion": "muslim",
        "wikidata": "Q127418298",
        "wikimedia_commons": "Category:Hacıkadın Mosque",
        "@geometry": "center"
      },
      "geometry": {
        "type": "Point",
        "coordinates": [
          28.9603716,
          41.0195967
        ]
      },
      "id": "way/525823099"
    },
    {
      "type": "Feature",
      "properties": {
        "@id": "way/525963959",
        "addr:city": "İstanbul",
        "addr:district": "Fatih",
        "amenity": "place_of_worship",
        "building": "mosque",
        "denomination": "sunni",
        "name": "Eski İmaret Camii",
        "name:ar": "جامع امارة العتيق",
        "name:ru": "Церковь Христа Пантепоптес ( Imaret-i Atik Camii)",
        "religion": "muslim",
        "wikidata": "Q2410449",
        "wikimedia_commons": "Category:Eski Imaret Mosque",
        "wikipedia": "en:Eski Imaret Mosque",
        "@geometry": "center"
      },
      "geometry": {
        "type": "Point",
        "coordinates": [
          28.9550109,
          41.021622
        ]
      },
      "id": "way/525963959"
    },
    {
      "type": "Feature",
      "properties": {
        "@id": "way/525964074",
        "amenity": "place_of_worship",
        "building": "mosque",
        "name": "Tarihi Hacı Ferhat Ağa Cami",
        "religion": "muslim",
        "wikidata": "Q127418267",
        "@geometry": "center"
      },
      "geometry": {
        "type": "Point",
        "coordinates": [
          28.9554478,
          41.0231443
        ]
      },
      "id": "way/525964074"
    },
    {
      "type": "Feature",
      "properties": {
        "@id": "way/525964267",
        "amenity": "place_of_worship",
        "building": "mosque",
        "denomination": "sunni",
        "level": "1",
        "name": "Piri Mehmet Paşa Camii, Zeyrek",
        "name:ar": "جامع محمت باشا",
        "religion": "muslim",
        "wikidata": "Q115943451",
        "wikimedia_commons": "Category:Piri Mehmed Pasha Mosque",
        "wikipedia": "tr:Pîrî Mehmed Paşa Camii (İstanbul)",
        "@geometry": "center"
      },
      "geometry": {
        "type": "Point",
        "coordinates": [
          28.9583879,
          41.0199992
        ]
      },
      "id": "way/525964267"
    },
    {
      "type": "Feature",
      "properties": {
        "@id": "way/526163285",
        "addr:city": "İstanbul",
        "addr:district": "Fatih",
        "amenity": "place_of_worship",
        "building": "mosque",
        "denomination": "sunni",
        "name": "Salih Paşa Cami",
        "name:ar": "جامع ابن صالح باشا",
        "religion": "muslim",
        "wikidata": "Q126472813",
        "wikimedia_commons": "Category:Salih Pasha Mosque",
        "wikipedia": "tr:Salih Paşa Camii",
        "@geometry": "center"
      },
      "geometry": {
        "type": "Point",
        "coordinates": [
          28.9586996,
          41.0227448
        ]
      },
      "id": "way/526163285"
    },
    {
      "type": "Feature",
      "properties": {
        "@id": "way/526163496",
        "amenity": "place_of_worship",
        "building": "mosque",
        "name": "Şazeli Tekke Cami",
        "name:ar": "جامع شازلي تيككي",
        "religion": "muslim",
        "wikidata": "Q132134377",
        "wikimedia_commons": "Category:Şazeli Tekke Mosque",
        "@geometry": "center"
      },
      "geometry": {
        "type": "Point",
        "coordinates": [
          28.9600774,
          41.0227097
        ]
      },
      "id": "way/526163496"
    },
    {
      "type": "Feature",
      "properties": {
        "@id": "way/526163616",
        "addr:city": "İstanbul",
        "addr:district": "Fatih",
        "amenity": "place_of_worship",
        "building": "mosque",
        "denomination": "sunni",
        "name": "Üsküplü Çakırağa Cami",
        "name:ar": "اوسكوبلو جامع شاكر اغا",
        "religion": "muslim",
        "wikidata": "Q6039515",
        "wikimedia_commons": "Category:Üsküplü Çakır Ağa Camii",
        "wikipedia": "tr:Üsküplü Çakır Ağa Camii",
        "@geometry": "center"
      },
      "geometry": {
        "type": "Point",
        "coordinates": [
          28.9587566,
          41.0243574
        ]
      },
      "id": "way/526163616"
    },
    {
      "type": "Feature",
      "properties": {
        "@id": "way/526527048",
        "amenity": "place_of_worship",
        "building": "yes",
        "name": "Emin Sinan Camii",
        "religion": "muslim",
        "wikidata": "Q127418234",
        "wikipedia": "tr:Emin Sinan Camii",
        "@geometry": "center"
      },
      "geometry": {
        "type": "Point",
        "coordinates": [
          28.969484,
          41.0066704
        ]
      },
      "id": "way/526527048"
    },
    {
      "type": "Feature",
      "properties": {
        "@id": "way/526875901",
        "addr:city": "İstanbul",
        "addr:district": "Fatih",
        "amenity": "place_of_worship",
        "building": "church",
        "denomination": "greek_orthodox",
        "name": "Aya Yorgi Patrikhane Kilisesi",
        "name:bg": "Патриаршеска катедрала Св. Георги",
        "name:de": "Georgskathedrale",
        "name:el": "Καθεδρικός ναός του Αγίου Γεωργίου",
        "name:en": "Church of St. George",
        "name:pt": "Catedral de São Jorge",
        "name:ro": "Catedrala Patriarhală Ortodoxă „Sfântul Gheorghe”",
        "name:ru": "Собор Св. Георгия",
        "office": "religion",
        "religion": "christian",
        "wikidata": "Q1346546",
        "wikimedia_commons": "Category:Hagios Georgios in Istanbul",
        "wikipedia": "tr:Aya Yorgi Patrikhane Kilisesi",
        "@geometry": "center"
      },
      "geometry": {
        "type": "Point",
        "coordinates": [
          28.9518948,
          41.0291208
        ]
      },
      "id": "way/526875901"
    },
    {
      "type": "Feature",
      "properties": {
        "@id": "way/526875920",
        "building": "yes",
        "historic": "tomb",
        "name": "Sekbanbaşı Abdurrahman Ağa Türbesi",
        "wikidata": "Q121438501",
        "wikimedia_commons": "Category:Sekbanbaşı Abdurrahman Ağa Türbesi",
        "wikipedia": "tr:Sekbanbaşı Abdurrahman Ağa Türbesi",
        "@geometry": "center"
      },
      "geometry": {
        "type": "Point",
        "coordinates": [
          28.9564033,
          41.0279508
        ]
      },
      "id": "way/526875920"
    },
    {
      "type": "Feature",
      "properties": {
        "@id": "way/526876022",
        "amenity": "place_of_worship",
        "building": "yes",
        "name": "Altıpoğaça Camii",
        "religion": "muslim",
        "wikidata": "Q127418104",
        "@geometry": "center"
      },
      "geometry": {
        "type": "Point",
        "coordinates": [
          28.9528502,
          41.0236826
        ]
      },
      "id": "way/526876022"
    },
    {
      "type": "Feature",
      "properties": {
        "@id": "way/526876347",
        "addr:city": "İstanbul",
        "addr:district": "Fatih",
        "addr:street": "Seferikoz Sokağı",
        "amenity": "place_of_worship",
        "building": "mosque",
        "denomination": "sunni",
        "name": "Seferikoz Camii",
        "name:ar": "جامع سيفيريكوز",
        "religion": "muslim",
        "wikidata": "Q127418513",
        "wikimedia_commons": "Category:Seferikoz Mosque",
        "@geometry": "center"
      },
      "geometry": {
        "type": "Point",
        "coordinates": [
          28.9583381,
          41.0259654
        ]
      },
      "id": "way/526876347"
    },
    {
      "type": "Feature",
      "properties": {
        "@id": "way/527404945",
        "building": "yes",
        "historic": "building",
        "name": "Eksarhhane",
        "wikidata": "Q2042945",
        "wikimedia_commons": "Category:Bulgarian Exarchate",
        "wikipedia": "tr:Bulgar Eksarhlığı",
        "@geometry": "center"
      },
      "geometry": {
        "type": "Point",
        "coordinates": [
          28.9493431,
          41.0315389
        ]
      },
      "id": "way/527404945"
    },
    {
      "type": "Feature",
      "properties": {
        "@id": "way/527862160",
        "building": "yes",
        "historic": "tomb",
        "name": "Sümbül Efendi Türbesi",
        "wikidata": "Q131391154",
        "@geometry": "center"
      },
      "geometry": {
        "type": "Point",
        "coordinates": [
          28.9290248,
          41.0038056
        ]
      },
      "id": "way/527862160"
    },
    {
      "type": "Feature",
      "properties": {
        "@id": "way/528081246",
        "alt_name": "Germanya Han",
        "building": "yes",
        "historic": "yes",
        "name": "Deutsche Orientbank A.G.",
        "wikidata": "Q85970750",
        "wikimedia_commons": "Category:Germanya Han",
        "wikipedia": "tr:Germanya Han",
        "@geometry": "center"
      },
      "geometry": {
        "type": "Point",
        "coordinates": [
          28.9722747,
          41.015106
        ]
      },
      "id": "way/528081246"
    },
    {
      "type": "Feature",
      "properties": {
        "@id": "way/528081267",
        "amenity": "place_of_worship",
        "building": "yes",
        "name": "Arpacılar Camii",
        "religion": "muslim",
        "wikidata": "Q127418113",
        "@geometry": "center"
      },
      "geometry": {
        "type": "Point",
        "coordinates": [
          28.9731459,
          41.016401
        ]
      },
      "id": "way/528081267"
    },
    {
      "type": "Feature",
      "properties": {
        "@id": "way/528265635",
        "addr:city": "İstanbul",
        "addr:district": "Fatih",
        "addr:housenumber": "3",
        "addr:neighbourhood": "Balat Mahallesi",
        "addr:postcode": "34087",
        "addr:street": "Çimen Sokağı",
        "amenity": "place_of_worship",
        "building": "church",
        "denomination": "greek_orthodox",
        "description": "Between 1587 to 1597 the Church of the Panagia Paramythia (\"Panagia of the Palace\") in Constantinople was the location of the Ecumenical Patriarchate of Constantinople",
        "historic": "church",
        "name": "Panagia Paramythia Church",
        "name:en": "Panagia Paramythia Church",
        "religion": "christian",
        "wikidata": "Q112242322",
        "wikimedia_commons": "Category:Panagia Paramythia Church",
        "wikipedia": "tr:Panayia Vlahsaray Rum Ortodoks Kilisesi",
        "@geometry": "center"
      },
      "geometry": {
        "type": "Point",
        "coordinates": [
          28.9485242,
          41.0305179
        ]
      },
      "id": "way/528265635"
    },
    {
      "type": "Feature",
      "properties": {
        "@id": "way/528553751",
        "addr:city": "İstanbul",
        "addr:district": "Fatih",
        "amenity": "place_of_worship",
        "building": "church",
        "denomination": "greek_orthodox",
        "name": "Ayios Yorgiyos Rum Ortodoks Kilisesi",
        "name:ar": "كنيسة آيا يارغي",
        "name:de": "Hagios Georgios am Charisiostor",
        "name:el": "Άγιος Γεώργιος Πύλης Αδριανουπόλεως (Edirnekapi)",
        "name:en": "Hagia Yorgi Greek Orthodox Church",
        "religion": "christian",
        "source": "bing",
        "start_date": "1836",
        "wikidata": "Q25477760",
        "wikimedia_commons": "Category:Edirnekapı Aya Yorgi Kilisesi",
        "wikipedia": "tr:Edirnekapı Aya Yorgi Kilisesi",
        "@geometry": "center"
      },
      "geometry": {
        "type": "Point",
        "coordinates": [
          28.9360259,
          41.0303138
        ]
      },
      "id": "way/528553751"
    },
    {
      "type": "Feature",
      "properties": {
        "@id": "way/529174173",
        "amenity": "place_of_worship",
        "building": "yes",
        "name": "Uşşaki Camii",
        "name:ar": "جامع أوشاكي",
        "religion": "muslim",
        "wikidata": "Q133803452",
        "@geometry": "center"
      },
      "geometry": {
        "type": "Point",
        "coordinates": [
          28.9273711,
          40.996522
        ]
      },
      "id": "way/529174173"
    },
    {
      "type": "Feature",
      "properties": {
        "@id": "way/529971442",
        "addr:city": "İstanbul",
        "addr:district": "Fatih",
        "amenity": "place_of_worship",
        "building": "mosque",
        "denomination": "sunni",
        "name": "Harbi Mescidi",
        "name:ar": "مسجد هاربي",
        "religion": "muslim",
        "wikidata": "Q122706354",
        "wikimedia_commons": "Category:Harbi Mescidi",
        "@geometry": "center"
      },
      "geometry": {
        "type": "Point",
        "coordinates": [
          28.9269861,
          41.0205223
        ]
      },
      "id": "way/529971442"
    },
    {
      "type": "Feature",
      "properties": {
        "@id": "way/529971507",
        "building": "yes",
        "historic": "tomb",
        "name": "Gazi Ahmed Paşa Türbesi",
        "wikidata": "Q122706523",
        "wikimedia_commons": "Category:Tomb of Kara Ahmed Pasha",
        "@geometry": "center"
      },
      "geometry": {
        "type": "Point",
        "coordinates": [
          28.9281706,
          41.0210265
        ]
      },
      "id": "way/529971507"
    },
    {
      "type": "Feature",
      "properties": {
        "@id": "way/530149593",
        "amenity": "place_of_worship",
        "building": "yes",
        "name": "Cebeci Camii",
        "religion": "muslim",
        "wikidata": "Q127418177",
        "@geometry": "center"
      },
      "geometry": {
        "type": "Point",
        "coordinates": [
          28.9491532,
          41.0272301
        ]
      },
      "id": "way/530149593"
    },
    {
      "type": "Feature",
      "properties": {
        "@id": "way/530509386",
        "addr:city": "İstanbul",
        "addr:district": "Fatih",
        "addr:street": "Hüdavendigar Caddesi",
        "amenity": "place_of_worship",
        "building": "mosque",
        "denomination": "sunni",
        "name": "Karaki Hüseyin Çelebi Camii",
        "name:ar": "مسجد كاراكي حسين تشالابي",
        "religion": "muslim",
        "wikidata": "Q127418351",
        "wikimedia_commons": "Category:Karaki Hüseyin Çelebi Mosque",
        "wikipedia": "tr:Karaki Hüseyin Çelebi Camii",
        "@geometry": "center"
      },
      "geometry": {
        "type": "Point",
        "coordinates": [
          28.9779352,
          41.0130635
        ]
      },
      "id": "way/530509386"
    },
    {
      "type": "Feature",
      "properties": {
        "@id": "way/530509576",
        "addr:city": "İstanbul",
        "addr:district": "Fatih",
        "addr:street": "Şişhane Caddesi",
        "building": "yes",
        "historic": "building",
        "name:ar": "قصر تكفور ساراي",
        "name:de": "Porphyrogennetos-Palast",
        "name:en": "Palace of the Porphyrogenitus",
        "name:ru": "Малый Влахернский дворец",
        "name:tr": "Tekfur Sarayı",
        "opening_hours": "Tu-Su 09:00-17:00",
        "start_date": "late C13",
        "tourism": "museum",
        "wikidata": "Q1472490",
        "wikimedia_commons": "Category:Palace of the Porphyrogenitus",
        "wikipedia": "en:Palace of the Porphyrogenitus",
        "wikipedia:ru": "Малый Влахернский дворец",
        "wikipedia:tr": "Tekfur Sarayı",
        "@geometry": "center"
      },
      "geometry": {
        "type": "Point",
        "coordinates": [
          28.9404772,
          41.0336999
        ]
      },
      "id": "way/530509576"
    },
    {
      "type": "Feature",
      "properties": {
        "@id": "way/530624260",
        "building": "yes",
        "historic": "tomb",
        "name": "Ayşe Hafsa Sultan Türbesi",
        "wikidata": "Q2425979",
        "wikimedia_commons": "Category:Hafsa Sultan",
        "wikipedia": "tr:Ayşe Hafsa Sultan",
        "@geometry": "center"
      },
      "geometry": {
        "type": "Point",
        "coordinates": [
          28.9518982,
          41.0264039
        ]
      },
      "id": "way/530624260"
    },
    {
      "type": "Feature",
      "properties": {
        "@id": "way/530624261",
        "building": "yes",
        "historic": "tomb",
        "name": "Yavuz Sultan Selim Türbesi",
        "name:en": "Tomb of Selim the Resolute",
        "wikidata": "Q494660",
        "wikimedia_commons": "Category:Selim I",
        "wikipedia": "tr:I. Selim",
        "@geometry": "center"
      },
      "geometry": {
        "type": "Point",
        "coordinates": [
          28.951634,
          41.026245
        ]
      },
      "id": "way/530624261"
    },
    {
      "type": "Feature",
      "properties": {
        "@id": "way/530624263",
        "building": "yes",
        "historic": "tomb",
        "name": "Abdülmecid Han Türbesi",
        "wikidata": "Q174772",
        "wikimedia_commons": "Category:Abdül Mecid I",
        "wikipedia": "tr:Abdülmecid",
        "@geometry": "center"
      },
      "geometry": {
        "type": "Point",
        "coordinates": [
          28.9520446,
          41.0265133
        ]
      },
      "id": "way/530624263"
    },
    {
      "type": "Feature",
      "properties": {
        "@id": "way/530624272",
        "amenity": "place_of_worship",
        "building": "yes",
        "name": "Çukurbostan Camii",
        "religion": "muslim",
        "wikidata": "Q127418206",
        "@geometry": "center"
      },
      "geometry": {
        "type": "Point",
        "coordinates": [
          28.9502818,
          41.0260495
        ]
      },
      "id": "way/530624272"
    },
    {
      "type": "Feature",
      "properties": {
        "@id": "way/531227331",
        "building": "yes",
        "historic": "building",
        "wikidata": "Q131902951",
        "@geometry": "center"
      },
      "geometry": {
        "type": "Point",
        "coordinates": [
          28.9643062,
          41.0047397
        ]
      },
      "id": "way/531227331"
    },
    {
      "type": "Feature",
      "properties": {
        "@id": "way/533352553",
        "addr:city": "İstanbul",
        "addr:district": "Eyüp",
        "addr:neighbourhood": "Defterdar Mahallesi",
        "addr:street": "Defterdar Caddesi",
        "amenity": "place_of_worship",
        "building": "mosque",
        "name": "Defterdar Camii",
        "religion": "muslim",
        "wikidata": "Q2058733",
        "wikimedia_commons": "Category:Defterdar Mosque",
        "wikipedia": "tr:Defterdar Camii",
        "@geometry": "center"
      },
      "geometry": {
        "type": "Point",
        "coordinates": [
          28.9376381,
          41.0419722
        ]
      },
      "id": "way/533352553"
    },
    {
      "type": "Feature",
      "properties": {
        "@id": "way/534077493",
        "addr:city": "İstanbul",
        "addr:district": "Fatih",
        "addr:housenumber": "6",
        "addr:neighbourhood": "Ayvansaray Mahallesi",
        "addr:postcode": "34087",
        "addr:street": "Kırkambar Sokağı",
        "amenity": "place_of_worship",
        "building": "church",
        "denomination": "greek_orthodox",
        "description": "The Greek Orthodox Patriarchate was located here from 1597 to 1601.",
        "historic": "church",
        "name": "Aya Dimitri Kilisesi",
        "name:ar": "كنيسة آيا ديميتري",
        "name:en": "Church of St. Demetrius Xyloportas",
        "religion": "christian",
        "wikidata": "Q25475109",
        "wikimedia_commons": "Category:Church of Saint Demetrius, Fatih",
        "wikipedia": "tr:Ayvansaray Aya Dimitri Kilisesi",
        "@geometry": "center"
      },
      "geometry": {
        "type": "Point",
        "coordinates": [
          28.9450008,
          41.037144
        ]
      },
      "id": "way/534077493"
    },
    {
      "type": "Feature",
      "properties": {
        "@id": "way/534079986",
        "amenity": "place_of_worship",
        "building": "mosque",
        "denomination": "sunni",
        "name": "Emir Buhari Tekkesi Camii",
        "name:ar": "جامع إمير بوهاري تيكيسي",
        "religion": "muslim",
        "wikidata": "Q97386940",
        "wikimedia_commons": "Category:Emir Buhari Tekkesi, Ayvansaray",
        "wikipedia": "tr:Emir Buhari Tekkesi (Ayvansaray)",
        "@geometry": "center"
      },
      "geometry": {
        "type": "Point",
        "coordinates": [
          28.9416125,
          41.0385618
        ]
      },
      "id": "way/534079986"
    },
    {
      "type": "Feature",
      "properties": {
        "@id": "way/534081935",
        "building": "yes",
        "historic": "building",
        "wikidata": "Q112056660",
        "wikimedia_commons": "Category:Balat Khorenyan Armenian School",
        "wikipedia": "tr:Balat Khorenyan Ermeni Okulu",
        "@geometry": "center"
      },
      "geometry": {
        "type": "Point",
        "coordinates": [
          28.9451434,
          41.0339947
        ]
      },
      "id": "way/534081935"
    },
    {
      "type": "Feature",
      "properties": {
        "@id": "way/534108299",
        "addr:city": "İstanbul",
        "addr:district": "Fatih",
        "addr:street": "Ayvansaray Caddesi",
        "building": "yes",
        "name": "Muhammed El-Ensari Türbesi",
        "name:ar": "ضريح محمد الأنصاري",
        "tourism": "attraction",
        "wikidata": "Q112055971",
        "wikimedia_commons": "Category:Muhammed El-Ensari Türbesi",
        "wikipedia": "tr:Muhammed El-Ensari Türbesi",
        "@geometry": "center"
      },
      "geometry": {
        "type": "Point",
        "coordinates": [
          28.9426813,
          41.0397898
        ]
      },
      "id": "way/534108299"
    },
    {
      "type": "Feature",
      "properties": {
        "@id": "way/534113499",
        "building": "yes",
        "historic": "building",
        "name": "Balat Or-Ahayim Musevi Hastanesi Sinagogu",
        "wikidata": "Q135430173",
        "@geometry": "center"
      },
      "geometry": {
        "type": "Point",
        "coordinates": [
          28.9457624,
          41.0385029
        ]
      },
      "id": "way/534113499"
    },
    {
      "type": "Feature",
      "properties": {
        "@id": "way/535578229",
        "amenity": "place_of_worship",
        "building": "yes",
        "denomination": "roman_catholic",
        "name": "Czestochowalı Meryem Ana Kilisesi",
        "name:en": "Mary of Czestochowa",
        "name:pl": "Kościół pw. Matki Boskiej Częstochowskiej",
        "name:ru": "Церковь Богоматери Ченстоховской",
        "religion": "christian",
        "wikidata": "Q6019583",
        "wikimedia_commons": "Category:Church of Our Lady of Częstochowa in Polonezköy",
        "wikipedia": "tr:Czestochova Meryem Ana Kilisesi",
        "@geometry": "center"
      },
      "geometry": {
        "type": "Point",
        "coordinates": [
          29.2073955,
          41.1098578
        ]
      },
      "id": "way/535578229"
    },
    {
      "type": "Feature",
      "properties": {
        "@id": "way/539314469",
        "alt_name": "Camii; Cami; İbadethane; Mescit",
        "amenity": "place_of_worship",
        "building": "mosque",
        "denomination": "sunni",
        "historic:civilization": "Ottoman Empire",
        "name": "Vaniköy Camii",
        "religion": "muslim",
        "source": "Maxar Premium-Luftbilder (Beta)",
        "start_date": "C17",
        "wikidata": "Q6061966",
        "wikimedia_commons": "Category:Vanî Mehmed Efendi Mosque",
        "wikipedia": "tr:Vaniköy Camii",
        "@geometry": "center"
      },
      "geometry": {
        "type": "Point",
        "coordinates": [
          29.0552233,
          41.0640978
        ]
      },
      "id": "way/539314469"
    },
    {
      "type": "Feature",
      "properties": {
        "@id": "way/543479410",
        "addr:city": "İstanbul",
        "addr:district": "Kadıköy",
        "addr:neighbourhood": "Göztepe Mahallesi",
        "addr:postcode": "34730",
        "alt_name": "Göztepe Camii",
        "amenity": "place_of_worship",
        "building": "mosque",
        "building:levels": "2",
        "height": "15",
        "image": "https://www.tarihi.ist/tutuncu-mehmet-efendi-cami/",
        "name": "Tütüncü Mehmet Efendi Camii",
        "name:etymology:wikipedia": "tr:Tütüncü Mehmet Halis Efendi",
        "religion": "muslim",
        "website": "https://www.tarihi.ist/tutuncu-mehmet-efendi-cami/",
        "wikidata": "Q6020772",
        "wikimedia_commons": "Category:Tütüncü Mehmet Efendi Mosque",
        "wikipedia": "tr:Göztepe Camii",
        "@geometry": "center"
      },
      "geometry": {
        "type": "Point",
        "coordinates": [
          29.0662253,
          40.9789021
        ]
      },
      "id": "way/543479410"
    },
    {
      "type": "Feature",
      "properties": {
        "@id": "way/545009172",
        "addr:city": "İstanbul",
        "addr:district": "Kadıköy",
        "addr:neighbourhood": "Sahrayıcedit Mahallesi",
        "addr:postcode": "34734",
        "alt_name": "Sahrayıcedit Camii",
        "amenity": "place_of_worship",
        "building": "mosque",
        "height": "7m",
        "name": "Sahrayı Cedid Camii",
        "religion": "muslim",
        "website": "https://www.tarihi.ist/sahrayi-cedit-cami/",
        "wikidata": "Q127418501",
        "wikimedia_commons": "Category:Sahrayı Cedit Mosque",
        "@geometry": "center"
      },
      "geometry": {
        "type": "Point",
        "coordinates": [
          29.0771591,
          40.9804387
        ]
      },
      "id": "way/545009172"
    },
    {
      "type": "Feature",
      "properties": {
        "@id": "way/546190146",
        "amenity": "place_of_worship",
        "building": "mosque",
        "name": "Hilmi Abbas Camii",
        "religion": "muslim",
        "wikidata": "Q127418299",
        "wikipedia": "tr:Reşadiye Camii (İstanbul)",
        "@geometry": "center"
      },
      "geometry": {
        "type": "Point",
        "coordinates": [
          29.2343253,
          40.8811621
        ]
      },
      "id": "way/546190146"
    },
    {
      "type": "Feature",
      "properties": {
        "@id": "way/547315062",
        "addr:city": "İstanbul",
        "addr:district": "Eyüp",
        "addr:neighbourhood": "Nişanca",
        "addr:postcode": "34050",
        "addr:street": "Fethi Çelebi Sokak",
        "alt_name": "Otakçılar Camii",
        "amenity": "place_of_worship",
        "building": "mosque",
        "name": "Fethi Çelebi Camii",
        "religion": "muslim",
        "wikidata": "Q127418471",
        "@geometry": "center"
      },
      "geometry": {
        "type": "Point",
        "coordinates": [
          28.9347257,
          41.0377998
        ]
      },
      "id": "way/547315062"
    },
    {
      "type": "Feature",
      "properties": {
        "@id": "way/548723193",
        "amenity": "place_of_worship",
        "building": "mosque",
        "name": "Kazasker Camii",
        "religion": "muslim",
        "wikidata": "Q127418370",
        "wikimedia_commons": "Category:Kazasker Mosque Kadıköy",
        "wikipedia": "en:Kazasker Mosque, Kadıköy",
        "@geometry": "center"
      },
      "geometry": {
        "type": "Point",
        "coordinates": [
          29.0857214,
          40.9691816
        ]
      },
      "id": "way/548723193"
    },
    {
      "type": "Feature",
      "properties": {
        "@id": "way/548993386",
        "addr:city": "İstanbul",
        "addr:district": "Eyüp",
        "addr:neighbourhood": "Nişanca Mahallesi",
        "addr:postcode": "34050",
        "addr:street": "Abdurrahman Şeref Bey Caddesi",
        "amenity": "place_of_worship",
        "building": "mosque",
        "denomination": "sunni",
        "name": "Arakiyeci Cafer Ağa Camii",
        "religion": "muslim",
        "wikidata": "Q127418108",
        "@geometry": "center"
      },
      "geometry": {
        "type": "Point",
        "coordinates": [
          28.9354869,
          41.0408428
        ]
      },
      "id": "way/548993386"
    },
    {
      "type": "Feature",
      "properties": {
        "@id": "way/549595422",
        "amenity": "place_of_worship",
        "building": "mosque",
        "name": "Suadiye Camii",
        "religion": "muslim",
        "wikidata": "Q6025089",
        "wikimedia_commons": "Category:Suadiye Mosque",
        "wikipedia": "tr:Suadiye Camii",
        "@geometry": "center"
      },
      "geometry": {
        "type": "Point",
        "coordinates": [
          29.0795173,
          40.962391
        ]
      },
      "id": "way/549595422"
    },
    {
      "type": "Feature",
      "properties": {
        "@id": "way/550086138",
        "addr:city": "İstanbul",
        "addr:district": "Kadıköy",
        "addr:housenumber": "4",
        "addr:neighbourhood": "Erenköy Mahallesi",
        "addr:postcode": "34738",
        "addr:street": "Kazım Karabekir Sokağı",
        "building": "yes",
        "building:levels": "3",
        "name": "Kazım Karabekir Paşa Müzesi",
        "note": "https://eksisozluk.com/kazim-karabekir-muzesi--3196295",
        "operator": "Kazım Karabekir Vakfı",
        "phone": "+90 216 302 91 26",
        "tourism": "museum",
        "website": "https://www.kazimkarabekirvakfi.org.tr/",
        "wikidata": "Q6022598",
        "wikimedia_commons": "Category:Kâzım Karabekir Pasha Museum",
        "wikipedia": "tr:Kâzım Karabekir Paşa Müzesi",
        "@geometry": "center"
      },
      "geometry": {
        "type": "Point",
        "coordinates": [
          29.078593,
          40.9682691
        ]
      },
      "id": "way/550086138"
    },
    {
      "type": "Feature",
      "properties": {
        "@id": "way/551917593",
        "addr:city": "İstanbul",
        "addr:district": "Kağıthane",
        "addr:neighbourhood": "Merkez Mahallesi",
        "addr:street": "Hasbahçe Caddesi",
        "alt_name": "Kağıthane Camii",
        "amenity": "place_of_worship",
        "building": "mosque",
        "name": "Sadabad Camii",
        "religion": "muslim",
        "wikidata": "Q6030600",
        "wikimedia_commons": "Category:Kâğıthane Mosque",
        "wikipedia": "tr:Kâğıthane Camii",
        "@geometry": "center"
      },
      "geometry": {
        "type": "Point",
        "coordinates": [
          28.9628826,
          41.0699879
        ]
      },
      "id": "way/551917593"
    },
    {
      "type": "Feature",
      "properties": {
        "@id": "way/552205507",
        "amenity": "place_of_worship",
        "building": "mosque",
        "name": "Saçlı Abdülkadir Efendi Cami",
        "religion": "muslim",
        "wheelchair": "no",
        "wikidata": "Q31189278",
        "wikimedia_commons": "Category:Saçlı Abdülkadir Efendi Mosque",
        "wikipedia": "tr:Saçlı Abdülkadir Efendi Cami",
        "@geometry": "center"
      },
      "geometry": {
        "type": "Point",
        "coordinates": [
          28.9335189,
          41.047027
        ]
      },
      "id": "way/552205507"
    },
    {
      "type": "Feature",
      "properties": {
        "@id": "node/554083364",
        "fee": "yes",
        "name": "Sabancı Üniversitesi Sakıp Sabancı Müzesi",
        "name:en": "Sakıp Sabancı Museum",
        "name:tr": "Sabancı Üniversitesi Sakıp Sabancı Müzesi",
        "note": "Sakıp Sabancı Museum Collection of the Arts of the Book and Calligraphy have illuminated Korans, calligraphy, official documents from the Ottoman sultans, etc. Exhibits are from the end of the 14th century to the 20th century.",
        "opening_hours": "Tu, Th, Fr, Su 10:00-18:00; We, Sa 10:00-22:00",
        "phone": "+90 212 277 22 00",
        "toilets:wheelchair": "yes",
        "tourism": "museum",
        "website": "https://www.sakipsabancimuzesi.org/en/",
        "wheelchair": "yes",
        "wikidata": "Q3395851",
        "wikimedia_commons": "Category:Sakıp Sabancı Müzesi",
        "wikipedia": "en:Sakıp Sabancı Museum"
      },
      "geometry": {
        "type": "Point",
        "coordinates": [
          29.0556289,
          41.106019
        ]
      },
      "id": "node/554083364"
    },
    {
      "type": "Feature",
      "properties": {
        "@id": "way/559460154",
        "addr:city": "İstanbul",
        "addr:district": "Zeytinburnu",
        "amenity": "place_of_worship",
        "building": "yes",
        "name": "Merkezifonlu Karamustafapaşa camii",
        "name:ar": "مسجد كارا مصطفى باشا",
        "religion": "muslim",
        "wikidata": "Q127418420",
        "@geometry": "center"
      },
      "geometry": {
        "type": "Point",
        "coordinates": [
          28.914731,
          40.9894422
        ]
      },
      "id": "way/559460154"
    },
    {
      "type": "Feature",
      "properties": {
        "@id": "way/566346994",
        "addr:city": "İstanbul",
        "addr:district": "Zeytinburnu",
        "amenity": "place_of_worship",
        "building": "mosque",
        "denomination": "sunni",
        "name": "belgradkapı camii",
        "name:ar": "مسجد بيلغراد كابي",
        "religion": "muslim",
        "wikidata": "Q125458736",
        "wikimedia_commons": "Category:Belgradkapı Mosque",
        "wikipedia": "tr:Belgradkapı Camii",
        "@geometry": "center"
      },
      "geometry": {
        "type": "Point",
        "coordinates": [
          28.9181695,
          41.0004006
        ]
      },
      "id": "way/566346994"
    },
    {
      "type": "Feature",
      "properties": {
        "@id": "way/569310851",
        "leisure": "park",
        "name": "Emirgan Korusu",
        "name:ar": "حديقة أميرجان",
        "name:en": "Emirgan Park",
        "name:ru": "Эмирган (парк)",
        "natural": "wood",
        "website": "https://www.geziyerler.com/emirgan-korusu",
        "wikidata": "Q5185642",
        "wikimedia_commons": "Category:Emirgan Park",
        "wikipedia": "en:Emirgan Park",
        "@geometry": "center"
      },
      "geometry": {
        "type": "Point",
        "coordinates": [
          29.0528187,
          41.1089968
        ]
      },
      "id": "way/569310851"
    },
    {
      "type": "Feature",
      "properties": {
        "@id": "way/569707977",
        "building": "yes",
        "museum": "living_history",
        "name": "Cat Museum",
        "operator": "App is",
        "tourism": "museum",
        "website": "https://catmuseum.co",
        "@geometry": "center"
      },
      "geometry": {
        "type": "Point",
        "coordinates": [
          28.9749954,
          41.0265284
        ]
      },
      "id": "way/569707977"
    },
    {
      "type": "Feature",
      "properties": {
        "@id": "way/569933345",
        "amenity": "place_of_worship",
        "building": "mosque",
        "denomination": "sunni",
        "name": "Hacimimi Camii",
        "religion": "muslim",
        "wikidata": "Q127418275",
        "@geometry": "center"
      },
      "geometry": {
        "type": "Point",
        "coordinates": [
          28.9773117,
          41.027858
        ]
      },
      "id": "way/569933345"
    },
    {
      "type": "Feature",
      "properties": {
        "@id": "way/571208842",
        "amenity": "place_of_worship",
        "building": "yes",
        "name": "Hacı Hüsrev Camii",
        "religion": "muslim",
        "wikidata": "Q127418270",
        "@geometry": "center"
      },
      "geometry": {
        "type": "Point",
        "coordinates": [
          28.9696181,
          41.0405739
        ]
      },
      "id": "way/571208842"
    },
    {
      "type": "Feature",
      "properties": {
        "@id": "way/571681954",
        "amenity": "place_of_worship",
        "building": "yes",
        "name": "Gedik Abdi Camii",
        "religion": "muslim",
        "wikidata": "Q127418252",
        "@geometry": "center"
      },
      "geometry": {
        "type": "Point",
        "coordinates": [
          28.9659329,
          41.0373106
        ]
      },
      "id": "way/571681954"
    },
    {
      "type": "Feature",
      "properties": {
        "@id": "way/571683507",
        "amenity": "place_of_worship",
        "building": "mosque",
        "denomination": "sunni",
        "name": "Emekyemez Camii",
        "religion": "muslim",
        "wikidata": "Q127418232",
        "wikimedia_commons": "Category:Emekyemez Mosque",
        "@geometry": "center"
      },
      "geometry": {
        "type": "Point",
        "coordinates": [
          28.9710388,
          41.0263359
        ]
      },
      "id": "way/571683507"
    },
    {
      "type": "Feature",
      "properties": {
        "@id": "way/571683530",
        "amenity": "place_of_worship",
        "building": "mosque",
        "denomination": "sunni",
        "name": "Şehsuvar Bey Camii",
        "religion": "muslim",
        "wikidata": "Q127418555",
        "wikimedia_commons": "Category:Şahsuvar Bey Mosque",
        "@geometry": "center"
      },
      "geometry": {
        "type": "Point",
        "coordinates": [
          28.9728564,
          41.0266092
        ]
      },
      "id": "way/571683530"
    },
    {
      "type": "Feature",
      "properties": {
        "@id": "way/571684478",
        "amenity": "place_of_worship",
        "building": "yes",
        "name": "Abdüsselam Camii",
        "religion": "muslim",
        "wikidata": "Q127418085",
        "wikimedia_commons": "Category:Abdüsselam Mosque",
        "@geometry": "center"
      },
      "geometry": {
        "type": "Point",
        "coordinates": [
          28.945419,
          41.0460717
        ]
      },
      "id": "way/571684478"
    },
    {
      "type": "Feature",
      "properties": {
        "@id": "way/571702706",
        "building": "yes",
        "historic": "tomb",
        "name": "Turabi Baba Türbesi",
        "website": "https://www.evliyalar.net/turabi-baba-k-s/",
        "wikidata": "Q119791227",
        "wikimedia_commons": "Category:Turabi Baba Türbesi",
        "wikipedia": "tr:Turabi Baba Türbesi",
        "@geometry": "center"
      },
      "geometry": {
        "type": "Point",
        "coordinates": [
          28.9665922,
          41.0321411
        ]
      },
      "id": "way/571702706"
    },
    {
      "type": "Feature",
      "properties": {
        "@id": "way/571713421",
        "building": "yes",
        "historic": "building",
        "name": "Beyoğlu Tokatlıyan Oteli",
        "name:en": "Tokatlıyan Hotel (Beyoğlu)",
        "start_date": "1897",
        "wikidata": "Q2656330",
        "wikimedia_commons": "Category:Tokatliyan Hotels",
        "wikipedia": "tr:Tokatlıyan Oteli",
        "@geometry": "center"
      },
      "geometry": {
        "type": "Point",
        "coordinates": [
          28.9783032,
          41.0341979
        ]
      },
      "id": "way/571713421"
    },
    {
      "type": "Feature",
      "properties": {
        "@id": "way/572353178",
        "amenity": "place_of_worship",
        "building": "yes",
        "name": "Kadı Mehmet Camii",
        "religion": "muslim",
        "wikidata": "Q127418333",
        "@geometry": "center"
      },
      "geometry": {
        "type": "Point",
        "coordinates": [
          28.9636382,
          41.0348456
        ]
      },
      "id": "way/572353178"
    },
    {
      "type": "Feature",
      "properties": {
        "@id": "way/573564519",
        "addr:city": "İstanbul",
        "addr:district": "Kadıköy",
        "addr:housenumber": "17",
        "addr:neighbourhood": "Göztepe Mahallesi",
        "addr:postcode": "34730",
        "addr:street": "Dr. Zeki Zeren Sokağı",
        "building": "yes",
        "building:levels": "2",
        "name": "İstanbul Oyuncak Müzesi",
        "name:en": "İstanbul Toy Museum",
        "name:tr": "İstanbul Oyuncak Müzesi",
        "opening_hours": "Tu-Fr 10:00-18:00; Sa-Su 10.00-18.30",
        "operator": "Sunay Akın",
        "phone": "+90 216 359 45 50",
        "roof:levels": "1",
        "tourism": "museum",
        "website": "https://istanbuloyuncakmuzesi.com/",
        "wikidata": "Q2743371",
        "wikimedia_commons": "Category:Istanbul Toy Museum",
        "wikipedia": "en:İstanbul Toy Museum",
        "@geometry": "center"
      },
      "geometry": {
        "type": "Point",
        "coordinates": [
          29.0707066,
          40.9759534
        ]
      },
      "id": "way/573564519"
    },
    {
      "type": "Feature",
      "properties": {
        "@id": "way/579834921",
        "amenity": "place_of_worship",
        "building": "synagogue",
        "name": "Bet Yaakov Sinagogu",
        "religion": "jewish",
        "wikidata": "Q6065399",
        "wikipedia": "tr:Bet Yaakov Sinagogu (Heybeliada)",
        "@geometry": "center"
      },
      "geometry": {
        "type": "Point",
        "coordinates": [
          29.0984532,
          40.8785801
        ]
      },
      "id": "way/579834921"
    },
    {
      "type": "Feature",
      "properties": {
        "@id": "way/582310548",
        "building": "yes",
        "historic": "castle",
        "historic:civilization": "ottoman",
        "name": "Riva Kalesi",
        "wikidata": "Q23586307",
        "wikimedia_commons": "Category:Riva Castle",
        "wikipedia": "tr:Riva Kalesi",
        "@geometry": "center"
      },
      "geometry": {
        "type": "Point",
        "coordinates": [
          29.2171795,
          41.2239408
        ]
      },
      "id": "way/582310548"
    },
    {
      "type": "Feature",
      "properties": {
        "@id": "way/584424096",
        "amenity": "place_of_worship",
        "building": "mosque",
        "name": "Maktül Mustafa Paşa Cami",
        "religion": "muslim",
        "wheelchair": "no",
        "wikidata": "Q127418407",
        "wikimedia_commons": "Category:Maktul Mustafa Paşa Mosque",
        "@geometry": "center"
      },
      "geometry": {
        "type": "Point",
        "coordinates": [
          28.9336908,
          41.0348664
        ]
      },
      "id": "way/584424096"
    },
    {
      "type": "Feature",
      "properties": {
        "@id": "way/588282831",
        "addr:city": "İstanbul",
        "addr:district": "Üsküdar",
        "addr:neighbourhood": "Selamiali",
        "alt_name": "Ermeni Kilise",
        "amenity": "place_of_worship",
        "building": "church",
        "denomination": "armenian_apostolic",
        "name": "Surp Haç Kilisesi",
        "name:en": "Church of the Holy Cross",
        "name:hy": "Սուրբ Խաչ Եկեղեցի",
        "religion": "christian",
        "source": "digitalGlobe Premium",
        "wikidata": "Q20471279",
        "wikimedia_commons": "Category:Surp Haç Church",
        "wikipedia": "tr:Surp Haç Kilisesi",
        "@geometry": "center"
      },
      "geometry": {
        "type": "Point",
        "coordinates": [
          29.0307978,
          41.0248176
        ]
      },
      "id": "way/588282831"
    },
    {
      "type": "Feature",
      "properties": {
        "@id": "way/597167828",
        "addr:city": "İstanbul",
        "addr:district": "Beykoz",
        "addr:neighbourhood": "Ortaçeşme",
        "leisure": "park",
        "name": "Beykoz Çayırı",
        "wikidata": "Q122840337",
        "wikipedia": "tr:Beykoz Çayırı",
        "@geometry": "center"
      },
      "geometry": {
        "type": "Point",
        "coordinates": [
          29.0862304,
          41.1427377
        ]
      },
      "id": "way/597167828"
    },
    {
      "type": "Feature",
      "properties": {
        "@id": "way/600269984",
        "bicycle": "yes",
        "foot": "yes",
        "material": "marble",
        "motor_vehicle": "no",
        "name": "Eyüpsultan Meydanı",
        "place": "square",
        "wikidata": "Q112575255",
        "wikimedia_commons": "Category:Eyüpsultan Square",
        "wikipedia": "tr:Eyüpsultan Meydanı",
        "@geometry": "center"
      },
      "geometry": {
        "type": "Point",
        "coordinates": [
          28.9334336,
          41.0475064
        ]
      },
      "id": "way/600269984"
    },
    {
      "type": "Feature",
      "properties": {
        "@id": "way/601313633",
        "amenity": "place_of_worship",
        "building": "yes",
        "name": "Yeniköy sinagogu",
        "religion": "jewish",
        "wikidata": "Q3404711",
        "wikimedia_commons": "Category:Yeniköy Synagogue",
        "wikipedia": "en:Yeniköy Synagogue",
        "@geometry": "center"
      },
      "geometry": {
        "type": "Point",
        "coordinates": [
          29.0663205,
          41.1182742
        ]
      },
      "id": "way/601313633"
    },
    {
      "type": "Feature",
      "properties": {
        "@id": "way/635279457",
        "amenity": "place_of_worship",
        "building": "mosque",
        "denomination": "sunni",
        "name": "Göktürk Merkez Camii",
        "religion": "muslim",
        "wikidata": "Q127418255",
        "@geometry": "center"
      },
      "geometry": {
        "type": "Point",
        "coordinates": [
          28.8899003,
          41.1787178
        ]
      },
      "id": "way/635279457"
    },
    {
      "type": "Feature",
      "properties": {
        "@id": "way/639161901",
        "barrier": "fence",
        "leisure": "park",
        "name": "Cundi Parkı",
        "wikidata": "Q123594731",
        "wikipedia": "en:Cundi Park",
        "@geometry": "center"
      },
      "geometry": {
        "type": "Point",
        "coordinates": [
          28.9700049,
          41.0030764
        ]
      },
      "id": "way/639161901"
    },
    {
      "type": "Feature",
      "properties": {
        "@id": "way/639302102",
        "building": "yes",
        "height": "85",
        "historic:civilization": "ottoman",
        "image": "https://seyyahdefteri.com/wp-content/uploads/2018/12/Beyaz%C4%B1t-Kulesi-5.jpg",
        "image:0": "https://photos.app.goo.gl/B7kWKP6cJd4xePY56",
        "man_made": "tower",
        "museum": "history",
        "name": "Beyazıt Kulesi Anıt Müzesi",
        "name:ar": "برج بايزيد",
        "name:de": "Beyazıt-Turm",
        "name:en": "Beyazıt Tower",
        "name:ru": "Башня Баязид",
        "tower:construction": "stone",
        "tower:type": "monument",
        "wikidata": "Q853029",
        "wikimedia_commons": "Category:Beyazıt Tower",
        "wikipedia": "en:Beyazıt Tower",
        "wikipedia:tr": "tr:Beyazıt Kulesi",
        "@geometry": "center"
      },
      "geometry": {
        "type": "Point",
        "coordinates": [
          28.9648956,
          41.0127865
        ]
      },
      "id": "way/639302102"
    },
    {
      "type": "Feature",
      "properties": {
        "@id": "way/643467902",
        "alt_name": "Ocaklı Ada Kalesi",
        "building": "yes",
        "castle_type": "tower",
        "historic": "castle",
        "historic:civilization": "middle-ages",
        "image": "https://www.gezginrehberler.com/wp-content/uploads/2018/05/ocakli-ada-kalesi-2.jpg",
        "name": "Şile Kalesi",
        "name:en": "Şile Castle",
        "name:it": "Castello di Şile",
        "name:tr": "Şile Kalesi",
        "wikidata": "Q91682094",
        "wikimedia_commons": "Category:Şile Castle",
        "wikipedia": "tr:Şile Kalesi",
        "@geometry": "center"
      },
      "geometry": {
        "type": "Point",
        "coordinates": [
          29.6091743,
          41.1815938
        ]
      },
      "id": "way/643467902"
    },
    {
      "type": "Feature",
      "properties": {
        "@id": "way/656043066",
        "amenity": "place_of_worship",
        "building": "mosque",
        "name": "Sultan I. Ahmet Camii",
        "religion": "muslim",
        "wikidata": "Q127418540",
        "wikimedia_commons": "Category:Sultan I. Ahmet Mosque",
        "@geometry": "center"
      },
      "geometry": {
        "type": "Point",
        "coordinates": [
          29.3048888,
          40.8167179
        ]
      },
      "id": "way/656043066"
    },
    {
      "type": "Feature",
      "properties": {
        "@id": "node/663391267",
        "addr:housenumber": "8",
        "addr:postcode": "34440",
        "addr:street": "Vezirhanı Caddesi",
        "alt_name": "sauna;yunak",
        "amenity": "public_bath",
        "bath:type": "hammam",
        "leisure": "turkish_bath",
        "name": "Çemberlitaş Hamamı",
        "name:en": "Çemberlitaş Hammam",
        "name:it": "Çemberlitaş Hammam",
        "name:ru": "Хамам Чемберлиташ",
        "name:uk": "Хамам Чемберлиташ",
        "name:zh": "2-1-1君士坦丁纪念柱",
        "opening_hours": "Mo-Su 06:00-23:30",
        "source": "Maxar Premium-Luftbilder (Beta)",
        "tourism": "attraction",
        "wikidata": "Q8077658",
        "wikimedia_commons": "Category:Çemberlitaş Hamamı",
        "wikipedia": "tr:Çemberlitaş Hamamı"
      },
      "geometry": {
        "type": "Point",
        "coordinates": [
          28.9716244,
          41.0085416
        ]
      },
      "id": "node/663391267"
    },
    {
      "type": "Feature",
      "properties": {
        "@id": "way/664978669",
        "addr:city": "İstanbul",
        "addr:district": "Şişli",
        "addr:housenumber": "127/A",
        "addr:neighbourhood": "Harbiye Mahallesi",
        "addr:postcode": "34373",
        "addr:street": "Cumhuriyet Caddesi",
        "alt_name": "Saint Esprit Kilisesi",
        "amenity": "place_of_worship",
        "basilica": "minor",
        "building": "cathedral",
        "denomination": "catholic",
        "name": "Saint Esprit Katedrali",
        "name:fr": "Cathédrale du Saint-Esprit",
        "religion": "christian",
        "wikidata": "Q79154",
        "wikimedia_commons": "Category:Holy Spirit Cathedral, Istanbul",
        "wikipedia": "en:Cathedral of the Holy Spirit",
        "year_of_construction": "1846",
        "@geometry": "center"
      },
      "geometry": {
        "type": "Point",
        "coordinates": [
          28.9857302,
          41.0446655
        ]
      },
      "id": "way/664978669"
    },
    {
      "type": "Feature",
      "properties": {
        "@id": "way/682354329",
        "amenity": "place_of_worship",
        "building": "yes",
        "name": "Ayios Dimitrios Rum Ortodoks Kilisesi",
        "religion": "christian",
        "wikidata": "Q115861945",
        "wikimedia_commons": "File:Ayios Dimitrios Rum Ortodoks Kilisesi, Büyükada, İstanbul.jpg",
        "@geometry": "center"
      },
      "geometry": {
        "type": "Point",
        "coordinates": [
          29.1331028,
          40.8735835
        ]
      },
      "id": "way/682354329"
    },
    {
      "type": "Feature",
      "properties": {
        "@id": "way/685291099",
        "building": "museum",
        "height": "18",
        "museum": "history",
        "name": "santralistanbul Enerji Müzesi",
        "operator": "İstanbul Bilgi Ünivesitesi",
        "tourism": "museum",
        "wikidata": "Q117012211",
        "wikimedia_commons": "Category:Santralistanbul Energy Museum",
        "@geometry": "center"
      },
      "geometry": {
        "type": "Point",
        "coordinates": [
          28.946664,
          41.0665855
        ]
      },
      "id": "way/685291099"
    },
    {
      "type": "Feature",
      "properties": {
        "@id": "way/689588138",
        "amenity": "place_of_worship",
        "building": "mosque",
        "name": "Çubuklu Halil Ağa Camii",
        "religion": "muslim",
        "wikidata": "Q127418205",
        "@geometry": "center"
      },
      "geometry": {
        "type": "Point",
        "coordinates": [
          29.0821511,
          41.1067563
        ]
      },
      "id": "way/689588138"
    },
    {
      "type": "Feature",
      "properties": {
        "@id": "way/693416241",
        "building": "church",
        "historic": "ruins",
        "name": "Değirmenköy Germiyan Rum Kilisesi",
        "@geometry": "center"
      },
      "geometry": {
        "type": "Point",
        "coordinates": [
          28.0297331,
          41.1317265
        ]
      },
      "id": "way/693416241"
    },
    {
      "type": "Feature",
      "properties": {
        "@id": "way/694715128",
        "addr:city": "İstanbul",
        "addr:district": "Kadıköy",
        "addr:housenumber": "16",
        "addr:neighbourhood": "Caferağa Mahallesi",
        "addr:postcode": "34710",
        "addr:street": "Serasker Caddesi",
        "alt_name": "Kethüda Çarşı Camii",
        "amenity": "place_of_worship",
        "building": "mosque",
        "image": "https://www.tarihi.ist/wp-content/uploads/2018/07/kethüda-çarşı-cami-02.jpg",
        "name": "Ket Hüda Çarşı Camii",
        "religion": "muslim",
        "website": "https://www.tarihi.ist/kethuda-carsi-cami/",
        "wikidata": "Q127418379",
        "wikimedia_commons": "Category:Kethuda Çarşı Mosque",
        "@geometry": "center"
      },
      "geometry": {
        "type": "Point",
        "coordinates": [
          29.0252257,
          40.9900395
        ]
      },
      "id": "way/694715128"
    },
    {
      "type": "Feature",
      "properties": {
        "@id": "way/695627910",
        "addr:city": "İstanbul",
        "addr:district": "Kadıköy",
        "amenity": "place_of_worship",
        "building": "yes",
        "name": "Hemdat Israel Sinagogu",
        "religion": "jewish",
        "wikidata": "Q3409173",
        "wikimedia_commons": "Category:Hemdat Israel Synagogue",
        "wikipedia": "en:Hemdat Israel Synagogue",
        "@geometry": "center"
      },
      "geometry": {
        "type": "Point",
        "coordinates": [
          29.0274218,
          40.9947846
        ]
      },
      "id": "way/695627910"
    },
    {
      "type": "Feature",
      "properties": {
        "@id": "way/697211997",
        "building": "yes",
        "historic": "building",
        "name": "Vedat Tek Evi",
        "wikidata": "Q65053468",
        "wikimedia_commons": "Category:Vedat Tek House",
        "wikipedia": "en:Vedat Tek House",
        "@geometry": "center"
      },
      "geometry": {
        "type": "Point",
        "coordinates": [
          28.9892729,
          41.0503301
        ]
      },
      "id": "way/697211997"
    },
    {
      "type": "Feature",
      "properties": {
        "@id": "way/697224044",
        "addr:city": "İstanbul",
        "amenity": "place_of_worship",
        "building": "mosque",
        "denomination": "sunni",
        "name": "Teşvikiye Camii",
        "name:ar": "جامع تشويقية",
        "name:zh": "特斯维克伊清真寺",
        "religion": "muslim",
        "wikidata": "Q2719784",
        "wikimedia_commons": "Category:Teşvikiye Mosque",
        "wikipedia": "tr:Teşvikiye Camii",
        "@geometry": "center"
      },
      "geometry": {
        "type": "Point",
        "coordinates": [
          28.9943032,
          41.0493821
        ]
      },
      "id": "way/697224044"
    },
    {
      "type": "Feature",
      "properties": {
        "@id": "way/697781912",
        "amenity": "place_of_worship",
        "building": "mosque",
        "name": "Muradiye Camii",
        "religion": "muslim",
        "wikidata": "Q127418450",
        "@geometry": "center"
      },
      "geometry": {
        "type": "Point",
        "coordinates": [
          28.9991502,
          41.0488059
        ]
      },
      "id": "way/697781912"
    },
    {
      "type": "Feature",
      "properties": {
        "@id": "way/698165879",
        "addr:housenumber": "250",
        "addr:street": "Halaskargazi Caddesi",
        "building": "yes",
        "fee": "no",
        "name": "Atatürk Museum, Şişli",
        "name:en": "Atatürk Museum, Şişli",
        "name:tr": "Atatürk Müzesi",
        "note": "The museum houses personal belongings of Atatürk like clothes and collections, other than historical documents, photographs and paintings of his lifetime.",
        "opening_hours": "Mo-We,Fr-Sa 09:00-16:00",
        "tourism": "museum",
        "wikidata": "Q3701681",
        "wikimedia_commons": "Category:Atatürk Museum, Şişli",
        "wikipedia": "en:Atatürk Museum, Şişli",
        "@geometry": "center"
      },
      "geometry": {
        "type": "Point",
        "coordinates": [
          28.9872127,
          41.0564045
        ]
      },
      "id": "way/698165879"
    },
    {
      "type": "Feature",
      "properties": {
        "@id": "way/698450705",
        "amenity": "place_of_worship",
        "building": "mosque",
        "denomination": "sunni",
        "name": "Meşrutiyet Hamidiye Camii",
        "religion": "muslim",
        "wikidata": "Q127418424",
        "wikimedia_commons": "Category:Meşrutiyet Hamidiye Mosque",
        "@geometry": "center"
      },
      "geometry": {
        "type": "Point",
        "coordinates": [
          28.9929383,
          41.0543028
        ]
      },
      "id": "way/698450705"
    },
    {
      "type": "Feature",
      "properties": {
        "@id": "way/699951399",
        "amenity": "place_of_worship",
        "building": "yes",
        "name": "Kaptan İbrahim Ağa Camii",
        "religion": "muslim",
        "wikidata": "Q31190969",
        "wikimedia_commons": "Category:Kaptan İbrahim Ağa Mosque",
        "@geometry": "center"
      },
      "geometry": {
        "type": "Point",
        "coordinates": [
          29.0028632,
          41.0428914
        ]
      },
      "id": "way/699951399"
    },
    {
      "type": "Feature",
      "properties": {
        "@id": "way/701140337",
        "amenity": "place_of_worship",
        "building": "yes",
        "name": "Ekmekçibaşı Mescidi",
        "religion": "muslim",
        "wikidata": "Q127418228",
        "@geometry": "center"
      },
      "geometry": {
        "type": "Point",
        "coordinates": [
          29.0001182,
          41.0435994
        ]
      },
      "id": "way/701140337"
    },
    {
      "type": "Feature",
      "properties": {
        "@id": "way/707608848",
        "amenity": "place_of_worship",
        "building": "mosque",
        "denomination": "sunni",
        "name": "İbrahim Ağa Camii",
        "religion": "muslim",
        "wikidata": "Q6024694",
        "wikimedia_commons": "Category:İbrahim Ağa Mosque, Kadıköy",
        "wikipedia": "tr:İbrahim Ağa Camii",
        "@geometry": "center"
      },
      "geometry": {
        "type": "Point",
        "coordinates": [
          29.0296656,
          41.0014043
        ]
      },
      "id": "way/707608848"
    },
    {
      "type": "Feature",
      "properties": {
        "@id": "way/708327982",
        "historic": "citywalls",
        "name": "Galata Surları",
        "name:en": "Galata Citywalls",
        "wikidata": "Q135035194",
        "@geometry": "center"
      },
      "geometry": {
        "type": "Point",
        "coordinates": [
          28.972879,
          41.025166
        ]
      },
      "id": "way/708327982"
    },
    {
      "type": "Feature",
      "properties": {
        "@id": "way/709297499",
        "denomination": "greek_orthodox",
        "historic": "archaeological_site",
        "historic:civilization": "byzantine",
        "name": "Khalkedon Kilisesi",
        "religion": "christian",
        "@geometry": "center"
      },
      "geometry": {
        "type": "Point",
        "coordinates": [
          29.0245932,
          40.9987509
        ]
      },
      "id": "way/709297499"
    },
    {
      "type": "Feature",
      "properties": {
        "@id": "way/709381141",
        "building": "yes",
        "height": "16",
        "historic": "tomb",
        "name": "Sultan II. Selim Türbesi",
        "name:ar": "ضريح السلطان سليم الثاني",
        "name:br": "Kañvdi ar Sultan Selim II",
        "name:en": "Mausoleum of Sultan Selim II",
        "name:fa": "قبرستان سلطان سلیم دوم",
        "wikidata": "Q161872",
        "wikimedia_commons": "Category:Tomb of Sultan Selim II",
        "wikipedia": "tr:II. Selim",
        "@geometry": "center"
      },
      "geometry": {
        "type": "Point",
        "coordinates": [
          28.979715,
          41.0079253
        ]
      },
      "id": "way/709381141"
    },
    {
      "type": "Feature",
      "properties": {
        "@id": "way/709908140",
        "amenity": "place_of_worship",
        "building": "mosque",
        "denomination": "sunni",
        "name": "Çiçekçi Camii",
        "name:en": "Cicekci Camii",
        "religion": "muslim",
        "wikidata": "Q127418396",
        "wikimedia_commons": "Category:Küçük Selimiye Mosque",
        "@geometry": "center"
      },
      "geometry": {
        "type": "Point",
        "coordinates": [
          29.0174802,
          41.0128814
        ]
      },
      "id": "way/709908140"
    },
    {
      "type": "Feature",
      "properties": {
        "@id": "way/709908145",
        "addr:city": "İstanbul",
        "addr:district": "Üsküdar",
        "amenity": "place_of_worship",
        "building": "mosque",
        "denomination": "sunni",
        "name": "Defterdar Tahir Efendi Camii",
        "religion": "muslim",
        "wikidata": "Q127418213",
        "wikimedia_commons": "Category:Tahir Efendi Mosque",
        "wikipedia": "tr:Tahir Efendi Camii",
        "@geometry": "center"
      },
      "geometry": {
        "type": "Point",
        "coordinates": [
          29.0129072,
          41.0092148
        ]
      },
      "id": "way/709908145"
    },
    {
      "type": "Feature",
      "properties": {
        "@id": "way/709908151",
        "amenity": "place_of_worship",
        "building": "mosque",
        "name": "İhsaniye Camii",
        "religion": "muslim",
        "wikidata": "Q112678669",
        "wikimedia_commons": "Category:İhsaniye Mosque",
        "@geometry": "center"
      },
      "geometry": {
        "type": "Point",
        "coordinates": [
          29.0134827,
          41.0156853
        ]
      },
      "id": "way/709908151"
    },
    {
      "type": "Feature",
      "properties": {
        "@id": "way/709929379",
        "amenity": "place_of_worship",
        "building": "mosque",
        "name": "Arakiyeci Hacı Caferağa Camii",
        "religion": "muslim",
        "wikidata": "Q127418109",
        "wikimedia_commons": "Category:Arakiyeci Hacı Cafer Çelebi Mosque",
        "@geometry": "center"
      },
      "geometry": {
        "type": "Point",
        "coordinates": [
          29.021994,
          41.0158973
        ]
      },
      "id": "way/709929379"
    },
    {
      "type": "Feature",
      "properties": {
        "@id": "way/710990096",
        "addr:city": "İstanbul",
        "addr:district": "Kadıköy",
        "addr:neighbourhood": "Hasanpaşa Mahallesi",
        "alt_name": "Kaptan Hasan Paşa Camii",
        "amenity": "place_of_worship",
        "building": "mosque",
        "name": "Hasanpaşa Camii",
        "religion": "muslim",
        "wikidata": "Q19611609",
        "wikimedia_commons": "Category:Kaptan Hasan Paşa Mosque",
        "wikipedia": "tr:Kaptan Hasan Paşa Camii",
        "@geometry": "center"
      },
      "geometry": {
        "type": "Point",
        "coordinates": [
          29.0392278,
          40.9948735
        ]
      },
      "id": "way/710990096"
    },
    {
      "type": "Feature",
      "properties": {
        "@id": "way/717160694",
        "building": "yes",
        "historic": "castle",
        "name": "İnegöl Fort",
        "@geometry": "center"
      },
      "geometry": {
        "type": "Point",
        "coordinates": [
          29.2000362,
          41.2118807
        ]
      },
      "id": "way/717160694"
    },
    {
      "type": "Feature",
      "properties": {
        "@id": "way/717554680",
        "amenity": "place_of_worship",
        "building": "yes",
        "name": "Hz. Yuşa Camii",
        "religion": "muslim",
        "wikidata": "Q127418315",
        "@geometry": "center"
      },
      "geometry": {
        "type": "Point",
        "coordinates": [
          29.0846632,
          41.1624042
        ]
      },
      "id": "way/717554680"
    },
    {
      "type": "Feature",
      "properties": {
        "@id": "way/718868411",
        "amenity": "place_of_worship",
        "building": "yes",
        "name": "Canfeda Hatun Camii",
        "religion": "muslim",
        "wikidata": "Q127418174",
        "wikimedia_commons": "Category:Canfeda Hatun Mosque (Beykoz)",
        "@geometry": "center"
      },
      "geometry": {
        "type": "Point",
        "coordinates": [
          29.116503,
          41.1569996
        ]
      },
      "id": "way/718868411"
    },
    {
      "type": "Feature",
      "properties": {
        "@id": "way/721160359",
        "amenity": "place_of_worship",
        "building": "yes",
        "name": "Molla Fenari Camii",
        "religion": "muslim",
        "wikidata": "Q127418438",
        "wikimedia_commons": "Category:Molla Fenari Mosque",
        "@geometry": "center"
      },
      "geometry": {
        "type": "Point",
        "coordinates": [
          29.1290492,
          41.152276
        ]
      },
      "id": "way/721160359"
    },
    {
      "type": "Feature",
      "properties": {
        "@id": "way/722663542",
        "amenity": "place_of_worship",
        "building": "mosque",
        "denomination": "sunni",
        "name": "Bekirli Köyü Camii",
        "religion": "muslim",
        "wikidata": "Q127418142",
        "@geometry": "center"
      },
      "geometry": {
        "type": "Point",
        "coordinates": [
          28.3000214,
          41.2260784
        ]
      },
      "id": "way/722663542"
    },
    {
      "type": "Feature",
      "properties": {
        "@id": "way/722961117",
        "building": "commercial",
        "building:colour": "gray",
        "building:levels": "49",
        "building:material": "concrete",
        "communication:radio": "yes",
        "communication:television": "yes",
        "ele": "218",
        "height": "369",
        "image": "https://photos.app.goo.gl/WtPazkeFDP9j13MA7",
        "man_made": "tower",
        "name": "Çamlıca Televizyon Kulesi",
        "name:de": "Fernsehturm Küçük Çamlıca",
        "name:en": "Camlica TV Tower",
        "name:ru": "ТВ-башня",
        "name:tr": "Çamlıca Televizyon Kulesi",
        "source": "Maxar Premium-Luftbilder (Beta)",
        "start_date": "29.05.2021",
        "tourism": "attraction",
        "tower:construction": "concrete",
        "tower:type": "communication",
        "viewpoint": "yes",
        "wikidata": "Q28657490",
        "wikimedia_commons": "Category:Çamlıca TRT Television Tower",
        "wikipedia": "tr:Küçük Çamlıca Televizyon Kulesi",
        "@geometry": "center"
      },
      "geometry": {
        "type": "Point",
        "coordinates": [
          29.0655409,
          41.0163724
        ]
      },
      "id": "way/722961117"
    },
    {
      "type": "Feature",
      "properties": {
        "@id": "way/725750047",
        "amenity": "place_of_worship",
        "building": "yes",
        "denomination": "armenian_apostolic",
        "name": "Surp Nişan Ermeni Kilisesi",
        "name:en": "Kartal Surp Nişan Armenian Orthodox Church",
        "religion": "christian",
        "wikidata": "Q18713089",
        "wikimedia_commons": "Category:Surp Nişan Armenian Orthodox Church",
        "@geometry": "center"
      },
      "geometry": {
        "type": "Point",
        "coordinates": [
          29.187705,
          40.8900494
        ]
      },
      "id": "way/725750047"
    },
    {
      "type": "Feature",
      "properties": {
        "@id": "way/725800965",
        "amenity": "place_of_worship",
        "building": "mosque",
        "denomination": "sunni",
        "name": "Bulgurlu Bayrampaşa Camii",
        "religion": "muslim",
        "wheelchair": "yes",
        "wikidata": "Q127418156",
        "wikimedia_commons": "Category:Bulgurlu Mescidi",
        "@geometry": "center"
      },
      "geometry": {
        "type": "Point",
        "coordinates": [
          29.0714633,
          41.0186081
        ]
      },
      "id": "way/725800965"
    },
    {
      "type": "Feature",
      "properties": {
        "@id": "way/725801012",
        "amenity": "place_of_worship",
        "building": "mosque",
        "denomination": "sunni",
        "name": "Çilehane Camii",
        "religion": "muslim",
        "wikidata": "Q127418200",
        "wikimedia_commons": "Category:Çilehane Mosque",
        "@geometry": "center"
      },
      "geometry": {
        "type": "Point",
        "coordinates": [
          29.0687534,
          41.0151311
        ]
      },
      "id": "way/725801012"
    },
    {
      "type": "Feature",
      "properties": {
        "@id": "way/725840412",
        "addr:city": "İstanbul",
        "addr:country": "TR",
        "addr:district": "Beykoz",
        "addr:neighbourhood": "İncirköy Mahallesi",
        "addr:postcode": "34800",
        "amenity": "place_of_worship",
        "building": "yes",
        "name": "İncirköy Sinanağa Camii",
        "religion": "muslim",
        "wikidata": "Q127418324",
        "wikimedia_commons": "Category:İncirköy Sinanağa Mosque",
        "@geometry": "center"
      },
      "geometry": {
        "type": "Point",
        "coordinates": [
          29.097319,
          41.1196338
        ]
      },
      "id": "way/725840412"
    },
    {
      "type": "Feature",
      "properties": {
        "@id": "way/727029990",
        "amenity": "place_of_worship",
        "building": "mosque",
        "name": "Maarifi Sultan Camii",
        "religion": "muslim",
        "start_date": "1818",
        "wikidata": "Q2058725",
        "wikipedia": "en:Muhammad Maarifi Mosque",
        "@geometry": "center"
      },
      "geometry": {
        "type": "Point",
        "coordinates": [
          29.1906448,
          40.8883277
        ]
      },
      "id": "way/727029990"
    },
    {
      "type": "Feature",
      "properties": {
        "@id": "way/729833062",
        "amenity": "place_of_worship",
        "building": "mosque",
        "name": "Yakacık Merkez Camii",
        "religion": "muslim",
        "wikidata": "Q127418611",
        "wikimedia_commons": "Category:Yakacık Merkez Mosque",
        "@geometry": "center"
      },
      "geometry": {
        "type": "Point",
        "coordinates": [
          29.2265454,
          40.9188685
        ]
      },
      "id": "way/729833062"
    },
    {
      "type": "Feature",
      "properties": {
        "@id": "way/729921210",
        "addr:city": "İstanbul",
        "addr:district": "Üsküdar",
        "addr:housenumber": "11",
        "addr:neighbourhood": "Ünalan Mahallesi",
        "addr:postcode": "34700",
        "addr:street": "Ünalan Caddesi",
        "building": "yes",
        "name": "Bilim Üsküdar",
        "tourism": "museum",
        "website": "https://www.bilimuskudar.org/",
        "@geometry": "center"
      },
      "geometry": {
        "type": "Point",
        "coordinates": [
          29.0642331,
          40.9974599
        ]
      },
      "id": "way/729921210"
    },
    {
      "type": "Feature",
      "properties": {
        "@id": "way/732639155",
        "addr:city": "İstanbul",
        "addr:country": "TR",
        "addr:district": "Beykoz",
        "addr:neighbourhood": "Merkez Mahallesi",
        "addr:postcode": "34820",
        "amenity": "place_of_worship",
        "building": "yes",
        "denomination": "armenian_apostolic",
        "layer": "1",
        "name": "Surp Nigoğayos Ermeni Kilisesi",
        "religion": "christian",
        "wikidata": "Q20472206",
        "wikimedia_commons": "Category:Beykoz Surp Nigoğayos Kilisesi",
        "wikipedia": "tr:Surp Nigoğayos Ermeni Kilisesi (Beykoz)",
        "@geometry": "center"
      },
      "geometry": {
        "type": "Point",
        "coordinates": [
          29.0961724,
          41.1344739
        ]
      },
      "id": "way/732639155"
    },
    {
      "type": "Feature",
      "properties": {
        "@id": "way/732640366",
        "addr:city": "İstanbul",
        "addr:country": "TR",
        "addr:district": "Beykoz",
        "addr:neighbourhood": "Merkez Mahallesi",
        "addr:postcode": "34820",
        "amenity": "place_of_worship",
        "building": "yes",
        "name": "Meryemzade Mescidi",
        "religion": "muslim",
        "wikidata": "Q127418419",
        "wikimedia_commons": "Category:Meryemzade Mescidi",
        "@geometry": "center"
      },
      "geometry": {
        "type": "Point",
        "coordinates": [
          29.0944442,
          41.1349725
        ]
      },
      "id": "way/732640366"
    },
    {
      "type": "Feature",
      "properties": {
        "@id": "way/733595177",
        "amenity": "place_of_worship",
        "building": "yes",
        "name": "Hacı Alibey Camii",
        "religion": "muslim",
        "wikidata": "Q127418262",
        "wikimedia_commons": "Category:Hacı Alibey Mosque",
        "@geometry": "center"
      },
      "geometry": {
        "type": "Point",
        "coordinates": [
          29.087558,
          41.138867
        ]
      },
      "id": "way/733595177"
    },
    {
      "type": "Feature",
      "properties": {
        "@id": "way/733805502",
        "alt_name": "Ağa Camii",
        "amenity": "place_of_worship",
        "building": "mosque",
        "denomination": "sunni",
        "name": "Malatyalı İsmail Ağa Camii",
        "religion": "muslim",
        "wikidata": "Q6054045",
        "wikimedia_commons": "Category:Malatyalı İsmail Ağa Mosque",
        "wikipedia": "tr:Malatyalı İsmail Ağa Camii",
        "@geometry": "center"
      },
      "geometry": {
        "type": "Point",
        "coordinates": [
          29.0167758,
          41.0186463
        ]
      },
      "id": "way/733805502"
    },
    {
      "type": "Feature",
      "properties": {
        "@id": "way/733805754",
        "amenity": "place_of_worship",
        "building": "mosque",
        "denomination": "sunni",
        "name": "Tavaşi Hasanağa Camii",
        "religion": "muslim",
        "start_date": "1586",
        "wikidata": "Q6069643",
        "wikipedia": "tr:Tavaşi Hasan Ağa Camii",
        "@geometry": "center"
      },
      "geometry": {
        "type": "Point",
        "coordinates": [
          29.0175465,
          41.0179364
        ]
      },
      "id": "way/733805754"
    },
    {
      "type": "Feature",
      "properties": {
        "@id": "way/733806141",
        "amenity": "place_of_worship",
        "building": "mosque",
        "name": "Nalçacı Halil Camii",
        "religion": "muslim",
        "wikidata": "Q6061020",
        "wikimedia_commons": "Category:Nalçacı Halil Mosque",
        "wikipedia": "tr:Nalçacı Halil Camii",
        "@geometry": "center"
      },
      "geometry": {
        "type": "Point",
        "coordinates": [
          29.0199113,
          41.0164894
        ]
      },
      "id": "way/733806141"
    },
    {
      "type": "Feature",
      "properties": {
        "@id": "way/733808416",
        "amenity": "place_of_worship",
        "building": "mosque",
        "denomination": "sunni",
        "name": "Çakırcı Hasan Paşa Camii",
        "religion": "muslim",
        "wheelchair": "yes",
        "wikidata": "Q127418188",
        "wikimedia_commons": "Category:Çakırcı Hasan Pasha Mosque",
        "@geometry": "center"
      },
      "geometry": {
        "type": "Point",
        "coordinates": [
          29.0120769,
          41.019198
        ]
      },
      "id": "way/733808416"
    },
    {
      "type": "Feature",
      "properties": {
        "@id": "way/733808427",
        "amenity": "place_of_worship",
        "building": "mosque",
        "name": "Ahmet Çelebi Camii",
        "religion": "muslim",
        "wikidata": "Q6047829",
        "wikimedia_commons": "Category:Ahmet Çelebi Mosque",
        "wikipedia": "tr:Ahmed Çelebi Camii",
        "@geometry": "center"
      },
      "geometry": {
        "type": "Point",
        "coordinates": [
          29.0134924,
          41.02172
        ]
      },
      "id": "way/733808427"
    },
    {
      "type": "Feature",
      "properties": {
        "@id": "way/733808431",
        "addr:city": "İstanbul",
        "addr:district": "Üsküdar",
        "addr:housenumber": "1",
        "addr:neighbourhood": "Aziz Mahmut Hüdayi Mahallesi",
        "addr:postcode": "34672",
        "addr:street": "Aziz Mahmut Efendi Sokağı",
        "alt_name": "Aziz Mahmud Hüdayi Camii",
        "amenity": "place_of_worship",
        "building": "mosque",
        "denomination": "sunni",
        "name": "Aziz Mahmut Hüdayi Camii",
        "name:ru": "Мечеть Азиза Махмуда Хюдаий",
        "religion": "muslim",
        "wheelchair": "no",
        "wikidata": "Q20471234",
        "wikimedia_commons": "Category:Aziz Mahmud Hüdayi Mosque",
        "wikipedia": "tr:Aziz Mahmud Hüdayi Camii",
        "@geometry": "center"
      },
      "geometry": {
        "type": "Point",
        "coordinates": [
          29.0142656,
          41.0222637
        ]
      },
      "id": "way/733808431"
    },
    {
      "type": "Feature",
      "properties": {
        "@id": "way/733809339",
        "amenity": "place_of_worship",
        "building": "mosque",
        "denomination": "sunni",
        "name": "Geredeli Çelebi Camii",
        "religion": "muslim",
        "wikidata": "Q127418254",
        "wikimedia_commons": "Category:Geredeli Çelebi Mosque",
        "@geometry": "center"
      },
      "geometry": {
        "type": "Point",
        "coordinates": [
          29.0146125,
          41.024318
        ]
      },
      "id": "way/733809339"
    },
    {
      "type": "Feature",
      "properties": {
        "@id": "way/733809340",
        "amenity": "place_of_worship",
        "building": "mosque",
        "name": "Kaptanpaşa Camii",
        "religion": "muslim",
        "wikidata": "Q127418342",
        "wikimedia_commons": "Category:Kaptan Pasha Mosque (Üsküdar)",
        "@geometry": "center"
      },
      "geometry": {
        "type": "Point",
        "coordinates": [
          29.0124729,
          41.0228187
        ]
      },
      "id": "way/733809340"
    },
    {
      "type": "Feature",
      "properties": {
        "@id": "way/733820205",
        "amenity": "place_of_worship",
        "building": "mosque",
        "name": "Pazarbaşı Camii",
        "religion": "muslim",
        "wikidata": "Q127418484",
        "@geometry": "center"
      },
      "geometry": {
        "type": "Point",
        "coordinates": [
          29.0290551,
          41.0178483
        ]
      },
      "id": "way/733820205"
    },
    {
      "type": "Feature",
      "properties": {
        "@id": "way/733841841",
        "amenity": "place_of_worship",
        "building": "mosque",
        "name": "Karakadı Alaattin Camii",
        "religion": "muslim",
        "wikidata": "Q126453770",
        "wikimedia_commons": "Category:Karakadı Alaaddin Mosque",
        "wikipedia": "tr:Çingene Fırını Camii",
        "@geometry": "center"
      },
      "geometry": {
        "type": "Point",
        "coordinates": [
          29.0184148,
          41.0240646
        ]
      },
      "id": "way/733841841"
    },
    {
      "type": "Feature",
      "properties": {
        "@id": "way/733841842",
        "amenity": "place_of_worship",
        "building": "mosque",
        "name": "Toygar Hamza Çelebi Camii",
        "religion": "muslim",
        "wikidata": "Q127418590",
        "wikimedia_commons": "Category:Toygar Hamza Çelebi Mosque",
        "@geometry": "center"
      },
      "geometry": {
        "type": "Point",
        "coordinates": [
          29.0202732,
          41.0237348
        ]
      },
      "id": "way/733841842"
    },
    {
      "type": "Feature",
      "properties": {
        "@id": "way/733853896",
        "amenity": "place_of_worship",
        "building": "mosque",
        "name": "Solak Sinan Camii",
        "religion": "muslim",
        "wikidata": "Q127418537",
        "wikimedia_commons": "Category:Solak Sinan Mosque",
        "@geometry": "center"
      },
      "geometry": {
        "type": "Point",
        "coordinates": [
          29.0222104,
          41.0237374
        ]
      },
      "id": "way/733853896"
    },
    {
      "type": "Feature",
      "properties": {
        "@id": "way/733853905",
        "amenity": "place_of_worship",
        "building": "mosque",
        "denomination": "sunni",
        "name": "Fevziyehatun Camii",
        "religion": "muslim",
        "wikidata": "Q127418159",
        "wikimedia_commons": "Category:Bülbüldere Fevziye Hatun Mosque",
        "@geometry": "center"
      },
      "geometry": {
        "type": "Point",
        "coordinates": [
          29.022918,
          41.0263353
        ]
      },
      "id": "way/733853905"
    },
    {
      "type": "Feature",
      "properties": {
        "@id": "way/734447987",
        "amenity": "place_of_worship",
        "building": "yes",
        "name": "Yalıköy Serbostani Mustafa Ağa Camii",
        "religion": "muslim",
        "wikidata": "Q127418614",
        "wikimedia_commons": "Category:Yalıköy Serbostani Mustafa Ağa Camii",
        "@geometry": "center"
      },
      "geometry": {
        "type": "Point",
        "coordinates": [
          29.0857605,
          41.1377796
        ]
      },
      "id": "way/734447987"
    },
    {
      "type": "Feature",
      "properties": {
        "@id": "way/734552094",
        "amenity": "place_of_worship",
        "building": "mosque",
        "name": "Hacı Hesna Hatun Camii",
        "religion": "muslim",
        "wikidata": "Q6059840",
        "wikimedia_commons": "Category:Hacı Hüsna Hatun Mosque",
        "wikipedia": "tr:Hacı Hesna Hatun Camii",
        "@geometry": "center"
      },
      "geometry": {
        "type": "Point",
        "coordinates": [
          29.0191115,
          41.0278734
        ]
      },
      "id": "way/734552094"
    },
    {
      "type": "Feature",
      "properties": {
        "@id": "way/734552095",
        "amenity": "place_of_worship",
        "building": "mosque",
        "name": "Muhasebeci Abdi Efendi Camii",
        "religion": "muslim",
        "wikidata": "Q127418445",
        "@geometry": "center"
      },
      "geometry": {
        "type": "Point",
        "coordinates": [
          29.0173333,
          41.0260284
        ]
      },
      "id": "way/734552095"
    },
    {
      "type": "Feature",
      "properties": {
        "@id": "way/737202174",
        "addr:city": "İstanbul",
        "addr:district": "Fatih",
        "addr:street": "Kennedy Caddesi",
        "amenity": "place_of_worship",
        "building": "mosque",
        "name": "Tıbbiye Camii",
        "religion": "muslim",
        "wikidata": "Q127418585",
        "@geometry": "center"
      },
      "geometry": {
        "type": "Point",
        "coordinates": [
          28.9834607,
          41.0156602
        ]
      },
      "id": "way/737202174"
    },
    {
      "type": "Feature",
      "properties": {
        "@id": "way/738177370",
        "building": "yes",
        "name:en": "Heritage Museum",
        "tourism": "museum",
        "@geometry": "center"
      },
      "geometry": {
        "type": "Point",
        "coordinates": [
          29.0528883,
          41.0843675
        ]
      },
      "id": "way/738177370"
    },
    {
      "type": "Feature",
      "properties": {
        "@id": "way/738210620",
        "amenity": "place_of_worship",
        "building": "mosque",
        "name": "Şah Sultan Camii",
        "religion": "muslim",
        "wikidata": "Q6031340",
        "wikimedia_commons": "Category:Şah Sultan Mosque",
        "wikipedia": "tr:Şah Sultan Camii (Eyüpsultan)",
        "@geometry": "center"
      },
      "geometry": {
        "type": "Point",
        "coordinates": [
          28.9359076,
          41.0534464
        ]
      },
      "id": "way/738210620"
    },
    {
      "type": "Feature",
      "properties": {
        "@id": "way/740107550",
        "amenity": "place_of_worship",
        "building": "mosque",
        "name": "Boğazköy Camii",
        "religion": "muslim",
        "wikidata": "Q132134466",
        "wikipedia": "tr:Arnavutköy Boğazköy Camii",
        "@geometry": "center"
      },
      "geometry": {
        "type": "Point",
        "coordinates": [
          28.7720325,
          41.1807148
        ]
      },
      "id": "way/740107550"
    },
    {
      "type": "Feature",
      "properties": {
        "@id": "way/741828049",
        "amenity": "place_of_worship",
        "building": "yes",
        "name": "Kartal Baba Camii",
        "religion": "muslim",
        "wikidata": "Q127418353",
        "@geometry": "center"
      },
      "geometry": {
        "type": "Point",
        "coordinates": [
          29.0290679,
          41.0160238
        ]
      },
      "id": "way/741828049"
    },
    {
      "type": "Feature",
      "properties": {
        "@id": "way/741851828",
        "amenity": "place_of_worship",
        "building": "yes",
        "name": "Fenai Ali Efendi Camii",
        "religion": "muslim",
        "wikidata": "Q127418244",
        "wikimedia_commons": "Category:Fenai Ali Efendi Mosque",
        "wikipedia": "tr:Fenai Ali Efendi Camii",
        "@geometry": "center"
      },
      "geometry": {
        "type": "Point",
        "coordinates": [
          29.0279005,
          41.0176192
        ]
      },
      "id": "way/741851828"
    },
    {
      "type": "Feature",
      "properties": {
        "@id": "way/746788646",
        "addr:city": "İstanbul",
        "addr:district": "Beşiktaş",
        "addr:neighbourhood": "Bebek Mahallesi",
        "addr:postcode": "34342",
        "building": "yes",
        "name": "Aşiyan Müzesi",
        "name:ar": "متحف آشيان",
        "name:en": "Aşiyan Museum",
        "name:ru": "Музей Ашиян",
        "name:ur": "آشیان عجائب گھر",
        "tourism": "museum",
        "wikidata": "Q4833521",
        "wikimedia_commons": "File:Asiyan Museum 2.JPG",
        "wikipedia": "en:Aşiyan Museum",
        "@geometry": "center"
      },
      "geometry": {
        "type": "Point",
        "coordinates": [
          29.0534519,
          41.0826576
        ]
      },
      "id": "way/746788646"
    },
    {
      "type": "Feature",
      "properties": {
        "@id": "way/753070852",
        "amenity": "place_of_worship",
        "building": "mosque",
        "denomination": "sunni",
        "historic:usage": "church",
        "name": "Seymen Eski Camii",
        "religion": "muslim",
        "was:religion": "christian",
        "wikidata": "Q132134494",
        "@geometry": "center"
      },
      "geometry": {
        "type": "Point",
        "coordinates": [
          28.1709053,
          41.1566673
        ]
      },
      "id": "way/753070852"
    },
    {
      "type": "Feature",
      "properties": {
        "@id": "way/766654075",
        "addr:city": "İstanbul",
        "addr:district": "Sarıyer",
        "addr:postcode": "34467",
        "alt_name": "İTÜ Camii",
        "alt_name:en": "ITU Mosque",
        "amenity": "place_of_worship",
        "building": "mosque",
        "name": "Abdülhakim Sancak Camii",
        "name:en": "Abdulhakim Sanjak Mosque",
        "religion": "muslim",
        "wikidata": "Q132745503",
        "wikimedia_commons": "Category:Abdulhakim Sanjak Mosque",
        "wikipedia": "tr:Abdülhakim Sancak Camii",
        "@geometry": "center"
      },
      "geometry": {
        "type": "Point",
        "coordinates": [
          29.0306206,
          41.1063085
        ]
      },
      "id": "way/766654075"
    },
    {
      "type": "Feature",
      "properties": {
        "@id": "node/768706518",
        "addr:city": "İstanbul",
        "addr:housenumber": "61",
        "addr:postcode": "34420",
        "addr:street": "Büyük Hendek Caddesi",
        "amenity": "place_of_worship",
        "name": "Neve Şalom Sinagogu",
        "name:ar": "نيفي شالوم سيناكوكو",
        "name:de": "Neve-Schalom-Synagoge",
        "name:en": "Neve Shalom Synagogue",
        "name:pl": "Synagoga Neve Shalom",
        "opening_hours": "Mo-Th 10:00-16:00; Fr 10:00-13:00; Su 10:00-14:00",
        "phone": "+90 212 244 1576",
        "religion": "jewish",
        "website": "https://www.nevesalom.org/",
        "wheelchair": "no",
        "wikidata": "Q747244",
        "wikimedia_commons": "Category:Neve Şalom Sinagogu (İstanbul)",
        "wikipedia": "tr:Neve Şalom Sinagogu"
      },
      "geometry": {
        "type": "Point",
        "coordinates": [
          28.9724737,
          41.0266963
        ]
      },
      "id": "node/768706518"
    },
    {
      "type": "Feature",
      "properties": {
        "@id": "way/778531524",
        "building": "yes",
        "tourism": "museum",
        "@geometry": "center"
      },
      "geometry": {
        "type": "Point",
        "coordinates": [
          28.8261944,
          40.9639344
        ]
      },
      "id": "way/778531524"
    },
    {
      "type": "Feature",
      "properties": {
        "@id": "way/808535276",
        "building": "yes",
        "name": "Demokrasi ve Özgürlük Müzesi",
        "tourism": "museum",
        "@geometry": "center"
      },
      "geometry": {
        "type": "Point",
        "coordinates": [
          28.9932236,
          40.8650346
        ]
      },
      "id": "way/808535276"
    },
    {
      "type": "Feature",
      "properties": {
        "@id": "way/815893478",
        "amenity": "place_of_worship",
        "building": "mosque",
        "denomination": "sunni",
        "name": "Emirgan Hamid-i Evvel Camii",
        "religion": "muslim",
        "wikidata": "Q6063292",
        "wikimedia_commons": "Category:Emirgan Hamid-i Evvel Camii",
        "wikipedia": "tr:Emirgan Hamid-i Evvel Camii",
        "@geometry": "center"
      },
      "geometry": {
        "type": "Point",
        "coordinates": [
          29.0562636,
          41.1045489
        ]
      },
      "id": "way/815893478"
    },
    {
      "type": "Feature",
      "properties": {
        "@id": "way/836676034",
        "addr:city": "İstanbul",
        "addr:district": "Kadıköy",
        "addr:neighbourhood": "Acıbadem Mahallesi",
        "addr:postcode": "34718",
        "addr:street": "Tekin Sokağı",
        "building": "yes",
        "historic": "building",
        "name": "Dağıstanlı İsa Ruhi Paşa Köşkü",
        "website": "https://kulturenvanteri.com/en/yer/dagistanli-isa-ruhi-pasa-kosku/",
        "wikidata": "Q132082279",
        "wikimedia_commons": "Category:Dağıstanlı İsa Ruhi Paşa Köşkü",
        "@geometry": "center"
      },
      "geometry": {
        "type": "Point",
        "coordinates": [
          29.0425635,
          41.0088301
        ]
      },
      "id": "way/836676034"
    },
    {
      "type": "Feature",
      "properties": {
        "@id": "way/846897431",
        "alt_name": "Ağaçlı bahçe;Çiçekli bahçe;Dinlenme yeri",
        "image": "https://esenler.bel.tr/wp-content/uploads/2021/11/15-temmuz-millet-bahcesi-led-boyutu-960x720.jpg",
        "leisure": "park",
        "name": "15 Temmuz Millet Bahçesi",
        "operator": "Esenler Belediyesi",
        "website": "https://esenler.bel.tr/hizmetlerimiz/tesislerimiz/15-temmuz-millet-bahcesi/",
        "wikidata": "Q109389737",
        "wikimedia_commons": "Category:15 Temmuz Millet Bahçesi, Esenler",
        "wikipedia": "tr:15 Temmuz Millet Bahçesi",
        "@geometry": "center"
      },
      "geometry": {
        "type": "Point",
        "coordinates": [
          28.879615,
          41.0595347
        ]
      },
      "id": "way/846897431"
    },
    {
      "type": "Feature",
      "properties": {
        "@id": "way/857878120",
        "archaeological_site": "tumulus",
        "historic": "archaeological_site",
        "name": "Seymen Tümülüsü",
        "@geometry": "center"
      },
      "geometry": {
        "type": "Point",
        "coordinates": [
          28.1525751,
          41.1515783
        ]
      },
      "id": "way/857878120"
    },
    {
      "type": "Feature",
      "properties": {
        "@id": "way/865322627",
        "alt_name": "Camii;Cami;İbadethane;Mescit",
        "amenity": "place_of_worship",
        "architect": "Şefik Birkiye;Selim Dalaman",
        "building": "mosque",
        "capacity": "960",
        "denomination": "sunni",
        "image": "https://photos.app.goo.gl/JYAVbHp2HRyP4FgY9",
        "name": "Taksim Camii",
        "name:ar": "مسجد تقسيم",
        "name:de": "Taksim-Moschee",
        "name:fa": "مسجد تقسيم",
        "name:hi": "तकसीम मस्जिद",
        "name:ml": "തക്സിം മസ്ജിദ്",
        "name:tr": "Taksim Camii",
        "religion": "muslim",
        "source": "Maxar Premium-Luftbilder (Beta)",
        "start_date": "28.05.2021",
        "wikidata": "Q31190329",
        "wikimedia_commons": "Category:Taksim Mosque",
        "wikipedia": "tr:Taksim Camii",
        "@geometry": "center"
      },
      "geometry": {
        "type": "Point",
        "coordinates": [
          28.9840061,
          41.0369347
        ]
      },
      "id": "way/865322627"
    },
    {
      "type": "Feature",
      "properties": {
        "@id": "way/875085928",
        "amenity": "place_of_worship",
        "building": "mosque",
        "name": "İkbaliye Camii",
        "religion": "muslim",
        "wikidata": "Q127418318",
        "@geometry": "center"
      },
      "geometry": {
        "type": "Point",
        "coordinates": [
          29.0405912,
          40.9982584
        ]
      },
      "id": "way/875085928"
    },
    {
      "type": "Feature",
      "properties": {
        "@id": "way/878610649",
        "dog": "leashed",
        "leisure": "park",
        "name": "Çengelköy Havuzbaşı Parkı",
        "wikidata": "Q133822747",
        "wikimedia_commons": "Category:Havuzbaşı Parkı",
        "@geometry": "center"
      },
      "geometry": {
        "type": "Point",
        "coordinates": [
          29.0537615,
          41.0467091
        ]
      },
      "id": "way/878610649"
    },
    {
      "type": "Feature",
      "properties": {
        "@id": "way/880807812",
        "addr:city": "İstanbul",
        "addr:district": "Kadiköy",
        "addr:neighbourhood": "Hasanpaşa Mahallesi",
        "building": "industrial",
        "building:material": "plaster",
        "check_date": "2024-09-22",
        "museum": "science",
        "name": "İklim Müzesi",
        "name:en": "Climate Museum",
        "opening_hours": "Mo-Fr 09:00-18:00; Sa-Su 10:00-18:00",
        "roof:shape": "gabled",
        "tourism": "museum",
        "website": "https://muzegazhane.istanbul/mekanlar/iklim-muzesi/",
        "wheelchair": "limited",
        "@geometry": "center"
      },
      "geometry": {
        "type": "Point",
        "coordinates": [
          29.0418136,
          40.9963286
        ]
      },
      "id": "way/880807812"
    },
    {
      "type": "Feature",
      "properties": {
        "@id": "way/881000985",
        "addr:housenumber": "55",
        "addr:street": "Çankaya Caddesi",
        "building": "ruins",
        "name": "Trotsky House",
        "name:en": "Trotsky House",
        "name:ru": "Дом Троцкого",
        "name:uk": "Дім Троцького",
        "tourism": "attraction",
        "wikidata": "Q128799467",
        "wikimedia_commons": "Category:Trotsky's House in Büyükada",
        "@geometry": "center"
      },
      "geometry": {
        "type": "Point",
        "coordinates": [
          29.1164854,
          40.8702316
        ]
      },
      "id": "way/881000985"
    },
    {
      "type": "Feature",
      "properties": {
        "@id": "way/882196032",
        "amenity": "place_of_worship",
        "building": "mosque",
        "denomination": "sunni",
        "name": "Feridun Paşa Camii",
        "religion": "muslim",
        "wikidata": "Q112845236",
        "wikimedia_commons": "Category:Feridun Paşa Mosque",
        "wikipedia": "tr:Feridun Paşa Camii",
        "@geometry": "center"
      },
      "geometry": {
        "type": "Point",
        "coordinates": [
          29.0332444,
          41.0055202
        ]
      },
      "id": "way/882196032"
    },
    {
      "type": "Feature",
      "properties": {
        "@id": "way/882200685",
        "historic": "archaeological_site",
        "name": "Khalkenon Limanı",
        "@geometry": "center"
      },
      "geometry": {
        "type": "Point",
        "coordinates": [
          29.0227343,
          40.9980611
        ]
      },
      "id": "way/882200685"
    },
    {
      "type": "Feature",
      "properties": {
        "@id": "way/882890368",
        "historic": "archaeological_site",
        "@geometry": "center"
      },
      "geometry": {
        "type": "Point",
        "coordinates": [
          29.0317265,
          40.997935
        ]
      },
      "id": "way/882890368"
    },
    {
      "type": "Feature",
      "properties": {
        "@id": "way/883967369",
        "leisure": "park",
        "name": "Mihrabat Korusu",
        "wikidata": "Q24884410",
        "wikimedia_commons": "Category:Mihrabat Nature Park",
        "wikipedia": "tr:Mihrabat Tabiat Parkı",
        "@geometry": "center"
      },
      "geometry": {
        "type": "Point",
        "coordinates": [
          29.073408,
          41.0950547
        ]
      },
      "id": "way/883967369"
    },
    {
      "type": "Feature",
      "properties": {
        "@id": "way/884165212",
        "alt_name": "Yusuf Ziya Paşa Yalısı",
        "building": "yes",
        "building:levels": "9",
        "name": "Perili Köşk",
        "name:tr": "Perili Köşk",
        "source": "Maxar Premium-Luftbilder (Beta)",
        "tourism": "attraction",
        "wikidata": "Q12811372",
        "wikimedia_commons": "Category:Yusuf Ziya Pasha Mansion",
        "wikipedia": "tr:Perili Köşk (İstanbul)",
        "@geometry": "center"
      },
      "geometry": {
        "type": "Point",
        "coordinates": [
          29.0565643,
          41.0890732
        ]
      },
      "id": "way/884165212"
    },
    {
      "type": "Feature",
      "properties": {
        "@id": "way/884689846",
        "building": "yes",
        "building:levels": "1",
        "fountain": "stone_block",
        "historic": "building",
        "name": "Baba-Oğul Çeşmesi",
        "wikidata": "Q112845065",
        "wikimedia_commons": "Category:Baba-Oğul Fountain",
        "wikipedia": "tr:Baba-Oğul Çeşmesi",
        "@geometry": "center"
      },
      "geometry": {
        "type": "Point",
        "coordinates": [
          29.0403952,
          41.0013689
        ]
      },
      "id": "way/884689846"
    },
    {
      "type": "Feature",
      "properties": {
        "@id": "way/886032539",
        "name": "Topkapı Kaleiçi Meydanı",
        "place": "square",
        "wikidata": "Q134283245",
        "wikimedia_commons": "Category:Topkapı Kaleiçi Square",
        "wikipedia": "tr:Topkapı Kaleiçi Meydanı",
        "@geometry": "center"
      },
      "geometry": {
        "type": "Point",
        "coordinates": [
          28.9271528,
          41.0211049
        ]
      },
      "id": "way/886032539"
    },
    {
      "type": "Feature",
      "properties": {
        "@id": "way/886446242",
        "amenity": "place_of_worship",
        "building": "mosque",
        "denomination": "sunni",
        "name": "Akören Köyü Camii",
        "religion": "muslim",
        "wikidata": "Q127418179",
        "@geometry": "center"
      },
      "geometry": {
        "type": "Point",
        "coordinates": [
          28.3391391,
          41.1974441
        ]
      },
      "id": "way/886446242"
    },
    {
      "type": "Feature",
      "properties": {
        "@id": "way/886446249",
        "amenity": "place_of_worship",
        "building": "mosque",
        "denomination": "sunni",
        "name": "İnceğiz Köyü Camii",
        "religion": "muslim",
        "wikidata": "Q127418323",
        "@geometry": "center"
      },
      "geometry": {
        "type": "Point",
        "coordinates": [
          28.403621,
          41.1857699
        ]
      },
      "id": "way/886446249"
    },
    {
      "type": "Feature",
      "properties": {
        "@id": "way/893930323",
        "leisure": "park",
        "name": "Tophane Parkı",
        "name:fa": "پارک توپ‌خانه",
        "wikidata": "Q49571240",
        "wikimedia_commons": "Category:Tophane Park",
        "wikipedia": "en:Tophane Park",
        "@geometry": "center"
      },
      "geometry": {
        "type": "Point",
        "coordinates": [
          28.9819557,
          41.0269742
        ]
      },
      "id": "way/893930323"
    },
    {
      "type": "Feature",
      "properties": {
        "@id": "way/894905719",
        "amenity": "place_of_worship",
        "building": "mosque",
        "name": "Kanlıca Camii",
        "religion": "muslim",
        "wikidata": "Q6104328",
        "wikimedia_commons": "Category:İskender Pasha Mosque (Kanlıca)",
        "wikipedia": "en:İskender Pasha Mosque, Kanlıca",
        "@geometry": "center"
      },
      "geometry": {
        "type": "Point",
        "coordinates": [
          29.0659665,
          41.0999537
        ]
      },
      "id": "way/894905719"
    },
    {
      "type": "Feature",
      "properties": {
        "@id": "way/895150392",
        "access": "private",
        "building": "yes",
        "castle_type": "fortress",
        "historic": "castle",
        "name": "Çırağan Sarayı Geçidi",
        "wikidata": "Q122987748",
        "wikimedia_commons": "Category:Çırağan Sarayı Geçidi",
        "@geometry": "center"
      },
      "geometry": {
        "type": "Point",
        "coordinates": [
          29.0151496,
          41.0442707
        ]
      },
      "id": "way/895150392"
    },
    {
      "type": "Feature",
      "properties": {
        "@id": "way/896788949",
        "amenity": "place_of_worship",
        "building": "yes",
        "name": "Kumköy Camii",
        "religion": "muslim",
        "wikidata": "Q127418390",
        "@geometry": "center"
      },
      "geometry": {
        "type": "Point",
        "coordinates": [
          29.0366921,
          41.2488679
        ]
      },
      "id": "way/896788949"
    },
    {
      "type": "Feature",
      "properties": {
        "@id": "way/907144531",
        "building": "yes",
        "historic": "ruins",
        "name": "Gümüşdere Rum Kilisesi",
        "@geometry": "center"
      },
      "geometry": {
        "type": "Point",
        "coordinates": [
          28.985741,
          41.2354386
        ]
      },
      "id": "way/907144531"
    },
    {
      "type": "Feature",
      "properties": {
        "@id": "way/908038645",
        "building": "industrial",
        "building:material": "weathering_steel",
        "historic": "building",
        "name": "Dolmabahçe Gazhanesi",
        "wikidata": "Q6020236",
        "wikipedia": "tr:Dolmabahçe Gazhanesi",
        "@geometry": "center"
      },
      "geometry": {
        "type": "Point",
        "coordinates": [
          28.9939247,
          41.0423198
        ]
      },
      "id": "way/908038645"
    },
    {
      "type": "Feature",
      "properties": {
        "@id": "way/914394417",
        "building": "yes",
        "building:levels": "1",
        "fee": "yes",
        "level": "0",
        "museum": "art",
        "name": "Dolmabahçe Sarayı İç Hazine Dairesi",
        "name:en": "Clock Museum",
        "name:ru": "Музей часов",
        "tourism": "museum",
        "@geometry": "center"
      },
      "geometry": {
        "type": "Point",
        "coordinates": [
          29.0004493,
          41.0404788
        ]
      },
      "id": "way/914394417"
    },
    {
      "type": "Feature",
      "properties": {
        "@id": "way/915140738",
        "addr:city": "İstanbul",
        "addr:district": "Üsküdar",
        "addr:neighbourhood": "Altunizade Mahallesi",
        "addr:postcode": "34662",
        "building": "yes",
        "historic": "building",
        "name": "Sultan Abdülaziz Av Köşkü",
        "name:en": "Hunting Pavilion of Sultan Abdülaziz",
        "website": "https://www.tarihi.ist/sultan-abdulaziz-av-kosku-ve-izci-evi-muzesi/",
        "wikidata": "Q123420731",
        "wikimedia_commons": "Category:Hunting Pavilion of Sultan Abdülaziz",
        "wikipedia": "tr:Abdülaziz Av Köşkü (İstanbul)",
        "@geometry": "center"
      },
      "geometry": {
        "type": "Point",
        "coordinates": [
          29.0443495,
          41.0169607
        ]
      },
      "id": "way/915140738"
    },
    {
      "type": "Feature",
      "properties": {
        "@id": "way/916323320",
        "historic": "ruins",
        "historic:civilization": "modern",
        "name": "Korugan",
        "ruins": "bunker",
        "wikidata": "Q6098756",
        "wikipedia": "tr:Çakmak Hattı",
        "@geometry": "center"
      },
      "geometry": {
        "type": "Point",
        "coordinates": [
          28.5516443,
          41.1082179
        ]
      },
      "id": "way/916323320"
    },
    {
      "type": "Feature",
      "properties": {
        "@id": "way/916325547",
        "building": "yes",
        "historic": "ruins",
        "historic:civilization": "modern",
        "name": "Korugan",
        "ruins": "bunker",
        "wikidata": "Q6098756",
        "wikipedia": "tr:Çakmak Hattı",
        "@geometry": "center"
      },
      "geometry": {
        "type": "Point",
        "coordinates": [
          28.551942,
          41.1083089
        ]
      },
      "id": "way/916325547"
    },
    {
      "type": "Feature",
      "properties": {
        "@id": "way/917106133",
        "addr:city": "İstanbul",
        "addr:district": "Kadıköy",
        "addr:neighbourhood": "Osmanağa Mahallesi",
        "addr:postcode": "34714",
        "addr:street": "Serasker Caddesi",
        "building": "yes",
        "historic": "fountain",
        "name": "Hasan Rıza Paşa Çeşmesi",
        "wikidata": "Q105758760",
        "wikimedia_commons": "Category:Hasan Rıza Pasha Fountain (Osmanağa)",
        "wikipedia": "tr:Hasan Rıza Paşa Çeşmesi (Osmanağa)",
        "@geometry": "center"
      },
      "geometry": {
        "type": "Point",
        "coordinates": [
          29.0278474,
          40.9895408
        ]
      },
      "id": "way/917106133"
    },
    {
      "type": "Feature",
      "properties": {
        "@id": "way/917871401",
        "historic": "archaeological_site",
        "@geometry": "center"
      },
      "geometry": {
        "type": "Point",
        "coordinates": [
          28.7855642,
          41.0288108
        ]
      },
      "id": "way/917871401"
    },
    {
      "type": "Feature",
      "properties": {
        "@id": "way/928019621",
        "alt_name": "Selman Ağa Camii",
        "amenity": "place_of_worship",
        "building": "mosque",
        "denomination": "sunni",
        "name": "Selmanağa Camii",
        "name:en": "Selman Ağa Mosque",
        "name:ru": "Мечеть Сельман-ага",
        "religion": "muslim",
        "wheelchair": "limited",
        "wikidata": "Q6056669",
        "wikimedia_commons": "Category:Selman Ağa Mosque",
        "wikipedia": "tr:Selman Ağa Camii",
        "@geometry": "center"
      },
      "geometry": {
        "type": "Point",
        "coordinates": [
          29.0159405,
          41.0256233
        ]
      },
      "id": "way/928019621"
    },
    {
      "type": "Feature",
      "properties": {
        "@id": "way/936361269",
        "amenity": "place_of_worship",
        "building": "mosque",
        "name": "Şehitlik Camii",
        "note": "Cami, Karacaahmet Mezarlığı içinde 5 ve 2 No’lu adaların arasındadır. Sultan Mehmed Reşad’ın bir tuğrası ve 1336 (1917-18) tarihi yazılı bir madalyon vardır. Minaresi yoktur. Cami, tamamen harap bir haldeyken 1984 tarihinde aslına sadık kalınarak bugünkü",
        "religion": "muslim",
        "start_date": "1917",
        "wikidata": "Q127418551",
        "wikimedia_commons": "Category:Şehitlik Mosque (Üsküdar)",
        "@geometry": "center"
      },
      "geometry": {
        "type": "Point",
        "coordinates": [
          29.0254829,
          41.0107942
        ]
      },
      "id": "way/936361269"
    },
    {
      "type": "Feature",
      "properties": {
        "@id": "way/936646276",
        "addr:neighbourhood": "İnadiye Camii Sokağı",
        "amenity": "place_of_worship",
        "building": "mosque",
        "name": "Aşçıbaşı Camii",
        "name:en": "Aşçıbaşı Mosque",
        "name:tr": "Aşçıbaşı Camii",
        "religion": "muslim",
        "source": "https://www.uskudar.bel.tr/tr/main/erehber/camiler/8/ascibasi-camii/22",
        "wikidata": "Q6053967",
        "wikimedia_commons": "Category:Aşçıbaşı Mosque",
        "wikipedia": "tr:Aşçıbaşı Camii",
        "@geometry": "center"
      },
      "geometry": {
        "type": "Point",
        "coordinates": [
          29.0206568,
          41.0137574
        ]
      },
      "id": "way/936646276"
    },
    {
      "type": "Feature",
      "properties": {
        "@id": "way/963913184",
        "barrier": "city_wall",
        "historic": "citywalls",
        "man_made": "city_wall",
        "material": "limestone",
        "name": "İstanbul Surları",
        "name:de": "Theodosianische Landmauer",
        "name:en": "Theodosian Wall",
        "name:uk": "Феодосієви стіни",
        "wikidata": "Q89917",
        "wikipedia": "en:Walls of Constantinople",
        "@geometry": "center"
      },
      "geometry": {
        "type": "Point",
        "coordinates": [
          28.9232423,
          41.0166421
        ]
      },
      "id": "way/963913184"
    },
    {
      "type": "Feature",
      "properties": {
        "@id": "way/967925534",
        "addr:city": "İstanbul",
        "addr:district": "Fatih",
        "addr:street": "Ragıp Gümüşpala Caddesi",
        "amenity": "place_of_worship",
        "building": "yes",
        "name": "Süleyman Subaşı Camii",
        "name:el": "Τζαμί Σουλεϊμάν Σούμπασι",
        "name:en": "Suleyman Subasi Mosque",
        "religion": "muslim",
        "wikidata": "Q127418544",
        "wikimedia_commons": "Category:Süleyman Şubaşı Mosque",
        "@geometry": "center"
      },
      "geometry": {
        "type": "Point",
        "coordinates": [
          28.9630456,
          41.0216707
        ]
      },
      "id": "way/967925534"
    },
    {
      "type": "Feature",
      "properties": {
        "@id": "way/969327995",
        "building": "yes",
        "historic": "building",
        "image": "https://photos.app.goo.gl/3pQECiL795ZaNTH4A",
        "name": "Revan Köşkü",
        "name:en": "Yerevan Kiosk",
        "name:ru": "Ереванский павильон",
        "roof:colour": "#cbd1cd",
        "wikidata": "Q6040439",
        "wikimedia_commons": "Category:Revan Kiosk",
        "wikipedia": "tr:Revan Köşkü",
        "@geometry": "center"
      },
      "geometry": {
        "type": "Point",
        "coordinates": [
          28.984608,
          41.0138271
        ]
      },
      "id": "way/969327995"
    },
    {
      "type": "Feature",
      "properties": {
        "@id": "way/969480621",
        "bridge": "aqueduct",
        "historic": "aqueduct",
        "historic:civilization": "ottoman",
        "name": "Mazul Kemer",
        "wikidata": "Q6001188",
        "wikipedia": "tr:Mazul Kemeri",
        "@geometry": "center"
      },
      "geometry": {
        "type": "Point",
        "coordinates": [
          28.8511326,
          41.0708904
        ]
      },
      "id": "way/969480621"
    },
    {
      "type": "Feature",
      "properties": {
        "@id": "way/972288159",
        "building": "yes",
        "image": "https://www.kartal.bel.tr/_Dokumanlar/masal_muzesi/masal_03.JPG",
        "name": "Kartal Belediyesi Masal Müzesi",
        "tourism": "museum",
        "website": "https://www.kartal.bel.tr/KulturSanat/MasalMuzesi",
        "wikidata": "Q85971952",
        "wikimedia_commons": "Category:Kartal Fairy-Tale Museum",
        "wikipedia": "tr:Kartal Belediyesi Masal Müzesi",
        "@geometry": "center"
      },
      "geometry": {
        "type": "Point",
        "coordinates": [
          29.2203114,
          40.9167456
        ]
      },
      "id": "way/972288159"
    },
    {
      "type": "Feature",
      "properties": {
        "@id": "way/973029770",
        "access": "unknown",
        "access_control": "no",
        "alt_name": "Kovuk Eğri Kemer",
        "architect": "Mimar Sinan",
        "bridge": "aqueduct",
        "bridge:structure": "arch",
        "building": "yes",
        "building:levels": "2",
        "description": "Mimar Sinan tarafından 1564  yılında tamamlanmıştır. Eğri kemer isminin sebebi 90 derecelik açıyla köprünün iki yana açılmasıdır.",
        "foot": "yes",
        "height": "35m",
        "historic": "building",
        "historic:civilization": "ottoman",
        "layer": "2",
        "length": "408m",
        "material": "stone",
        "motor_vehicle": "no",
        "name": "Eğri Kemer",
        "name:en": "Eğri Aqueduct",
        "smoothness": "bad",
        "start_date": "1564",
        "wikipedia": "tr:Eğri Kemer",
        "@geometry": "center"
      },
      "geometry": {
        "type": "Point",
        "coordinates": [
          28.923246,
          41.1470915
        ]
      },
      "id": "way/973029770"
    },
    {
      "type": "Feature",
      "properties": {
        "@id": "node/976474174",
        "amenity": "place_of_worship",
        "name": "Fatih Mescidi",
        "name:ar": "جامع الفاتح",
        "religion": "muslim",
        "wikidata": "Q756189",
        "wikimedia_commons": "Category:Fatih Mosque",
        "wikipedia": "en:Fatih Mosque, Istanbul"
      },
      "geometry": {
        "type": "Point",
        "coordinates": [
          28.8526953,
          41.0044905
        ]
      },
      "id": "node/976474174"
    },
    {
      "type": "Feature",
      "properties": {
        "@id": "way/984958429",
        "access": "discouraged",
        "alt_name": "Kapıağası Köprüsü",
        "architect": "Mimar Sinan",
        "bridge": "low_water_crossing",
        "historic": "bridge",
        "historic:civilization": "ottoman",
        "inscription": "Mimarsinan Tarafından Yapılmıştır",
        "layer": "1",
        "length": "74.40 m",
        "name": "Haramidere Köprüsü",
        "name:en": "Haramidere Bridge",
        "surface": "sett",
        "width": "6.29 m",
        "wikidata": "Q20473361",
        "wikimedia_commons": "Category:Haramidere Bridge",
        "wikipedia": "tr:Harâmidere Köprüsü",
        "@geometry": "center"
      },
      "geometry": {
        "type": "Point",
        "coordinates": [
          28.6790473,
          41.0050866
        ]
      },
      "id": "way/984958429"
    },
    {
      "type": "Feature",
      "properties": {
        "@id": "way/988346544",
        "building": "yes",
        "name": "Rahmi M. Koç Müzesi",
        "tourism": "museum",
        "@geometry": "center"
      },
      "geometry": {
        "type": "Point",
        "coordinates": [
          28.9492884,
          41.0416506
        ]
      },
      "id": "way/988346544"
    },
    {
      "type": "Feature",
      "properties": {
        "@id": "way/989152604",
        "alt_name": "Abraham Paşa Korusu",
        "leisure": "park",
        "name": "Beykoz Korusu",
        "wikidata": "Q6074699",
        "wikipedia": "tr:Beykoz Korusu",
        "@geometry": "center"
      },
      "geometry": {
        "type": "Point",
        "coordinates": [
          29.0988104,
          41.1333553
        ]
      },
      "id": "way/989152604"
    },
    {
      "type": "Feature",
      "properties": {
        "@id": "way/992457824",
        "amenity": "place_of_worship",
        "building": "mosque",
        "denomination": "sunni",
        "name": "Tezkireci Osman Efendi Camii",
        "name:en": "Tezkireci Osman Efendi Mosque",
        "religion": "muslim",
        "wikidata": "Q127418584",
        "wikimedia_commons": "Category:Tezkireci Osman Efendi Mosque",
        "@geometry": "center"
      },
      "geometry": {
        "type": "Point",
        "coordinates": [
          29.0375021,
          41.06141
        ]
      },
      "id": "way/992457824"
    },
    {
      "type": "Feature",
      "properties": {
        "@id": "way/997569007",
        "addr:city": "İstanbul",
        "addr:district": "Kartal",
        "addr:housenumber": "9",
        "addr:neighbourhood": "Esentepe Mahallesi",
        "addr:postcode": "34870",
        "addr:street": "Yaşar Doğu Caddesi",
        "amenity": "place_of_worship",
        "denomination": "alevi",
        "image": "https://www.kartal24.com/dosyalar/2020/12/kartal-cemevi-vakfi.webp",
        "name": "Kartal Cemevi",
        "phone": "+90 216 353 85 57",
        "religion": "muslim",
        "website": "https://kartalcemevi.org.tr/",
        "wikidata": "Q613002",
        "wikimedia_commons": "Category:Kartal Cemevi",
        "wikipedia": "tr:Kartal Cemevi",
        "@geometry": "center"
      },
      "geometry": {
        "type": "Point",
        "coordinates": [
          29.189014,
          40.9014186
        ]
      },
      "id": "way/997569007"
    },
    {
      "type": "Feature",
      "properties": {
        "@id": "way/1000250944",
        "addr:postcode": "34970",
        "addr:street": "Aya Nikola Mevkii",
        "building": "yes",
        "name": "Adalar Müzesi",
        "name:en": "Museum of the Princes' Islands",
        "name:ru": "музей Принцевых островов",
        "opening_hours": "Tu-Su 09:00-18:00",
        "tourism": "museum",
        "website": "http://www.adalarmuzesi.org/cms/english",
        "wikidata": "Q20474042",
        "wikimedia_commons": "Category:Museum of the Princes' Islands",
        "wikipedia": "en:Museum of the Princes' Islands",
        "@geometry": "center"
      },
      "geometry": {
        "type": "Point",
        "coordinates": [
          29.1251424,
          40.8564329
        ]
      },
      "id": "way/1000250944"
    },
    {
      "type": "Feature",
      "properties": {
        "@id": "way/1002590664",
        "building": "yes",
        "castle_type": "fortress",
        "historic": "castle",
        "man_made": "tower",
        "tower:type": "defensive",
        "@geometry": "center"
      },
      "geometry": {
        "type": "Point",
        "coordinates": [
          28.9956932,
          40.8647349
        ]
      },
      "id": "way/1002590664"
    },
    {
      "type": "Feature",
      "properties": {
        "@id": "way/1002590665",
        "building": "yes",
        "castle_type": "fortress",
        "historic": "castle",
        "man_made": "tower",
        "tower:type": "defensive",
        "@geometry": "center"
      },
      "geometry": {
        "type": "Point",
        "coordinates": [
          28.9957681,
          40.8647858
        ]
      },
      "id": "way/1002590665"
    },
    {
      "type": "Feature",
      "properties": {
        "@id": "way/1002590674",
        "building": "yes",
        "name": "Su Sarnıcı",
        "tourism": "museum",
        "@geometry": "center"
      },
      "geometry": {
        "type": "Point",
        "coordinates": [
          28.9952895,
          40.8649929
        ]
      },
      "id": "way/1002590674"
    },
    {
      "type": "Feature",
      "properties": {
        "@id": "way/1002590675",
        "building": "yes",
        "library": "yes",
        "name": "Oramiral Sadık Altıncan Kütüphanesi",
        "tourism": "museum",
        "@geometry": "center"
      },
      "geometry": {
        "type": "Point",
        "coordinates": [
          28.9927972,
          40.8647327
        ]
      },
      "id": "way/1002590675"
    },
    {
      "type": "Feature",
      "properties": {
        "@id": "way/1007293783",
        "name": "Mecidiyeköy Meydanı",
        "place": "square",
        "wikidata": "Q110272113",
        "wikimedia_commons": "Category:Mecidiyeköy Square",
        "wikipedia": "tr:Mecidiyeköy Meydanı",
        "@geometry": "center"
      },
      "geometry": {
        "type": "Point",
        "coordinates": [
          28.9953841,
          41.0664869
        ]
      },
      "id": "way/1007293783"
    },
    {
      "type": "Feature",
      "properties": {
        "@id": "way/1015392049",
        "bridge": "aqueduct",
        "historic": "aqueduct",
        "layer": "1",
        "name": "Bahçeköy Su Kemeri",
        "name:en": "Bahçeköy Aqueduct",
        "ruins": "yes",
        "wikidata": "Q123137312",
        "wikimedia_commons": "Category:Bahçeköy Aqueduct",
        "wikipedia": "tr:Bahçeköy Su Kemeri",
        "@geometry": "center"
      },
      "geometry": {
        "type": "Point",
        "coordinates": [
          28.9914359,
          41.1710406
        ]
      },
      "id": "way/1015392049"
    },
    {
      "type": "Feature",
      "properties": {
        "@id": "way/1015679704",
        "building": "yes",
        "historic": "ruins",
        "name": "Georgios Kilisesi",
        "@geometry": "center"
      },
      "geometry": {
        "type": "Point",
        "coordinates": [
          28.3824672,
          41.450488
        ]
      },
      "id": "way/1015679704"
    },
    {
      "type": "Feature",
      "properties": {
        "@id": "way/1019388807",
        "amenity": "place_of_worship",
        "building": "mosque",
        "denomination": "sunni",
        "name": "Evlicebaba Camii",
        "religion": "muslim",
        "wikidata": "Q127418237",
        "@geometry": "center"
      },
      "geometry": {
        "type": "Point",
        "coordinates": [
          28.9296347,
          41.0527461
        ]
      },
      "id": "way/1019388807"
    },
    {
      "type": "Feature",
      "properties": {
        "@id": "way/1021455812",
        "amenity": "place_of_worship",
        "building": "yes",
        "name": "Turşucu Hüseyin Cami",
        "name:ar": "جامع حسين تورشيجو",
        "name:tr": "Turşucu Hüseyin Cami",
        "religion": "muslim",
        "wikidata": "Q127418592",
        "wikimedia_commons": "Category:Turşucu Hüseyin Çelebi Mosque",
        "@geometry": "center"
      },
      "geometry": {
        "type": "Point",
        "coordinates": [
          28.9476749,
          41.0454017
        ]
      },
      "id": "way/1021455812"
    },
    {
      "type": "Feature",
      "properties": {
        "@id": "way/1022617185",
        "addr:city": "İstanbul",
        "addr:district": "Eyüpsultan",
        "addr:housenumber": "16/2",
        "addr:neighbourhood": "Rami Yenimahalle",
        "addr:postcode": "34055",
        "addr:street": "Boşnak Hıdırbey Sokağı",
        "amenity": "place_of_worship",
        "building": "yes",
        "building:colour": "#dfd4bc",
        "building:levels": "2",
        "name": "Rami Tantavizade Camii",
        "opening_hours": "sunrise-sunset",
        "religion": "muslim",
        "roof:colour": "#db8f76",
        "roof:orientation": "along",
        "roof:shape": "hipped",
        "wikidata": "Q127418571",
        "@geometry": "center"
      },
      "geometry": {
        "type": "Point",
        "coordinates": [
          28.9186468,
          41.0517318
        ]
      },
      "id": "way/1022617185"
    },
    {
      "type": "Feature",
      "properties": {
        "@id": "node/1026149721",
        "amenity": "castel",
        "name": "Siyavuşpaşa Kasrı",
        "name:ar": "قلعة سيهافوش باشا",
        "ref": "castel",
        "tourism": "museum"
      },
      "geometry": {
        "type": "Point",
        "coordinates": [
          28.8514348,
          41.0005858
        ]
      },
      "id": "node/1026149721"
    },
    {
      "type": "Feature",
      "properties": {
        "@id": "way/1033333873",
        "addr:city": "İstanbul",
        "addr:district": "Beyoğlu",
        "addr:housenumber": "2",
        "addr:neighbourhood": "Gümüşsuyu",
        "addr:street": "Inonü Caddesi",
        "amenity": "theatre",
        "building": "yes",
        "building:colour": "#9eb0b0",
        "building:material": "concrete",
        "height": "25",
        "name": "Atatürk Kültür Merkezi",
        "name:de": "Atatürk-Kulturzentrum",
        "name:en": "Ataturk Cultural Center",
        "name:fa": "مرکز فرهنگی آتاتورک",
        "roof:colour": "#7db2a2",
        "roof:material": "copper",
        "short_name": "AKM",
        "tourism": "attraction",
        "website": "https://akmistanbul.gov.tr/tr/iletisim",
        "wikidata": "Q551685",
        "wikimedia_commons": "Category:Atatürk Cultural Center, Istanbul",
        "wikipedia": "tr:Atatürk Kültür Merkezi (İstanbul)",
        "@geometry": "center"
      },
      "geometry": {
        "type": "Point",
        "coordinates": [
          28.9882459,
          41.0365654
        ]
      },
      "id": "way/1033333873"
    },
    {
      "type": "Feature",
      "properties": {
        "@id": "way/1033475871",
        "access": "unknown",
        "access_control": "no",
        "architect": "Mimar Sinan",
        "bridge": "aqueduct",
        "bridge:structure": "arch",
        "building": "yes",
        "building:levels": "2",
        "description": "Mimar Sinan tarafından 1554-1562 yılları arasında İstanbul'da, Alibey Deresi vadisi üzerinde yapılmış olan tarihi su kemeri.",
        "foot": "yes",
        "height": "35",
        "historic": "aqueduct",
        "historic:civilization": "ottoman",
        "layer": "2",
        "length": "257",
        "material": "stone",
        "motor_vehicle": "no",
        "name": "Mağlova Kemeri",
        "name:en": "Mağlova Aqueduct",
        "smoothness": "bad",
        "start_date": "1564",
        "wikidata": "Q6043703",
        "wikimedia_commons": "Category:Mağlova Aquaduct",
        "wikipedia": "tr:Mağlova Kemeri",
        "@geometry": "center"
      },
      "geometry": {
        "type": "Point",
        "coordinates": [
          28.8933729,
          41.1361811
        ]
      },
      "id": "way/1033475871"
    },
    {
      "type": "Feature",
      "properties": {
        "@id": "way/1033475892",
        "access": "unknown",
        "access_control": "no",
        "alt_name": "Gözlüce Su Kemeri",
        "alt_name_1": "Cebeciköy Su Kemeri",
        "architect": "Mimar Sinan",
        "bridge": "aqueduct",
        "bridge:structure": "arch",
        "building:levels": "2",
        "description": "Güzelce Kemeri, Gözlüce Kemeri ya da Cebeciköy Kemeri, İstanbul'un Sultangazi ilçesine bağlı Cebeci Mahallesi sınırları içinde kalan tarihî bir su kemeridir.",
        "foot": "no",
        "historic": "aqueduct",
        "historic:civilization": "ottoman",
        "layer": "1",
        "man_made": "bridge",
        "material": "stone",
        "motor_vehicle": "no",
        "name": "Güzelce Su Kemeri",
        "name:en": "Güzelce Aqueduct",
        "start_date": "1564",
        "wikidata": "Q6048738",
        "wikimedia_commons": "Category:Güzelce Aquaduct",
        "wikipedia": "tr:Güzelce Kemeri",
        "@geometry": "center"
      },
      "geometry": {
        "type": "Point",
        "coordinates": [
          28.8988039,
          41.1220664
        ]
      },
      "id": "way/1033475892"
    },
    {
      "type": "Feature",
      "properties": {
        "@id": "way/1035459802",
        "amenity": "place_of_worship",
        "building": "mosque",
        "denomination": "sunni",
        "name": "Karaburun Cami",
        "religion": "muslim",
        "wikidata": "Q127418346",
        "@geometry": "center"
      },
      "geometry": {
        "type": "Point",
        "coordinates": [
          28.6833927,
          41.3462767
        ]
      },
      "id": "way/1035459802"
    },
    {
      "type": "Feature",
      "properties": {
        "@id": "node/1035582478",
        "barrier": "sally_port",
        "historic": "city_gate",
        "historic:civilization": "byzantine",
        "name": "Belgrad Kapı",
        "name:de": "Belgrader Tor",
        "name:en": "Belgrade Gate",
        "name:it": "Porta di Belgrado",
        "name:sr": "Београдска капија",
        "name:sr-Latn": "Beogradska kapija",
        "start_date": "C5",
        "wikidata": "Q3908912",
        "wikimedia_commons": "Category:Second Military Gate (Constantinople)"
      },
      "geometry": {
        "type": "Point",
        "coordinates": [
          28.920538,
          40.99983
        ]
      },
      "id": "node/1035582478"
    },
    {
      "type": "Feature",
      "properties": {
        "@id": "way/1035827073",
        "amenity": "place_of_worship",
        "building": "yes",
        "name": "Hacı Ali Rıza Paşa Camii",
        "religion": "muslim",
        "wikidata": "Q127418261",
        "wikimedia_commons": "Category:Hacı Ali Paşa Mosque",
        "@geometry": "center"
      },
      "geometry": {
        "type": "Point",
        "coordinates": [
          28.9222359,
          41.0498041
        ]
      },
      "id": "way/1035827073"
    },
    {
      "type": "Feature",
      "properties": {
        "@id": "way/1036709079",
        "amenity": "place_of_worship",
        "building": "mosque",
        "denomination": "sunni",
        "name": "Sofular Camii",
        "religion": "muslim",
        "wikidata": "Q127418534",
        "@geometry": "center"
      },
      "geometry": {
        "type": "Point",
        "coordinates": [
          28.9324575,
          41.0457586
        ]
      },
      "id": "way/1036709079"
    },
    {
      "type": "Feature",
      "properties": {
        "@id": "way/1037217033",
        "addr:city": "İstanbul",
        "addr:district": "Beşiktaş",
        "addr:neighbourhood": "Cihannüma Mahallesi,",
        "addr:street": "Mehmet Ali Bey Sokağı",
        "amenity": "place_of_worship",
        "building": "yes",
        "denomination": "sunni",
        "name": "Ertuğrul Tekke Camii",
        "name:ar": "جامع وتكيّة ارطغرل",
        "name:en": "Ertuğrul Tekke Mosque",
        "religion": "muslim",
        "wikidata": "Q1137517",
        "wikimedia_commons": "Category:Ertuğrul Tekke Mosque",
        "wikipedia": "en:Ertuğrul Tekke Mosque",
        "@geometry": "center"
      },
      "geometry": {
        "type": "Point",
        "coordinates": [
          29.0085448,
          41.0456703
        ]
      },
      "id": "way/1037217033"
    },
    {
      "type": "Feature",
      "properties": {
        "@id": "way/1044162287",
        "alt_name": "Hürriyet Anıtı",
        "historic": "memorial",
        "name": "Abide-i Hürriyet",
        "name:en": "Monument of Liberty",
        "wikidata": "Q320876",
        "wikimedia_commons": "Category:Monument of Liberty (İstanbul)",
        "wikipedia": "tr:Âbide-i Hürriyet",
        "@geometry": "center"
      },
      "geometry": {
        "type": "Point",
        "coordinates": [
          28.9820591,
          41.0681307
        ]
      },
      "id": "way/1044162287"
    },
    {
      "type": "Feature",
      "properties": {
        "@id": "way/1050499623",
        "amenity": "place_of_worship",
        "building": "yes",
        "name": "İlyaszade Camii",
        "religion": "muslim",
        "wikidata": "Q127418320",
        "@geometry": "center"
      },
      "geometry": {
        "type": "Point",
        "coordinates": [
          28.9219562,
          41.0200892
        ]
      },
      "id": "way/1050499623"
    },
    {
      "type": "Feature",
      "properties": {
        "@id": "way/1051483433",
        "amenity": "fountain",
        "building": "yes",
        "fountain": "sebilj",
        "height": "4",
        "historic": "building",
        "name": "Tophane Çeşmesi",
        "wikidata": "Q6077177",
        "wikimedia_commons": "Category:Tophane Fountain",
        "wikipedia": "tr:Tophane Çeşmesi",
        "@geometry": "center"
      },
      "geometry": {
        "type": "Point",
        "coordinates": [
          28.9812685,
          41.0267495
        ]
      },
      "id": "way/1051483433"
    },
    {
      "type": "Feature",
      "properties": {
        "@id": "way/1052808654",
        "amenity": "place_of_worship",
        "building": "yes",
        "height": "7.2",
        "name": "Genç Osman Camii",
        "religion": "muslim",
        "wikidata": "Q127418253",
        "wikimedia_commons": "Category:Genç Osman Mosque",
        "@geometry": "center"
      },
      "geometry": {
        "type": "Point",
        "coordinates": [
          28.8740658,
          41.026788
        ]
      },
      "id": "way/1052808654"
    },
    {
      "type": "Feature",
      "properties": {
        "@id": "way/1054741529",
        "building": "yes",
        "tourism": "museum",
        "@geometry": "center"
      },
      "geometry": {
        "type": "Point",
        "coordinates": [
          29.055627,
          41.1060217
        ]
      },
      "id": "way/1054741529"
    },
    {
      "type": "Feature",
      "properties": {
        "@id": "way/1059149610",
        "building": "yes",
        "historic": "building",
        "name": "Baruthane Müze",
        "old_name": "Ataköy Baruthane-i Âmire Kalhane",
        "tourism": "museum",
        "@geometry": "center"
      },
      "geometry": {
        "type": "Point",
        "coordinates": [
          28.8594952,
          40.9756297
        ]
      },
      "id": "way/1059149610"
    },
    {
      "type": "Feature",
      "properties": {
        "@id": "way/1067146462",
        "access": "no",
        "archaeological_site": "settlement",
        "historic": "archaeological_site",
        "historic:civilization": "ancient_roman",
        "image": "https://cdn.kulturenvanteri.com/wp-content/uploads/2020/06/Damatrys_Sarayi1-scaled.jpg",
        "name": "Damatrys Sarayı",
        "website": "https://kulturenvanteri.com/yer/damatris-sarayi/#17.1/40.985176/29.22794",
        "wikidata": "Q6061015",
        "wikipedia": "tr:Damatris Sarayı",
        "@geometry": "center"
      },
      "geometry": {
        "type": "Point",
        "coordinates": [
          29.2278533,
          40.9850781
        ]
      },
      "id": "way/1067146462"
    },
    {
      "type": "Feature",
      "properties": {
        "@id": "way/1068261899",
        "building": "yes",
        "historic": "building",
        "historic:civilization": "ottoman",
        "name": "Hamam Kalıntısı",
        "ruins": "building",
        "wikidata": "Q131739074",
        "@geometry": "center"
      },
      "geometry": {
        "type": "Point",
        "coordinates": [
          29.1854466,
          40.8905295
        ]
      },
      "id": "way/1068261899"
    },
    {
      "type": "Feature",
      "properties": {
        "@id": "way/1069354101",
        "addr:city": "İstanbul",
        "addr:district": "Kadıköy",
        "addr:housenumber": "10",
        "addr:neighbourhood": "Fenerbahçe",
        "addr:postcode": "34726",
        "addr:street": "Dr. Faruk Ayanoğlu Caddesi",
        "building": "yes",
        "name": "Haldun Taner Müze Evi",
        "opening_hours": "Tu-Sa 10:00-18:00",
        "tourism": "museum",
        "website": "https://muzeler.org/haldun-taner-muze-evi--462411",
        "@geometry": "center"
      },
      "geometry": {
        "type": "Point",
        "coordinates": [
          29.0472216,
          40.9762221
        ]
      },
      "id": "way/1069354101"
    },
    {
      "type": "Feature",
      "properties": {
        "@id": "way/1070946690",
        "building": "public",
        "historic": "building",
        "name": "Sait Halim Paşa Yalısı",
        "source": "Maxar Premium-Luftbilder (Beta)",
        "tourism": "attraction",
        "wikidata": "Q6090543",
        "wikimedia_commons": "Category:Said Halim Pasha Yalı",
        "wikipedia": "tr:Said Halim Paşa Yalısı",
        "@geometry": "center"
      },
      "geometry": {
        "type": "Point",
        "coordinates": [
          29.0700049,
          41.1204464
        ]
      },
      "id": "way/1070946690"
    },
    {
      "type": "Feature",
      "properties": {
        "@id": "way/1075801479",
        "archaeological_site": "roman_villa",
        "historic": "archaeological_site",
        "historic:civilization": "byzantine",
        "name": "Antiochos Sarayı'nın Kalıntıları",
        "@geometry": "center"
      },
      "geometry": {
        "type": "Point",
        "coordinates": [
          28.9753291,
          41.0072892
        ]
      },
      "id": "way/1075801479"
    },
    {
      "type": "Feature",
      "properties": {
        "@id": "way/1087432624",
        "addr:city": "İstanbul",
        "addr:district": "Kadıköy",
        "addr:housenumber": "16",
        "addr:neighbourhood": "Osmanağa Mahallesi",
        "addr:postcode": "34710",
        "addr:street": "Hasırcı Sokağı",
        "alt_name": "Sinema Evi",
        "amenity": "cinema",
        "area": "yes",
        "name": "Sinematek",
        "operator": "Kadıköy Belediyesi",
        "tourism": "museum",
        "website": "https://sinematek.kadikoy.bel.tr/",
        "wikidata": "Q111525180",
        "wikimedia_commons": "Category:Sinematek/Sinemaevi",
        "wikipedia": "tr:Sinematek/Sinema Evi",
        "@geometry": "center"
      },
      "geometry": {
        "type": "Point",
        "coordinates": [
          29.0326796,
          40.9864836
        ]
      },
      "id": "way/1087432624"
    },
    {
      "type": "Feature",
      "properties": {
        "@id": "way/1087439794",
        "addr:city": "İstanbul",
        "addr:district": "Kadıköy",
        "addr:neighbourhood": "Caddebostan Mahallesi",
        "addr:postcode": "34728",
        "building": "yes",
        "historic": "building",
        "name": "Cemil Topuzlu Köşkü",
        "wikidata": "Q6080321",
        "wikimedia_commons": "Category:Cemil Topuzlu Mansion",
        "wikipedia": "tr:Cemil Topuzlu Köşkü",
        "@geometry": "center"
      },
      "geometry": {
        "type": "Point",
        "coordinates": [
          29.052131,
          40.970013
        ]
      },
      "id": "way/1087439794"
    },
    {
      "type": "Feature",
      "properties": {
        "@id": "way/1087468138",
        "addr:city": "İstanbul",
        "addr:district": "Üsküdar",
        "addr:neighbourhood": "Mimar Sinan Mahallesi",
        "addr:postcode": "34672",
        "amenity": "place_of_worship",
        "building": "yes",
        "name": "Haci Bedel Mustafa Efendi Camii",
        "religion": "muslim",
        "wikidata": "Q6058360",
        "wikipedia": "tr:Hacı Bedel Mustafa Efendi Camii",
        "@geometry": "center"
      },
      "geometry": {
        "type": "Point",
        "coordinates": [
          29.0189369,
          41.0198082
        ]
      },
      "id": "way/1087468138"
    },
    {
      "type": "Feature",
      "properties": {
        "@id": "way/1089822791",
        "amenity": "place_of_worship",
        "building": "yes",
        "name": "Hacı Ferhat Ağa Camii",
        "religion": "muslim",
        "wikidata": "Q127418266",
        "@geometry": "center"
      },
      "geometry": {
        "type": "Point",
        "coordinates": [
          28.9729887,
          41.0341891
        ]
      },
      "id": "way/1089822791"
    },
    {
      "type": "Feature",
      "properties": {
        "@id": "way/1090586094",
        "addr:city": "İstanbul",
        "addr:district": "Kadıköy",
        "addr:housenumber": "11",
        "addr:neighbourhood": "Feneryolu Mahallesi",
        "addr:postcode": "34724",
        "addr:street": "Feneryolu Sokağı",
        "alt_name": "Tuğlacı Camii",
        "amenity": "place_of_worship",
        "building": "yes",
        "name": "Tuğlacıbaşı Camii",
        "religion": "muslim",
        "wikidata": "Q6019725",
        "wikimedia_commons": "Category:Tuğlacı Mosque",
        "wikipedia": "tr:Tuğlacı Camii",
        "@geometry": "center"
      },
      "geometry": {
        "type": "Point",
        "coordinates": [
          29.047828,
          40.9846504
        ]
      },
      "id": "way/1090586094"
    },
    {
      "type": "Feature",
      "properties": {
        "@id": "way/1091782699",
        "addr:city": "İstanbul",
        "addr:district": "Kadıköy",
        "addr:neighbourhood": "Osmanağa Mahallesi",
        "addr:postcode": "34714",
        "addr:street": "Halitağa Caddesi",
        "alt_name": "Halitağa Çeşmesi",
        "building": "yes",
        "building:levels": "1",
        "historic": "fountain",
        "name": "Halid Ağa Çeşmesi",
        "wikidata": "Q97368741",
        "wikimedia_commons": "Category:Halid Ağa Fountain",
        "wikipedia": "tr:Halid Ağa Çeşmesi",
        "@geometry": "center"
      },
      "geometry": {
        "type": "Point",
        "coordinates": [
          29.0279723,
          40.9910108
        ]
      },
      "id": "way/1091782699"
    },
    {
      "type": "Feature",
      "properties": {
        "@id": "way/1093125525",
        "addr:city": "İstanbul",
        "addr:district": "Kadıköy",
        "addr:housenumber": "10",
        "addr:neighbourhood": "Feneryolu Mahallesi",
        "addr:postcode": "34724",
        "addr:street": "Feneryolu Sokağı",
        "alt_name": "Feneryolu Camii",
        "amenity": "place_of_worship",
        "building": "yes",
        "name": "Recai Yahya Camii",
        "religion": "muslim",
        "wikidata": "Q6019054",
        "wikipedia": "tr:Feneryolu Camii",
        "@geometry": "center"
      },
      "geometry": {
        "type": "Point",
        "coordinates": [
          29.0474505,
          40.9798121
        ]
      },
      "id": "way/1093125525"
    },
    {
      "type": "Feature",
      "properties": {
        "@id": "way/1095429806",
        "building": "yes",
        "fee": "no",
        "tourism": "museum",
        "@geometry": "center"
      },
      "geometry": {
        "type": "Point",
        "coordinates": [
          29.0423783,
          40.9966249
        ]
      },
      "id": "way/1095429806"
    },
    {
      "type": "Feature",
      "properties": {
        "@id": "way/1096889354",
        "amenity": "place_of_worship",
        "building": "mosque",
        "denomination": "sunni",
        "name": "Anadolu Hisarı Camii",
        "religion": "muslim",
        "wikidata": "Q127418106",
        "wikimedia_commons": "Category:Anadolu Hisarı Mosque",
        "@geometry": "center"
      },
      "geometry": {
        "type": "Point",
        "coordinates": [
          29.067547,
          41.0850506
        ]
      },
      "id": "way/1096889354"
    },
    {
      "type": "Feature",
      "properties": {
        "@id": "way/1096889355",
        "amenity": "place_of_worship",
        "building": "mosque",
        "denomination": "sunni",
        "name": "Mihrişah Valide Sultan Camii",
        "religion": "muslim",
        "wikidata": "Q127418429",
        "wikimedia_commons": "Category:Mihrişah Valide Sultan Mosque (Beykoz)",
        "wikipedia": "tr:Göksu Mihrişah Valide Sultan Camii",
        "@geometry": "center"
      },
      "geometry": {
        "type": "Point",
        "coordinates": [
          29.0656814,
          41.0780791
        ]
      },
      "id": "way/1096889355"
    },
    {
      "type": "Feature",
      "properties": {
        "@id": "way/1097592602",
        "historic": "archaeological_site",
        "@geometry": "center"
      },
      "geometry": {
        "type": "Point",
        "coordinates": [
          29.0290774,
          40.9989394
        ]
      },
      "id": "way/1097592602"
    },
    {
      "type": "Feature",
      "properties": {
        "@id": "way/1108090946",
        "building": "yes",
        "historic": "ruins",
        "historic:civilization": "modern",
        "name": "Korugan",
        "ruins": "bunker",
        "@geometry": "center"
      },
      "geometry": {
        "type": "Point",
        "coordinates": [
          28.545116,
          41.1511622
        ]
      },
      "id": "way/1108090946"
    },
    {
      "type": "Feature",
      "properties": {
        "@id": "way/1108090947",
        "building": "yes",
        "historic": "ruins",
        "historic:civilization": "modern",
        "name": "Korugan",
        "ruins": "bunker",
        "@geometry": "center"
      },
      "geometry": {
        "type": "Point",
        "coordinates": [
          28.5448453,
          41.1342617
        ]
      },
      "id": "way/1108090947"
    },
    {
      "type": "Feature",
      "properties": {
        "@id": "way/1108090949",
        "building": "yes",
        "historic": "ruins",
        "historic:civilization": "modern",
        "name": "Korugan",
        "ruins": "bunker",
        "@geometry": "center"
      },
      "geometry": {
        "type": "Point",
        "coordinates": [
          28.5406239,
          41.1416375
        ]
      },
      "id": "way/1108090949"
    },
    {
      "type": "Feature",
      "properties": {
        "@id": "way/1108090950",
        "building": "bunker",
        "historic": "ruins",
        "historic:civilization": "modern",
        "name": "Korugan",
        "ruins": "bunker",
        "@geometry": "center"
      },
      "geometry": {
        "type": "Point",
        "coordinates": [
          28.5408889,
          41.1498016
        ]
      },
      "id": "way/1108090950"
    },
    {
      "type": "Feature",
      "properties": {
        "@id": "way/1108090951",
        "building": "yes",
        "historic": "ruins",
        "historic:civilization": "modern",
        "name": "Korugan",
        "ruins": "bunker",
        "@geometry": "center"
      },
      "geometry": {
        "type": "Point",
        "coordinates": [
          28.5420097,
          41.152587
        ]
      },
      "id": "way/1108090951"
    },
    {
      "type": "Feature",
      "properties": {
        "@id": "way/1108097141",
        "building": "ruins",
        "historic": "ruins",
        "name": "Kurşunlugerme Su Kemeri",
        "@geometry": "center"
      },
      "geometry": {
        "type": "Point",
        "coordinates": [
          28.3110051,
          41.3456501
        ]
      },
      "id": "way/1108097141"
    },
    {
      "type": "Feature",
      "properties": {
        "@id": "way/1108957123",
        "amenity": "place_of_worship",
        "building": "yes",
        "name": "Sabiha Gökçen Havalimanı Camii",
        "religion": "muslim",
        "wikidata": "Q140546120",
        "wikimedia_commons": "Category:Sabiha Gökçen International Airport Masjit",
        "@geometry": "center"
      },
      "geometry": {
        "type": "Point",
        "coordinates": [
          29.3124143,
          40.9078839
        ]
      },
      "id": "way/1108957123"
    },
    {
      "type": "Feature",
      "properties": {
        "@id": "way/1111166502",
        "addr:city": "İstanbul",
        "addr:district": "Üsküdar",
        "addr:housenumber": "19",
        "addr:neighbourhood": "Zeynep Kamil Mahallesi",
        "addr:postcode": "34668",
        "addr:street": "Tabaklar Camii Sokağı",
        "alt_name": "Konyalı Biraderler Camii;Debbağlar Camii",
        "amenity": "place_of_worship",
        "building": "yes",
        "denomination": "sunni",
        "name": "Tabaklar Camii",
        "religion": "muslim",
        "wikidata": "Q6055439",
        "wikimedia_commons": "Category:Tabaklar Mosque",
        "wikipedia": "tr:Tabaklar Camii",
        "@geometry": "center"
      },
      "geometry": {
        "type": "Point",
        "coordinates": [
          29.020494,
          41.0176404
        ]
      },
      "id": "way/1111166502"
    },
    {
      "type": "Feature",
      "properties": {
        "@id": "way/1111181701",
        "alt_name": "Hz. Cennet Mehmed Efendi Türbesi",
        "building": "yes",
        "historic": "tomb",
        "name": "Cennet Efendi Türbesi",
        "wikidata": "Q19610908",
        "wikimedia_commons": "Category:Cennet Efendi Türbesi",
        "wikipedia": "tr:Cennet Efendi Türbesi",
        "@geometry": "center"
      },
      "geometry": {
        "type": "Point",
        "coordinates": [
          29.0146584,
          41.0224796
        ]
      },
      "id": "way/1111181701"
    },
    {
      "type": "Feature",
      "properties": {
        "@id": "way/1112073568",
        "addr:city": "İstanbul",
        "addr:district": "Sarıyer",
        "addr:housenumber": "107",
        "addr:neighbourhood": "Ferahevler Mahallesi",
        "addr:postcode": "34464",
        "addr:street": "Nuripaşa Caddesi",
        "building": "yes",
        "name": "Ural Ataman Classic Car Museum",
        "name:tr": "Ural Ataman Klasik Otomobil Müzesi",
        "tourism": "museum",
        "website": "https://www.atamanmuseum.com/",
        "wikimedia_commons": "Category:Ural Ataman Classic Car Museum",
        "@geometry": "center"
      },
      "geometry": {
        "type": "Point",
        "coordinates": [
          29.0478419,
          41.1281086
        ]
      },
      "id": "way/1112073568"
    },
    {
      "type": "Feature",
      "properties": {
        "@id": "way/1112108153",
        "amenity": "place_of_worship",
        "building": "yes",
        "name": "Dağyenice Camii",
        "religion": "muslim",
        "wikidata": "Q127418208",
        "@geometry": "center"
      },
      "geometry": {
        "type": "Point",
        "coordinates": [
          28.4833176,
          41.2719304
        ]
      },
      "id": "way/1112108153"
    },
    {
      "type": "Feature",
      "properties": {
        "@id": "way/1112132469",
        "addr:city": "İstanbul",
        "addr:district": "Sarıyer",
        "addr:housenumber": "25",
        "addr:neighbourhood": "Büyükdere Mahallesi",
        "addr:postcode": "34453",
        "addr:street": "Piyasa Caddesi",
        "building": "yes",
        "building:levels": "3",
        "name": "Sadberk Hanım Müzesi",
        "name:en": "Sadberk Hanım Museum",
        "opening_hours": "Th-Tu 10:00-17:00",
        "operator": "Vehbi Koç Vakfı",
        "phone": "+90 212 242 3813",
        "tourism": "museum",
        "website": "https://www.sadberkhanimmuzesi.org.tr",
        "wikidata": "Q3300324",
        "wikimedia_commons": "Category:Sadberk Hanım Museum",
        "wikipedia": "en:Sadberk Hanım Museum",
        "@geometry": "center"
      },
      "geometry": {
        "type": "Point",
        "coordinates": [
          29.0481636,
          41.1630055
        ]
      },
      "id": "way/1112132469"
    },
    {
      "type": "Feature",
      "properties": {
        "@id": "way/1112685777",
        "addr:city": "İstanbul",
        "addr:district": "Beykoz",
        "addr:neighbourhood": "Şahinkaya Mahallesi",
        "addr:postcode": "34820",
        "addr:street": "Kaymakdonduran Caddesi",
        "area": "yes",
        "name": "Cam ve Billur Müzesi",
        "tourism": "museum",
        "wikidata": "Q124363121",
        "wikimedia_commons": "Category:Beykoz Glass and Crystal Museum",
        "wikipedia": "tr:Beykoz Cam ve Billur Müzesi",
        "@geometry": "center"
      },
      "geometry": {
        "type": "Point",
        "coordinates": [
          29.1039692,
          41.1385096
        ]
      },
      "id": "way/1112685777"
    },
    {
      "type": "Feature",
      "properties": {
        "@id": "way/1114859805",
        "building": "yes",
        "name": "Hafıza 15 Temmuz Müzesi",
        "tourism": "museum",
        "@geometry": "center"
      },
      "geometry": {
        "type": "Point",
        "coordinates": [
          29.041552,
          41.0371844
        ]
      },
      "id": "way/1114859805"
    },
    {
      "type": "Feature",
      "properties": {
        "@id": "way/1114885979",
        "historic": "bridge",
        "layer": "1",
        "man_made": "bridge",
        "name": "Çobançeşme Köprüsü",
        "wikidata": "Q109119944",
        "wikipedia": "tr:Çobançeşme Köprüsü",
        "@geometry": "center"
      },
      "geometry": {
        "type": "Point",
        "coordinates": [
          28.8198765,
          40.9938237
        ]
      },
      "id": "way/1114885979"
    },
    {
      "type": "Feature",
      "properties": {
        "@id": "way/1115171156",
        "building": "yes",
        "name": "Florya Atatürk Deniz Köşkü",
        "tourism": "museum",
        "wikidata": "Q5461957",
        "wikimedia_commons": "Category:Florya Atatürk Marine Mansion",
        "wikipedia": "en:Florya Atatürk Marine Mansion",
        "@geometry": "center"
      },
      "geometry": {
        "type": "Point",
        "coordinates": [
          28.7825007,
          40.9726583
        ]
      },
      "id": "way/1115171156"
    },
    {
      "type": "Feature",
      "properties": {
        "@id": "way/1115735866",
        "addr:city": "İstanbul",
        "addr:district": "Kadıköy",
        "addr:neighbourhood": "Osmanağa Mahallesi",
        "addr:postcode": "34714",
        "disused": "yes",
        "fountain": "sebilj",
        "historic": "fountain",
        "name": "Mısırlı Osman Ağa Çeşmesi",
        "wikidata": "Q105840441",
        "wikimedia_commons": "Category:Mısırlı Osman Ağa Fountain (Kadıköy)",
        "wikipedia": "tr:Mısırlı Osman Ağa Çeşmesi (Kadıköy)",
        "@geometry": "center"
      },
      "geometry": {
        "type": "Point",
        "coordinates": [
          29.0267,
          40.9910614
        ]
      },
      "id": "way/1115735866"
    },
    {
      "type": "Feature",
      "properties": {
        "@id": "way/1120852417",
        "colour": "#f5cccc",
        "height": "15.9",
        "historic": "monument",
        "image": "https://photos.app.goo.gl/Z7mgjwsnc9u2VuWJA",
        "man_made": "obelisk",
        "material": "stone",
        "name": "Theodosius Dikilitaşı",
        "name:ar": "ثيودوسياي ديكيليتاشِ",
        "name:de": "Obelisk des Theodosius",
        "name:el": "Οβελίσκος του Θεοδοσίου",
        "name:en": "Obelisk of Theodosius",
        "name:es": "Obelisco de Teodosio",
        "name:fa": "ابلیسک تئودوسیوس",
        "name:fr": "Obélisque de Théodose",
        "name:hi": "थियोडोसियस का ओबिलिस्क",
        "name:it": "Obelisco di Teodosio",
        "name:pt": "Obelisco de Teodósio",
        "name:ru": "Египетский обелиск",
        "name:tr": "Theodosius Dikilitaşı",
        "name:zh": "狄奥多西方尖碑",
        "note:start_date": "The obelisk was erected in 390 here. The obelisk itself is much older",
        "start_date": "390",
        "wikidata": "Q763854",
        "wikimedia_commons": "Category:Obelisk of Theodosius",
        "wikipedia": "tr:Dikilitaş (Sultanahmet)",
        "@geometry": "center"
      },
      "geometry": {
        "type": "Point",
        "coordinates": [
          28.9754001,
          41.0059276
        ]
      },
      "id": "way/1120852417"
    },
    {
      "type": "Feature",
      "properties": {
        "@id": "way/1120852418",
        "colour": "#bf9c9c",
        "height": "32",
        "historic": "monument",
        "image": "https://photos.app.goo.gl/Y6FYWDC6BH6c9Sjy5",
        "man_made": "obelisk",
        "material": "stone",
        "name": "Örme Dikilitaş",
        "name:ar": "أومري ديكيليتاشِ",
        "name:de": "Obelisk",
        "name:el": "Ο Περιτειχισμένος Οβελίσκος",
        "name:en": "The Walled Obelisk",
        "name:es": "Obelisco de Constantino",
        "name:fa": "ابلیسک دیواری",
        "name:fr": "Obélisque « muré »",
        "name:hi": "ओबिलिस्क की दीवार",
        "name:pt": "Obelisco de Constantino",
        "name:ru": "Обелиск Константина",
        "name:tr": "Örme Dikilitaş",
        "wikidata": "Q742474",
        "wikimedia_commons": "Category:Walled Obelisk",
        "wikipedia": "tr:Örme Dikilitaş",
        "@geometry": "center"
      },
      "geometry": {
        "type": "Point",
        "coordinates": [
          28.9748422,
          41.0054052
        ]
      },
      "id": "way/1120852418"
    },
    {
      "type": "Feature",
      "properties": {
        "@id": "way/1120989069",
        "addr:city": "İstanbul",
        "addr:district": "Ataşehir",
        "addr:neighbourhood": "Atatürk",
        "addr:postcode": "34758",
        "addr:street": "Atapark Caddesi",
        "building": "yes",
        "image": "https://www.atasehir.bel.tr/Uploads/ImageGallery/15296/b0473d1562c64ea48deddd7166ec03e6.JPG",
        "museum": "nature",
        "name": "Evrensel Değerler Çocuk Müzesi",
        "opening_hours": "Mo-Fr 8.30 - 17.00; Sa-Su 09.30 - 18.00",
        "tourism": "museum",
        "website": "https://www.atasehir.bel.tr/haber/evrensel-degerler-cocuk-muzesi-kapilarini-ziyaretcilere-acti",
        "@geometry": "center"
      },
      "geometry": {
        "type": "Point",
        "coordinates": [
          29.1457921,
          40.9901826
        ]
      },
      "id": "way/1120989069"
    },
    {
      "type": "Feature",
      "properties": {
        "@id": "way/1122696045",
        "alt_name": "Camii; Cami; İbadethane; Mescit",
        "amenity": "place_of_worship",
        "building": "mosque",
        "denomination": "sunni",
        "name": "Zincirlikuyu Cami",
        "religion": "muslim",
        "source": "Maxar",
        "wikidata": "Q115729549",
        "wikimedia_commons": "Category:Zincirlikuyu Mosque",
        "@geometry": "center"
      },
      "geometry": {
        "type": "Point",
        "coordinates": [
          29.0086826,
          41.0730558
        ]
      },
      "id": "way/1122696045"
    },
    {
      "type": "Feature",
      "properties": {
        "@id": "way/1125382456",
        "historic": "ruins",
        "name": "Antik Roma Kalıntıları",
        "@geometry": "center"
      },
      "geometry": {
        "type": "Point",
        "coordinates": [
          28.6905805,
          41.0010854
        ]
      },
      "id": "way/1125382456"
    },
    {
      "type": "Feature",
      "properties": {
        "@id": "way/1126931435",
        "amenity": "place_of_worship",
        "building": "yes",
        "name": "Şenlik Dede Mescidi",
        "religion": "muslim",
        "wikidata": "Q127418557",
        "wikimedia_commons": "Category:Şenlik Dede Mescidi",
        "@geometry": "center"
      },
      "geometry": {
        "type": "Point",
        "coordinates": [
          28.9990601,
          41.0447315
        ]
      },
      "id": "way/1126931435"
    },
    {
      "type": "Feature",
      "properties": {
        "@id": "way/1128464951",
        "amenity": "place_of_worship",
        "building": "yes",
        "building:condition": "restoration",
        "name": "Kandilli Camii",
        "religion": "muslim",
        "wikidata": "Q127418338",
        "wikimedia_commons": "Category:Kandilli Mosque",
        "@geometry": "center"
      },
      "geometry": {
        "type": "Point",
        "coordinates": [
          29.0582391,
          41.0741146
        ]
      },
      "id": "way/1128464951"
    },
    {
      "type": "Feature",
      "properties": {
        "@id": "way/1143925673",
        "amenity": "place_of_worship",
        "building": "mosque",
        "denomination": "sunni",
        "name": "Ertuğrul Tekke Camii",
        "religion": "muslim",
        "wikidata": "Q31190970",
        "wikimedia_commons": "Category:Serhazin Süleyman Amber Ağa Mosque",
        "wikipedia": "tr:Serhazin Süleyman Amber Ağa Camii",
        "@geometry": "center"
      },
      "geometry": {
        "type": "Point",
        "coordinates": [
          29.0084708,
          41.043674
        ]
      },
      "id": "way/1143925673"
    },
    {
      "type": "Feature",
      "properties": {
        "@id": "way/1149690261",
        "amenity": "place_of_worship",
        "building": "yes",
        "name": "Hatice Sultan Camii, Alibeyköy",
        "religion": "muslim",
        "wikidata": "Q110815323",
        "wikimedia_commons": "Category:Hatice Sultan Mosque",
        "@geometry": "center"
      },
      "geometry": {
        "type": "Point",
        "coordinates": [
          28.9469725,
          41.0768278
        ]
      },
      "id": "way/1149690261"
    },
    {
      "type": "Feature",
      "properties": {
        "@id": "way/1151345326",
        "amenity": "place_of_worship",
        "building": "yes",
        "denomination": "sunni",
        "name": "Hüsrev Aga Mosque",
        "name:tr": "Hüsrev Ağa Camii",
        "religion": "muslim",
        "wikidata": "Q127418314",
        "@geometry": "center"
      },
      "geometry": {
        "type": "Point",
        "coordinates": [
          29.01228,
          41.0246387
        ]
      },
      "id": "way/1151345326"
    },
    {
      "type": "Feature",
      "properties": {
        "@id": "way/1151345518",
        "building": "mosque",
        "historic": "building",
        "name": "Mihrimah Sultan Sıbyan Mektebi",
        "wikidata": "Q122966445",
        "wikimedia_commons": "Category:Üsküdar Mihrimah Sultan Sıbyan Mektebi",
        "@geometry": "center"
      },
      "geometry": {
        "type": "Point",
        "coordinates": [
          29.0162189,
          41.0265168
        ]
      },
      "id": "way/1151345518"
    },
    {
      "type": "Feature",
      "properties": {
        "@id": "way/1153649968",
        "addr:city": "İstanbul",
        "building": "yes",
        "fee": "yes",
        "image": "https://i.panoramikmuze.com/storage/files/images/2022/08/04/0l6a0958-min-LcX5.jpg",
        "name": "Panorama 1453 Tarih Müzesi",
        "name:en": "Panorama 1453 History Museum",
        "name:fr": "Musée Panorama 1453",
        "name:ru": "Музей панорама 1453",
        "opening_hours": "08:00 - 18:30",
        "tourism": "museum",
        "website": "https://www.panoramikmuze.com/",
        "wikidata": "Q6090202",
        "wikimedia_commons": "Category:Panorama 1453 History Museum",
        "wikipedia": "tr:Panorama 1453 Tarih Müzesi",
        "@geometry": "center"
      },
      "geometry": {
        "type": "Point",
        "coordinates": [
          28.92041,
          41.0181549
        ]
      },
      "id": "way/1153649968"
    },
    {
      "type": "Feature",
      "properties": {
        "@id": "way/1153684927",
        "building": "yes",
        "height": "5",
        "historic": "monument",
        "image": "https://photos.app.goo.gl/m53AsNbSgVQbX6Pw8",
        "layer": "1",
        "name": "Çemberlitaş Sütunu",
        "name:ar": "عمود قسطنطين",
        "name:az": "Konstantin sütunu",
        "name:cs": "Konstantinův sloup",
        "name:de": "Konstantinssäule",
        "name:el": "Στήλη του Κωνσταντίνου Α΄",
        "name:en": "Column of Constantine",
        "name:es": "Columna de Constantino",
        "name:et": "Constantinuse sammas",
        "name:fa": "ستون کنستانتین",
        "name:fi": "Konstantinuksen pylväs",
        "name:fr": "Colonne de Constantin",
        "name:id": "Tugu Konstantinus",
        "name:it": "Colonna di Costantino",
        "name:ko": "쳄벨리타쉬 기둥",
        "name:la": "Columna Constantini",
        "name:mk": "Столб на Константин",
        "name:nl": "Zuil van Constantijn",
        "name:pl": "Kolumna Konstantyna",
        "name:pt": "Coluna de Constantino",
        "name:ro": "Coloana lui Constantin",
        "name:ru": "Колонна Константина",
        "name:sl": "Konstantinov steber",
        "name:sr": "Константинов стуб",
        "name:tr": "Çemberlitaş Sütunu",
        "name:uk": "Колона Костянтина",
        "name:ur": "قسطنطین کا ستون",
        "name:zh": "君士坦丁紀念柱/君士坦丁纪念柱",
        "name:zh-Hans": "君士坦丁纪念柱",
        "name:zh-Hant": "君士坦丁紀念柱",
        "tourism": "attraction",
        "wheelchair": "yes",
        "wikidata": "Q1247287",
        "wikimedia_commons": "Category:Column of Constantine",
        "wikipedia": "en:Column of Constantine",
        "@geometry": "center"
      },
      "geometry": {
        "type": "Point",
        "coordinates": [
          28.9712828,
          41.008553
        ]
      },
      "id": "way/1153684927"
    },
    {
      "type": "Feature",
      "properties": {
        "@id": "way/1153696843",
        "amenity": "place_of_worship",
        "building": "mosque",
        "denomination": "sunni",
        "name": "Şeyhülislam Mehmed Cemaleddin Efendi Camii",
        "name:ar": "جامع شيخ الإسلام محمد جمال الدين افندي",
        "religion": "muslim",
        "wikidata": "Q127418567",
        "wikimedia_commons": "Category:Şeyhülislam Mehmet Cemalettin Efendi Camii",
        "@geometry": "center"
      },
      "geometry": {
        "type": "Point",
        "coordinates": [
          28.9501897,
          41.0224072
        ]
      },
      "id": "way/1153696843"
    },
    {
      "type": "Feature",
      "properties": {
        "@id": "way/1153966162",
        "building": "yes",
        "description": "המוזיאון מכיל פסיפסים מהתקופה הביזנטית שהתגלו במקור בארמון הגדול של קונסטנטינופול אשר השתרע מההיפודרום וד לחוף ים מרמרה. Phone: +90 212 518-1205 Working hours: פתוח בין השעות 9:00 עד 19:00 (בין ה-15 באפריל עד ה-25 באוקטובר). פתוח בין השעות 9:00 עד 17:00 ב",
        "name": "Büyük Saray Mozaikleri Müzesi",
        "name:ar": "متحف بيوك ساراي ميوزاييك",
        "name:de": "Großer Palast (Mosaikenmuseum)",
        "name:en": "Great Palace Mosaic Museum",
        "name:fr": "Musée de la mosaïque du grand palais",
        "name:ru": "Музей мозаик",
        "name:zh": "大皇宫镶嵌画博物馆",
        "opening_hours": "closed",
        "tourism": "museum",
        "website": "https://muze.gen.tr/",
        "wikidata": "Q2719230",
        "wikimedia_commons": "Category:Great Palace Mosaic Museum",
        "wikipedia": "tr:Büyük Saray Mozaikleri Müzesi",
        "@geometry": "center"
      },
      "geometry": {
        "type": "Point",
        "coordinates": [
          28.977433,
          41.0042947
        ]
      },
      "id": "way/1153966162"
    },
    {
      "type": "Feature",
      "properties": {
        "@id": "way/1154204945",
        "amenity": "place_of_worship",
        "building": "yes",
        "name": "Aşçıbaşı Camii",
        "religion": "muslim",
        "wikidata": "Q127418116",
        "wikimedia_commons": "Category:Aşçıbaşı Mosque (Eyüpsultan)",
        "@geometry": "center"
      },
      "geometry": {
        "type": "Point",
        "coordinates": [
          28.934097,
          41.0397873
        ]
      },
      "id": "way/1154204945"
    },
    {
      "type": "Feature",
      "properties": {
        "@id": "way/1154212658",
        "addr:city": "İstanbul",
        "addr:district": "Eyüpsultan",
        "addr:housenumber": "33",
        "addr:neighbourhood": "Topçular",
        "addr:street": "Rami Kışla Caddesi",
        "amenity": "place_of_worship",
        "building": "mosque",
        "denomination": "sunni",
        "name": "Topçubaşı Esat Ağa Camii",
        "religion": "muslim",
        "start_date": "1452",
        "wikidata": "Q127418588",
        "@geometry": "center"
      },
      "geometry": {
        "type": "Point",
        "coordinates": [
          28.920517,
          41.0407015
        ]
      },
      "id": "way/1154212658"
    },
    {
      "type": "Feature",
      "properties": {
        "@id": "way/1154367786",
        "addr:district": "Eyüp",
        "addr:housenumber": "16",
        "addr:neighbourhood": "Nişanca Mahallesi",
        "addr:street": "Karayel Sokağı",
        "amenity": "place_of_worship",
        "building": "yes",
        "denomination": "armenian_apostolic",
        "name": "Surp Yeyğa Ermeni Kilisesi",
        "religion": "christian",
        "wikidata": "Q20471356",
        "wikimedia_commons": "Category:Surp Yeghia Church",
        "wikipedia": "tr:Surp Yeyğa Kilisesi",
        "@geometry": "center"
      },
      "geometry": {
        "type": "Point",
        "coordinates": [
          28.9312667,
          41.0431075
        ]
      },
      "id": "way/1154367786"
    },
    {
      "type": "Feature",
      "properties": {
        "@id": "way/1154598414",
        "alt_name": "Tophane-i Amire Sancak Kulesi",
        "building": "yes",
        "building:levels": "4",
        "man_made": "tower",
        "name": "Tophane Saat Kulesi",
        "name:en": "Tophane-i Amire Sanjak Tower",
        "panoramax": "edd56356-1831-4e8a-bb46-d1e0ece21976",
        "tower:type": "clock",
        "wikidata": "Q7070378",
        "wikimedia_commons": "Category:Tophane (Nusretiye) Clock Tower",
        "wikipedia": "tr:Tophane Saat Kulesi",
        "@geometry": "center"
      },
      "geometry": {
        "type": "Point",
        "coordinates": [
          28.9828829,
          41.0267095
        ]
      },
      "id": "way/1154598414"
    },
    {
      "type": "Feature",
      "properties": {
        "@id": "way/1154702450",
        "addr:housenumber": "4",
        "addr:postcode": "34122",
        "addr:street": "Piyer Loti Caddesi",
        "building": "yes",
        "building:levels": "3",
        "building:material": "glass",
        "charge": "650TRY",
        "check_date": "2024-10-30",
        "fee": "yes",
        "museum": "history",
        "name": "Şerefiye Sarnıcı",
        "name:de": "Theodosius Zisterne",
        "name:en": "Theodosius Cistern",
        "name:ru": "Цистерна Феодосия",
        "name:tr": "Şerefiye Sarnıcı",
        "name:zh": "狄奥多西地下宫殿",
        "name:zh-Hans": "狄奥多西地下宫殿",
        "name:zh-Hant": "狄奥多西地下宫殿",
        "opening_hours": "Mo-Su 09:00-18:00",
        "operator:type": "public",
        "payment:cash": "yes",
        "payment:credit_cards": "yes",
        "payment:debit_cards": "yes",
        "tourism": "museum",
        "website": "https://www.facebook.com/serefiyesarnici/",
        "wikidata": "Q3150393",
        "wikimedia_commons": "Category:Theodosius Cistern",
        "wikipedia": "en:Theodosius Cistern",
        "@geometry": "center"
      },
      "geometry": {
        "type": "Point",
        "coordinates": [
          28.9723954,
          41.0074148
        ]
      },
      "id": "way/1154702450"
    },
    {
      "type": "Feature",
      "properties": {
        "@id": "way/1156290681",
        "alt_name": "Balaban Tekkesi Kültür Evi",
        "building": "yes",
        "building:levels": "3",
        "historic": "building",
        "image": "https://web.archive.org/web/20161020230504im_/http://balabantekkesi.com/images/anasayfa_1.jpg",
        "name": "Balaban Tekkesi Mescidi",
        "website": "https://web.archive.org/web/20170922010902/http://balabantekkesi.com/",
        "wikidata": "Q6056856",
        "wikimedia_commons": "Category:Balaban Tekkesi Musjid",
        "wikipedia": "tr:Balaban Tekkesi Mescidi",
        "@geometry": "center"
      },
      "geometry": {
        "type": "Point",
        "coordinates": [
          29.0139971,
          41.0252787
        ]
      },
      "id": "way/1156290681"
    },
    {
      "type": "Feature",
      "properties": {
        "@id": "way/1157285007",
        "addr:city": "İstanbul",
        "addr:district": "Üsküdar",
        "addr:housenumber": "10",
        "addr:neighbourhood": "Kısıklı",
        "addr:postcode": "34692",
        "addr:street": "Minare sokak",
        "amenity": "place_of_worship",
        "building": "yes",
        "denomination": "sunni",
        "name": "Kısıklı Abdullahağa Camii",
        "religion": "muslim",
        "wikidata": "Q127418381",
        "wikimedia_commons": "Category:Kısıklı Mosque",
        "@geometry": "center"
      },
      "geometry": {
        "type": "Point",
        "coordinates": [
          29.063901,
          41.0222222
        ]
      },
      "id": "way/1157285007"
    },
    {
      "type": "Feature",
      "properties": {
        "@id": "way/1159577145",
        "amenity": "place_of_worship",
        "building": "mosque",
        "denomination": "sunni",
        "name": "Mustafa Kavsar Baba Camii",
        "religion": "muslim",
        "wikidata": "Q112609318",
        "wikimedia_commons": "Category:Mustafa Kavsar Baba Mosque",
        "@geometry": "center"
      },
      "geometry": {
        "type": "Point",
        "coordinates": [
          29.020966,
          41.0195893
        ]
      },
      "id": "way/1159577145"
    },
    {
      "type": "Feature",
      "properties": {
        "@id": "way/1165080906",
        "amenity": "place_of_worship",
        "building": "yes",
        "name": "Gümrükçü İshak Ağa Camii",
        "religion": "muslim",
        "wikidata": "Q127418257",
        "@geometry": "center"
      },
      "geometry": {
        "type": "Point",
        "coordinates": [
          29.0459415,
          41.1479023
        ]
      },
      "id": "way/1165080906"
    },
    {
      "type": "Feature",
      "properties": {
        "@id": "way/1169559444",
        "amenity": "place_of_worship",
        "building": "mosque",
        "denomination": "sunni",
        "name": "Kurfallı Köyü Camii",
        "religion": "muslim",
        "wikidata": "Q127418392",
        "wikipedia": "tr:Kurfallı Köyü Camii",
        "@geometry": "center"
      },
      "geometry": {
        "type": "Point",
        "coordinates": [
          28.2595022,
          41.2029626
        ]
      },
      "id": "way/1169559444"
    },
    {
      "type": "Feature",
      "properties": {
        "@id": "way/1178602629",
        "access_control": "no",
        "alt_name": "Evvelbent Kemeri",
        "architect": "Mimar Sinan",
        "bridge": "aqueduct",
        "bridge:structure": "arch",
        "building": "yes",
        "foot": "unknown",
        "historic": "aqueduct",
        "historic:civilization": "ottoman",
        "layer": "1",
        "length": "102",
        "material": "stone",
        "motor_vehicle": "no",
        "name": "Paşadere Su Kemeri",
        "name:en": "Paşadere Aqueduct",
        "name:ru": "Акведук Пашадере",
        "old_name": "Balıkzade Kemeri",
        "opening_date": "1554-1564",
        "smoothness": "very_bad",
        "wikidata": "Q110207149",
        "wikimedia_commons": "Category:Paşadere Aquaduct",
        "@geometry": "center"
      },
      "geometry": {
        "type": "Point",
        "coordinates": [
          28.9372664,
          41.1689967
        ]
      },
      "id": "way/1178602629"
    },
    {
      "type": "Feature",
      "properties": {
        "@id": "way/1179660573",
        "amenity": "place_of_worship",
        "building": "yes",
        "name": "Karadavud Paşa Camii",
        "name:ru": "Мечеть Кара Давут-паша",
        "religion": "muslim",
        "wikidata": "Q127418347",
        "wikimedia_commons": "Category:Karadavud Paşa Mosque",
        "@geometry": "center"
      },
      "geometry": {
        "type": "Point",
        "coordinates": [
          29.0162075,
          41.0231291
        ]
      },
      "id": "way/1179660573"
    },
    {
      "type": "Feature",
      "properties": {
        "@id": "way/1180153144",
        "amenity": "place_of_worship",
        "building": "mosque",
        "denomination": "sunni",
        "name": "Haci Şaban Camii",
        "name:ar": "جامع حاجي شعبان",
        "religion": "muslim",
        "wikidata": "Q127418279",
        "@geometry": "center"
      },
      "geometry": {
        "type": "Point",
        "coordinates": [
          28.9529024,
          41.0440114
        ]
      },
      "id": "way/1180153144"
    },
    {
      "type": "Feature",
      "properties": {
        "@id": "way/1183739769",
        "building": "yes",
        "historic": "tomb",
        "name": "Ak Baba Türbesi",
        "religion": "muslim",
        "wikidata": "Q119791698",
        "wikimedia_commons": "Category:Akbaba Türbesi",
        "@geometry": "center"
      },
      "geometry": {
        "type": "Point",
        "coordinates": [
          28.9656161,
          41.0332258
        ]
      },
      "id": "way/1183739769"
    },
    {
      "type": "Feature",
      "properties": {
        "@id": "way/1183800508",
        "building": "yes",
        "museum": "person",
        "name": "Atatürk Evi Müzesi",
        "tourism": "museum",
        "@geometry": "center"
      },
      "geometry": {
        "type": "Point",
        "coordinates": [
          28.7142712,
          40.9717933
        ]
      },
      "id": "way/1183800508"
    },
    {
      "type": "Feature",
      "properties": {
        "@id": "way/1184468634",
        "building": "yes",
        "historic": "building",
        "name": "Sarnıç, Beylerbeyi",
        "wikidata": "Q133826632",
        "wikimedia_commons": "Category:Sarnıç, Beylerbeyi",
        "@geometry": "center"
      },
      "geometry": {
        "type": "Point",
        "coordinates": [
          29.049474,
          41.045722
        ]
      },
      "id": "way/1184468634"
    },
    {
      "type": "Feature",
      "properties": {
        "@id": "way/1184472253",
        "building": "yes",
        "historic": "building",
        "name": "Sadullah Paşa Yalısı",
        "wikidata": "Q6020259",
        "wikimedia_commons": "Category:Sadullah Pasha Yalı",
        "wikipedia": "tr:Sadullah Paşa Yalısı",
        "@geometry": "center"
      },
      "geometry": {
        "type": "Point",
        "coordinates": [
          29.0523038,
          41.0490248
        ]
      },
      "id": "way/1184472253"
    },
    {
      "type": "Feature",
      "properties": {
        "@id": "way/1184851395",
        "historic": "archaeological_site",
        "name": "Bukoleon Sarayı Kalıntıları",
        "name:en": "Bucoleon Palace Ruins",
        "ruins": "yes",
        "@geometry": "center"
      },
      "geometry": {
        "type": "Point",
        "coordinates": [
          28.9760876,
          41.0024553
        ]
      },
      "id": "way/1184851395"
    },
    {
      "type": "Feature",
      "properties": {
        "@id": "way/1190363540",
        "amenity": "place_of_worship",
        "building": "mosque",
        "denomination": "sunni",
        "name": "Şeyh Sinan Camii",
        "religion": "muslim",
        "wikidata": "Q127418563",
        "@geometry": "center"
      },
      "geometry": {
        "type": "Point",
        "coordinates": [
          28.4352443,
          41.2899316
        ]
      },
      "id": "way/1190363540"
    },
    {
      "type": "Feature",
      "properties": {
        "@id": "way/1193101391",
        "historic": "castle",
        "@geometry": "center"
      },
      "geometry": {
        "type": "Point",
        "coordinates": [
          28.5221115,
          41.0918607
        ]
      },
      "id": "way/1193101391"
    },
    {
      "type": "Feature",
      "properties": {
        "@id": "way/1197779763",
        "building": "yes",
        "historic": "building",
        "name": "Sirkeci Dede Türbesi",
        "wikidata": "Q121423006",
        "wikimedia_commons": "Category:Sirkeci Dede Türbesi",
        "@geometry": "center"
      },
      "geometry": {
        "type": "Point",
        "coordinates": [
          28.9558135,
          41.0273753
        ]
      },
      "id": "way/1197779763"
    },
    {
      "type": "Feature",
      "properties": {
        "@id": "way/1197780727",
        "building": "yes",
        "historic": "tomb",
        "name": "Aya Dede Türbesi",
        "wikidata": "Q121423053",
        "wikimedia_commons": "Category:Aya Dede Türbesi",
        "@geometry": "center"
      },
      "geometry": {
        "type": "Point",
        "coordinates": [
          28.9560103,
          41.0277004
        ]
      },
      "id": "way/1197780727"
    },
    {
      "type": "Feature",
      "properties": {
        "@id": "way/1197813748",
        "building": "yes",
        "historic": "building",
        "name": "Cumhuriyet Çeşmesi",
        "wikidata": "Q121423214",
        "wikimedia_commons": "Category:Cumhuriyet Çeşmesi",
        "wikipedia": "tr:Cumhuriyet Çeşmesi",
        "@geometry": "center"
      },
      "geometry": {
        "type": "Point",
        "coordinates": [
          28.956385,
          41.0278007
        ]
      },
      "id": "way/1197813748"
    },
    {
      "type": "Feature",
      "properties": {
        "@id": "way/1198077308",
        "building": "yes",
        "historic": "building",
        "name": "Haraççı Çeşmesi",
        "wikidata": "Q121436052",
        "wikimedia_commons": "Category:Haraççı Çeşmesi, Cibali",
        "@geometry": "center"
      },
      "geometry": {
        "type": "Point",
        "coordinates": [
          28.9602523,
          41.0233848
        ]
      },
      "id": "way/1198077308"
    },
    {
      "type": "Feature",
      "properties": {
        "@id": "way/1198136928",
        "building": "yes",
        "historic": "building",
        "name": "İhramcı Mehmet Sıddık Efendi Çeşmesi",
        "wikidata": "Q121438717",
        "wikimedia_commons": "Category:İhramcı Mehmet Sıddık Efendi Çeşmesi",
        "@geometry": "center"
      },
      "geometry": {
        "type": "Point",
        "coordinates": [
          28.9560542,
          41.0269222
        ]
      },
      "id": "way/1198136928"
    },
    {
      "type": "Feature",
      "properties": {
        "@id": "way/1198401614",
        "amenity": "place_of_worship",
        "building": "mosque",
        "denomination": "sunni",
        "name": "Molla Hüsrev Camii",
        "name:ar": "جامع مولا هوسريف",
        "religion": "muslim",
        "wikidata": "Q121466110",
        "wikimedia_commons": "Category:Molla Hüsrev Camii, Küçükmustafapaşa",
        "@geometry": "center"
      },
      "geometry": {
        "type": "Point",
        "coordinates": [
          28.9559176,
          41.0263785
        ]
      },
      "id": "way/1198401614"
    },
    {
      "type": "Feature",
      "properties": {
        "@id": "way/1198409150",
        "building": "yes",
        "historic": "building",
        "name": "Nalıncı Kasım Sokak Çeşmesi",
        "wikidata": "Q121466582",
        "wikimedia_commons": "Category:Nalıncı Kasım Sokak Çeşmesi",
        "wikipedia": "tr:Nalıncı Kasım Sokak Çeşmesi",
        "@geometry": "center"
      },
      "geometry": {
        "type": "Point",
        "coordinates": [
          28.9580439,
          41.0254339
        ]
      },
      "id": "way/1198409150"
    },
    {
      "type": "Feature",
      "properties": {
        "@id": "way/1202323545",
        "building": "yes",
        "historic": "ruins",
        "historic:civilization": "modern",
        "name": "Korugan",
        "ruins": "bunker",
        "wikidata": "Q6098756",
        "wikipedia": "tr:Çakmak Hattı",
        "@geometry": "center"
      },
      "geometry": {
        "type": "Point",
        "coordinates": [
          28.5460325,
          41.1236076
        ]
      },
      "id": "way/1202323545"
    },
    {
      "type": "Feature",
      "properties": {
        "@id": "way/1202927901",
        "building": "yes",
        "historic": "building",
        "name": "İskender Bey Çeşmesi",
        "wikidata": "Q112147683",
        "wikimedia_commons": "Category:İskender Bey Çeşmesi",
        "wikipedia": "tr:İskender Bey Çeşmesi",
        "@geometry": "center"
      },
      "geometry": {
        "type": "Point",
        "coordinates": [
          28.9433611,
          41.0393845
        ]
      },
      "id": "way/1202927901"
    },
    {
      "type": "Feature",
      "properties": {
        "@id": "way/1202955220",
        "building": "yes",
        "historic": "building",
        "name": "İvaz Efendi Çeşmesi",
        "wikidata": "Q121944252",
        "wikimedia_commons": "Category:İvaz Efendi Çeşmesi",
        "wikipedia": "tr:İvaz Efendi Çeşmesi",
        "@geometry": "center"
      },
      "geometry": {
        "type": "Point",
        "coordinates": [
          28.941147,
          41.0378894
        ]
      },
      "id": "way/1202955220"
    },
    {
      "type": "Feature",
      "properties": {
        "@id": "way/1203329380",
        "building": "yes",
        "historic": "fountain",
        "name": "Eğrikapı Çeşmesi",
        "wikidata": "Q122050868",
        "wikimedia_commons": "Category:Eğrikapı Çeşmesi",
        "wikipedia": "tr:Eğrikapı Çeşmesi",
        "@geometry": "center"
      },
      "geometry": {
        "type": "Point",
        "coordinates": [
          28.9397283,
          41.0364553
        ]
      },
      "id": "way/1203329380"
    },
    {
      "type": "Feature",
      "properties": {
        "@id": "way/1203332143",
        "building": "yes",
        "historic": "tomb",
        "name": "Ebu Şeybe El-Hudri Türbesi",
        "wikidata": "Q122051242",
        "wikimedia_commons": "Category:Ebu Şeybe El-Hudri Türbesi",
        "@geometry": "center"
      },
      "geometry": {
        "type": "Point",
        "coordinates": [
          28.941413,
          41.0393053
        ]
      },
      "id": "way/1203332143"
    },
    {
      "type": "Feature",
      "properties": {
        "@id": "way/1204011157",
        "building": "yes",
        "historic": "building",
        "name": "Yakup Kethüda Çeşmesi",
        "wikidata": "Q118402326",
        "wikimedia_commons": "Category:Yakup Kethüda Çeşmesi, Sulukule",
        "wikipedia": "tr:Yakup Kethüda Çeşmesi (Sulukule)",
        "@geometry": "center"
      },
      "geometry": {
        "type": "Point",
        "coordinates": [
          28.9333602,
          41.0256892
        ]
      },
      "id": "way/1204011157"
    },
    {
      "type": "Feature",
      "properties": {
        "@id": "way/1204498299",
        "building": "yes",
        "historic": "building",
        "name": "Lohusa Sultan Türbesi",
        "wikidata": "Q119644795",
        "wikimedia_commons": "Category:Lohusa Sultan Türbesi",
        "@geometry": "center"
      },
      "geometry": {
        "type": "Point",
        "coordinates": [
          28.9706165,
          41.0283616
        ]
      },
      "id": "way/1204498299"
    },
    {
      "type": "Feature",
      "properties": {
        "@id": "way/1204510205",
        "historic": "memorial",
        "name": "Cezayirli Gazi Hasan Paşa Anıtı",
        "wikidata": "Q119727507",
        "wikimedia_commons": "Category:Statue of Cezayirli Gazi Hasan Pasha, Istanbul",
        "wikipedia": "tr:Cezayirli Gazi Hasan Paşa Anıtı (İstanbul)",
        "@geometry": "center"
      },
      "geometry": {
        "type": "Point",
        "coordinates": [
          28.9671643,
          41.0305513
        ]
      },
      "id": "way/1204510205"
    },
    {
      "type": "Feature",
      "properties": {
        "@id": "way/1204730276",
        "building": "yes",
        "historic": "building",
        "name": "Lahanacılar Çeşmesi",
        "wikidata": "Q113407492",
        "wikimedia_commons": "Category:Serkavas Ahmet Ağa Lahanacılar Fountain",
        "wikipedia": "tr:Lahanacılar Çeşmesi",
        "@geometry": "center"
      },
      "geometry": {
        "type": "Point",
        "coordinates": [
          29.0526526,
          41.0507907
        ]
      },
      "id": "way/1204730276"
    },
    {
      "type": "Feature",
      "properties": {
        "@id": "way/1204746532",
        "building": "yes",
        "historic": "building",
        "name": "Cezayirli Gazi Hasan Paşa Çeşmesi",
        "wikidata": "Q119729640",
        "wikimedia_commons": "Category:Cezayirli Gazi Hasan Paşa Çeşmesi, Çatma Mescit",
        "@geometry": "center"
      },
      "geometry": {
        "type": "Point",
        "coordinates": [
          28.9688975,
          41.0322939
        ]
      },
      "id": "way/1204746532"
    },
    {
      "type": "Feature",
      "properties": {
        "@id": "way/1206724765",
        "building": "yes",
        "historic": "building",
        "name": "Çavuşzade Ahmet Efendi Çeşmesi",
        "wikidata": "Q122382690",
        "wikimedia_commons": "Category:Çavuşzade Ahmet Efendi Çeşmesi",
        "wikipedia": "tr:Çavuşzade Ahmet Efendi Çeşmesi",
        "@geometry": "center"
      },
      "geometry": {
        "type": "Point",
        "coordinates": [
          28.9312268,
          41.0048884
        ]
      },
      "id": "way/1206724765"
    },
    {
      "type": "Feature",
      "properties": {
        "@id": "way/1209127312",
        "building": "yes",
        "historic": "building",
        "name": "Hasan Ağa Çeşmesi",
        "wikidata": "Q122705303",
        "wikimedia_commons": "Category:Hasan Ağa Çeşmesi, Topkapı",
        "@geometry": "center"
      },
      "geometry": {
        "type": "Point",
        "coordinates": [
          28.9299883,
          41.0215982
        ]
      },
      "id": "way/1209127312"
    },
    {
      "type": "Feature",
      "properties": {
        "@id": "way/1209175967",
        "building": "yes",
        "historic": "building",
        "name": "Arpa Emini Çeşmesi",
        "wikidata": "Q122706407",
        "wikimedia_commons": "Category:Arpa Emini Çeşmesi",
        "@geometry": "center"
      },
      "geometry": {
        "type": "Point",
        "coordinates": [
          28.9325394,
          41.0206865
        ]
      },
      "id": "way/1209175967"
    },
    {
      "type": "Feature",
      "properties": {
        "@id": "way/1209182351",
        "colour": "white",
        "height": "4",
        "historic": "memorial",
        "material": "stone",
        "memorial": "sculpture",
        "name": "Bakireler Anıtı",
        "roof:shape": "dome",
        "wikidata": "Q5996935",
        "wikimedia_commons": "Category:Bakireler Anıtı",
        "wikipedia": "tr:Bakireler Anıtı",
        "@geometry": "center"
      },
      "geometry": {
        "type": "Point",
        "coordinates": [
          29.1236051,
          40.9262946
        ]
      },
      "id": "way/1209182351"
    },
    {
      "type": "Feature",
      "properties": {
        "@id": "way/1209186061",
        "amenity": "place_of_worship",
        "building": "mosque",
        "name": "Arpa Emini Mescidi",
        "religion": "muslim",
        "wikidata": "Q122706605",
        "wikimedia_commons": "Category:Arpa Emini Mescidi",
        "@geometry": "center"
      },
      "geometry": {
        "type": "Point",
        "coordinates": [
          28.9319001,
          41.0204459
        ]
      },
      "id": "way/1209186061"
    },
    {
      "type": "Feature",
      "properties": {
        "@id": "way/1209843521",
        "name": "Mermer Köşk",
        "tourism": "museum",
        "wikidata": "Q117227058",
        "wikimedia_commons": "Category:Marble Pavilion",
        "wikipedia": "tr:Mermer Köşk",
        "@geometry": "center"
      },
      "geometry": {
        "type": "Point",
        "coordinates": [
          29.0402107,
          41.0408462
        ]
      },
      "id": "way/1209843521"
    },
    {
      "type": "Feature",
      "properties": {
        "@id": "way/1209845848",
        "name": "Ahır Köşkü",
        "tourism": "museum",
        "wikidata": "Q118119298",
        "wikipedia": "tr:Ahır Köşkü",
        "@geometry": "center"
      },
      "geometry": {
        "type": "Point",
        "coordinates": [
          29.038854,
          41.0409539
        ]
      },
      "id": "way/1209845848"
    },
    {
      "type": "Feature",
      "properties": {
        "@id": "way/1211940084",
        "addr:city": "İstanbul",
        "addr:district": "Sarıyer",
        "addr:housenumber": "109",
        "addr:neighbourhood": "Büyükdere",
        "addr:postcode": "34453",
        "addr:street": "Piyasa Caddesi",
        "building": "yes",
        "building:levels": "3",
        "name": "Vehbi Koç Evi",
        "tourism": "museum",
        "@geometry": "center"
      },
      "geometry": {
        "type": "Point",
        "coordinates": [
          29.0527977,
          41.1652679
        ]
      },
      "id": "way/1211940084"
    },
    {
      "type": "Feature",
      "properties": {
        "@id": "way/1212120863",
        "building": "yes",
        "historic": "building",
        "name": "Ahmet Kemali Efendi Çeşmesi",
        "wikidata": "Q6020014",
        "wikimedia_commons": "Category:Ahmet Kemal Efendi Fountain",
        "wikipedia": "tr:Ahmet Kemali Efendi Çeşmesi",
        "@geometry": "center"
      },
      "geometry": {
        "type": "Point",
        "coordinates": [
          29.0583473,
          41.1689701
        ]
      },
      "id": "way/1212120863"
    },
    {
      "type": "Feature",
      "properties": {
        "@id": "way/1212123798",
        "building": "yes",
        "historic": "building",
        "name": "Rakım Paşa Çeşmesi",
        "wikidata": "Q116298429",
        "wikimedia_commons": "Category:Rakım Paşa Çeşmesi",
        "wikipedia": "tr:Rakım Paşa Çeşmesi",
        "@geometry": "center"
      },
      "geometry": {
        "type": "Point",
        "coordinates": [
          29.0566682,
          41.0886017
        ]
      },
      "id": "way/1212123798"
    },
    {
      "type": "Feature",
      "properties": {
        "@id": "way/1212990939",
        "amenity": "place_of_worship",
        "building": "yes",
        "name": "Mor Efrem Süryani Kadim Ortodoks Kilisesi",
        "name:ar": "كنيسة مار أفرام السريانية الأرثوذكسية",
        "name:en": "The Syriac Orthodox Church of St Ephrem",
        "religion": "christian",
        "wikidata": "Q122950173",
        "wikimedia_commons": "Category:Saint Ephraem Syrus Church, Yeşilköy",
        "wikipedia": "tr:Mor Efrem Süryani Kilisesi",
        "@geometry": "center"
      },
      "geometry": {
        "type": "Point",
        "coordinates": [
          28.8246283,
          40.959775
        ]
      },
      "id": "way/1212990939"
    },
    {
      "type": "Feature",
      "properties": {
        "@id": "way/1214153093",
        "building": "yes",
        "historic": "building",
        "name": "Hacı Mahmut Efendi Kütüphanesi",
        "wikidata": "Q122978920",
        "wikimedia_commons": "Category:Hacı Mahmut Efendi Library",
        "@geometry": "center"
      },
      "geometry": {
        "type": "Point",
        "coordinates": [
          29.0174825,
          41.0456576
        ]
      },
      "id": "way/1214153093"
    },
    {
      "type": "Feature",
      "properties": {
        "@id": "way/1214227895",
        "access": "yes",
        "building": "yes",
        "historic": "tomb",
        "name": "Yahya Efendi Türbesi",
        "tomb": "mausoleum",
        "wikidata": "Q6059842",
        "wikimedia_commons": "Category:Tomb of Yahya Efendi",
        "wikipedia": "tr:Yahya Efendi Türbesi",
        "@geometry": "center"
      },
      "geometry": {
        "type": "Point",
        "coordinates": [
          29.0178512,
          41.0457962
        ]
      },
      "id": "way/1214227895"
    },
    {
      "type": "Feature",
      "properties": {
        "@id": "way/1214228978",
        "access": "yes",
        "building": "yes",
        "building:part": "yes",
        "historic": "tomb",
        "name": "Güzelce Ali Paşa Türbesi",
        "tomb": "mausoleum",
        "wikidata": "Q122980110",
        "wikimedia_commons": "Category:Tomb of Güzelce Ali Paşa",
        "@geometry": "center"
      },
      "geometry": {
        "type": "Point",
        "coordinates": [
          29.018088,
          41.0457265
        ]
      },
      "id": "way/1214228978"
    },
    {
      "type": "Feature",
      "properties": {
        "@id": "way/1214231431",
        "addr:city": "İstanbul",
        "addr:district": "Beşiktaş",
        "addr:neighbourhood": "Yıldız",
        "addr:street": "Yahya Efendi Sokağı",
        "amenity": "place_of_worship",
        "building": "mosque",
        "denomination": "sunni",
        "name": "Yahya Efendi Camii",
        "religion": "muslim",
        "wikidata": "Q122980173",
        "wikimedia_commons": "Category:Yahya Efendi Mosque",
        "@geometry": "center"
      },
      "geometry": {
        "type": "Point",
        "coordinates": [
          29.0179185,
          41.0456894
        ]
      },
      "id": "way/1214231431"
    },
    {
      "type": "Feature",
      "properties": {
        "@id": "way/1215080689",
        "addr:city": "İstanbul",
        "addr:district": "Beşiktaş",
        "addr:neighbourhood": "Yıldız",
        "addr:street": "Yahya Efendi Sokağı",
        "historic": "yes",
        "name": "Yahya Efendi Külliyesi",
        "wikidata": "Q122860130",
        "wikimedia_commons": "Category:Yahya Efendi Külliyesi",
        "wikipedia": "tr:Yahya Efendi Külliyesi",
        "@geometry": "center"
      },
      "geometry": {
        "type": "Point",
        "coordinates": [
          29.0179819,
          41.0460998
        ]
      },
      "id": "way/1215080689"
    },
    {
      "type": "Feature",
      "properties": {
        "@id": "way/1215606084",
        "addr:city": "İstanbul",
        "addr:district": "Beşiktaş",
        "addr:street": "Yahya Efendi Sokağı",
        "building": "yes",
        "historic": "building",
        "name": "Matnah-ı Şerif",
        "wikidata": "Q123046850",
        "wikimedia_commons": "Category:Yahya Efendi - Matbah-ı Şerif",
        "@geometry": "center"
      },
      "geometry": {
        "type": "Point",
        "coordinates": [
          29.0183689,
          41.0464698
        ]
      },
      "id": "way/1215606084"
    },
    {
      "type": "Feature",
      "properties": {
        "@id": "way/1217159413",
        "addr:city": "İstanbul",
        "addr:district": "Zeytinburnu",
        "amenity": "place_of_worship",
        "building": "yes",
        "denomination": "sunni",
        "name": "Takkeci Ibrahim Ağa Camii",
        "name:ar": "جامع ابراهيم اغا",
        "religion": "muslim",
        "wikidata": "Q125471606",
        "wikimedia_commons": "Category:Takkeci Ibrahim Cavus Mosque",
        "wikipedia": "tr:Takkeci İbrahim Ağa Külliyesi",
        "@geometry": "center"
      },
      "geometry": {
        "type": "Point",
        "coordinates": [
          28.9196461,
          41.021476
        ]
      },
      "id": "way/1217159413"
    },
    {
      "type": "Feature",
      "properties": {
        "@id": "way/1223164519",
        "amenity": "place_of_worship",
        "building": "mosque",
        "denomination": "sunni",
        "name": "Çarşı Camii",
        "religion": "muslim",
        "wikidata": "Q111979068",
        "wikimedia_commons": "Category:Büyükada Çarşı Mosque",
        "@geometry": "center"
      },
      "geometry": {
        "type": "Point",
        "coordinates": [
          29.1305914,
          40.8745377
        ]
      },
      "id": "way/1223164519"
    },
    {
      "type": "Feature",
      "properties": {
        "@id": "way/1225939454",
        "name": "Beşiktaş Meydanı",
        "place": "square",
        "wikidata": "Q31190964",
        "wikipedia": "tr:Beşiktaş Meydanı",
        "@geometry": "center"
      },
      "geometry": {
        "type": "Point",
        "coordinates": [
          29.0069884,
          41.0417283
        ]
      },
      "id": "way/1225939454"
    },
    {
      "type": "Feature",
      "properties": {
        "@id": "way/1233369815",
        "addr:city": "İstanbul",
        "addr:district": "Maltepe",
        "amenity": "place_of_worship",
        "building": "mosque",
        "name": "Feyzullah Efendi Cami",
        "religion": "muslim",
        "wikidata": "Q127418247",
        "@geometry": "center"
      },
      "geometry": {
        "type": "Point",
        "coordinates": [
          29.1298437,
          40.9201921
        ]
      },
      "id": "way/1233369815"
    },
    {
      "type": "Feature",
      "properties": {
        "@id": "way/1242313236",
        "amenity": "place_of_worship",
        "building": "yes",
        "name": "Zeynep Hatun Camii",
        "wikidata": "Q127418639",
        "wikimedia_commons": "Category:Zeynep Hatun Mosque",
        "@geometry": "center"
      },
      "geometry": {
        "type": "Point",
        "coordinates": [
          28.9326611,
          41.055446
        ]
      },
      "id": "way/1242313236"
    },
    {
      "type": "Feature",
      "properties": {
        "@id": "way/1242362894",
        "amenity": "place_of_worship",
        "building": "yes",
        "name": "Kürkçübaşı Camii",
        "religion": "muslim",
        "wikidata": "Q127418399",
        "@geometry": "center"
      },
      "geometry": {
        "type": "Point",
        "coordinates": [
          29.0523633,
          41.1151015
        ]
      },
      "id": "way/1242362894"
    },
    {
      "type": "Feature",
      "properties": {
        "@id": "way/1242363921",
        "amenity": "place_of_worship",
        "building": "yes",
        "name": "Neslişah Sultan Camii",
        "religion": "muslim",
        "wikidata": "Q127418458",
        "@geometry": "center"
      },
      "geometry": {
        "type": "Point",
        "coordinates": [
          29.0516243,
          41.1140015
        ]
      },
      "id": "way/1242363921"
    },
    {
      "type": "Feature",
      "properties": {
        "@id": "way/1242363993",
        "amenity": "place_of_worship",
        "building": "yes",
        "name": "İstinye İtfaiye Camii",
        "religion": "muslim",
        "wikidata": "Q127418330",
        "@geometry": "center"
      },
      "geometry": {
        "type": "Point",
        "coordinates": [
          29.054953,
          41.1150581
        ]
      },
      "id": "way/1242363993"
    },
    {
      "type": "Feature",
      "properties": {
        "@id": "way/1242819304",
        "amenity": "place_of_worship",
        "building": "mosque",
        "denomination": "sunni",
        "name": "Hacı Osman Ağa Camii",
        "religion": "muslim",
        "wikidata": "Q127418276",
        "@geometry": "center"
      },
      "geometry": {
        "type": "Point",
        "coordinates": [
          29.6150608,
          41.1774501
        ]
      },
      "id": "way/1242819304"
    },
    {
      "type": "Feature",
      "properties": {
        "@id": "way/1243524836",
        "addr:city": "İstanbul",
        "addr:district": "Bakırköy",
        "addr:housenumber": "34",
        "addr:neighbourhood": "Yeşilköy Mah.",
        "addr:street": "Yeşilköy İskele Caddesi",
        "building": "yes",
        "name": "Sanat Evi ve Kent Müzesi",
        "tourism": "museum",
        "@geometry": "center"
      },
      "geometry": {
        "type": "Point",
        "coordinates": [
          28.8211794,
          40.9559888
        ]
      },
      "id": "way/1243524836"
    },
    {
      "type": "Feature",
      "properties": {
        "@id": "way/1243989069",
        "amenity": "place_of_worship",
        "building": "yes",
        "name": "Karaderviş Ağa Çarşı Cami",
        "religion": "muslim",
        "wikidata": "Q127418191",
        "wikimedia_commons": "Category:Karadervişağa Çarşı Moqsue",
        "@geometry": "center"
      },
      "geometry": {
        "type": "Point",
        "coordinates": [
          28.8751536,
          40.9787408
        ]
      },
      "id": "way/1243989069"
    },
    {
      "type": "Feature",
      "properties": {
        "@id": "way/1245464080",
        "access": "yes",
        "building": "yes",
        "historic": "ruins",
        "historic:civilization": "modern",
        "name": "St. George's Anglikan Kilisesi",
        "name:en": "St.George's Anglican Church",
        "ruins": "yes",
        "@geometry": "center"
      },
      "geometry": {
        "type": "Point",
        "coordinates": [
          28.9622994,
          41.1909176
        ]
      },
      "id": "way/1245464080"
    },
    {
      "type": "Feature",
      "properties": {
        "@id": "way/1246037161",
        "architect": "Raimondo D'Aronco",
        "building": "yes",
        "building:material": "wood",
        "building:use": "historic",
        "construction": "renovation",
        "description": "1905-1906 yıllarında Raimondo D’Aronco tarafından tasarlanan, Tarabya’da yer alan tarihi ahşap İtalyan yazlık elçilik binası.",
        "historic": "building",
        "name": "İtalyan Yazlık Elçiliği",
        "owner": "Italian Republic",
        "start_date": "1906",
        "wikidata": "Q133683457",
        "@geometry": "center"
      },
      "geometry": {
        "type": "Point",
        "coordinates": [
          29.0569765,
          41.140726
        ]
      },
      "id": "way/1246037161"
    },
    {
      "type": "Feature",
      "properties": {
        "@id": "way/1250251972",
        "amenity": "place_of_worship",
        "building": "mosque",
        "denomination": "sunni",
        "name": "Zekeriyaköy Camii",
        "religion": "muslim",
        "wikidata": "Q127418637",
        "@geometry": "center"
      },
      "geometry": {
        "type": "Point",
        "coordinates": [
          29.0286568,
          41.1969057
        ]
      },
      "id": "way/1250251972"
    },
    {
      "type": "Feature",
      "properties": {
        "@id": "way/1263746655",
        "amenity": "place_of_worship",
        "building": "mosque",
        "denomination": "sunni",
        "name": "Kartal Merkez Camii",
        "name:ar": "جامع كارتال",
        "panoramax": "cecbd58f-f1e6-48b0-993a-140bff9e9d7d",
        "religion": "muslim",
        "wikidata": "Q127418354",
        "@geometry": "center"
      },
      "geometry": {
        "type": "Point",
        "coordinates": [
          29.1862316,
          40.8888901
        ]
      },
      "id": "way/1263746655"
    },
    {
      "type": "Feature",
      "properties": {
        "@id": "way/1264048698",
        "amenity": "place_of_worship",
        "building": "mosque",
        "denomination": "sunni",
        "name": "Başıbüyük camii",
        "religion": "muslim",
        "wikidata": "Q127418134",
        "wikimedia_commons": "Category:Başıbüyük Merkez Mosque",
        "@geometry": "center"
      },
      "geometry": {
        "type": "Point",
        "coordinates": [
          29.1472009,
          40.9587815
        ]
      },
      "id": "way/1264048698"
    },
    {
      "type": "Feature",
      "properties": {
        "@id": "way/1268145851",
        "amenity": "place_of_worship",
        "building": "yes",
        "name": "18 Sekbanlar Cami",
        "religion": "muslim",
        "wikidata": "Q127418332",
        "@geometry": "center"
      },
      "geometry": {
        "type": "Point",
        "coordinates": [
          28.956009,
          41.013128
        ]
      },
      "id": "way/1268145851"
    },
    {
      "type": "Feature",
      "properties": {
        "@id": "way/1272157516",
        "area": "yes",
        "historic": "ruins",
        "image": "https://photos.app.goo.gl/g3Sdqxinf2AsJDsE6",
        "name": "SARNIÇ CISTERN",
        "@geometry": "center"
      },
      "geometry": {
        "type": "Point",
        "coordinates": [
          28.9838441,
          41.0120848
        ]
      },
      "id": "way/1272157516"
    },
    {
      "type": "Feature",
      "properties": {
        "@id": "way/1277933485",
        "amenity": "place_of_worship",
        "building": "mosque",
        "denomination": "sunni",
        "name": "Selimpaşa Tarihi Eski Camii",
        "religion": "muslim",
        "source": "microsoft/BuildingFootprints",
        "wikidata": "Q132134490",
        "wikipedia": "tr:Selimpaşa Tarihi Eski Camii",
        "@geometry": "center"
      },
      "geometry": {
        "type": "Point",
        "coordinates": [
          28.3672021,
          41.0537274
        ]
      },
      "id": "way/1277933485"
    },
    {
      "type": "Feature",
      "properties": {
        "@id": "way/1282378824",
        "amenity": "place_of_worship",
        "building": "mosque",
        "denomination": "sunni",
        "name": "Isman Reis Camii",
        "name:ar": "جامع عثمان ريسس",
        "religion": "muslim",
        "wikidata": "Q127418469",
        "wikimedia_commons": "Category:Osman Reis Mosque",
        "wikipedia": "tr:Osman Reis Camii",
        "@geometry": "center"
      },
      "geometry": {
        "type": "Point",
        "coordinates": [
          29.0621786,
          41.1145517
        ]
      },
      "id": "way/1282378824"
    },
    {
      "type": "Feature",
      "properties": {
        "@id": "way/1284378697",
        "amenity": "place_of_worship",
        "building": "mosque",
        "denomination": "sunni",
        "name": "Çandarlızade Atik İbrahim Paşa Camii",
        "religion": "muslim",
        "wikidata": "Q111073658",
        "wikimedia_commons": "Category:Çandarlızade Atik İbrahim Pasha Mosque",
        "@geometry": "center"
      },
      "geometry": {
        "type": "Point",
        "coordinates": [
          28.9682513,
          41.0147325
        ]
      },
      "id": "way/1284378697"
    },
    {
      "type": "Feature",
      "properties": {
        "@id": "way/1291215947",
        "area": "yes",
        "historic": "ruins",
        "historic:civilization": "ottoman",
        "name": "Tomyaz II Tabyası",
        "ruins": "military",
        "@geometry": "center"
      },
      "geometry": {
        "type": "Point",
        "coordinates": [
          28.570074,
          41.1445524
        ]
      },
      "id": "way/1291215947"
    },
    {
      "type": "Feature",
      "properties": {
        "@id": "way/1301657952",
        "amenity": "place_of_worship",
        "building": "yes",
        "name": "Süleyman Subaşı Mescidi",
        "religion": "muslim",
        "wikidata": "Q127418545",
        "@geometry": "center"
      },
      "geometry": {
        "type": "Point",
        "coordinates": [
          28.9288075,
          41.0385475
        ]
      },
      "id": "way/1301657952"
    },
    {
      "type": "Feature",
      "properties": {
        "@id": "way/1301658115",
        "amenity": "place_of_worship",
        "building": "yes",
        "name": "Davut Ağa Mescidi",
        "religion": "muslim",
        "wikidata": "Q127418209",
        "@geometry": "center"
      },
      "geometry": {
        "type": "Point",
        "coordinates": [
          28.9318154,
          41.0394785
        ]
      },
      "id": "way/1301658115"
    },
    {
      "type": "Feature",
      "properties": {
        "@id": "way/1301661168",
        "amenity": "place_of_worship",
        "building": "yes",
        "name": "Nazperver Camii",
        "religion": "muslim",
        "wikidata": "Q127418457",
        "@geometry": "center"
      },
      "geometry": {
        "type": "Point",
        "coordinates": [
          28.9334405,
          41.0406575
        ]
      },
      "id": "way/1301661168"
    },
    {
      "type": "Feature",
      "properties": {
        "@id": "way/1301662159",
        "amenity": "place_of_worship",
        "building": "yes",
        "name": "Nişancı Mustafa Paşa Camii (Eyüpsultan)",
        "religion": "muslim",
        "wikidata": "Q127418463",
        "@geometry": "center"
      },
      "geometry": {
        "type": "Point",
        "coordinates": [
          28.9307477,
          41.0407046
        ]
      },
      "id": "way/1301662159"
    },
    {
      "type": "Feature",
      "properties": {
        "@id": "way/1301847475",
        "amenity": "place_of_worship",
        "building": "yes",
        "name": "Arpacı Hayrettin Camii",
        "religion": "muslim",
        "wikidata": "Q127418112",
        "wikimedia_commons": "Category:Arpacı Hayrettin Mosque",
        "@geometry": "center"
      },
      "geometry": {
        "type": "Point",
        "coordinates": [
          28.9358417,
          41.0420886
        ]
      },
      "id": "way/1301847475"
    },
    {
      "type": "Feature",
      "properties": {
        "@id": "way/1301847586",
        "amenity": "place_of_worship",
        "building": "mosque",
        "denomination": "sunni",
        "name": "Selahi Mehmet Efendi Camii",
        "religion": "muslim",
        "wikidata": "Q31190593",
        "wikimedia_commons": "Category:Selahi Mehmet Efendi Mosque",
        "wikipedia": "tr:Silahi Mehmed Bey Camii",
        "@geometry": "center"
      },
      "geometry": {
        "type": "Point",
        "coordinates": [
          28.9354469,
          41.0445581
        ]
      },
      "id": "way/1301847586"
    },
    {
      "type": "Feature",
      "properties": {
        "@id": "way/1301852897",
        "amenity": "place_of_worship",
        "building": "yes",
        "name": "Çeribaşı Camii",
        "religion": "muslim",
        "wikidata": "Q127418198",
        "@geometry": "center"
      },
      "geometry": {
        "type": "Point",
        "coordinates": [
          28.9355031,
          41.0468125
        ]
      },
      "id": "way/1301852897"
    },
    {
      "type": "Feature",
      "properties": {
        "@id": "way/1301852986",
        "amenity": "place_of_worship",
        "building": "yes",
        "name": "Cedid Ali Paşa Camii",
        "religion": "muslim",
        "wikidata": "Q127418178",
        "@geometry": "center"
      },
      "geometry": {
        "type": "Point",
        "coordinates": [
          28.9306425,
          41.0457935
        ]
      },
      "id": "way/1301852986"
    },
    {
      "type": "Feature",
      "properties": {
        "@id": "way/1301854913",
        "amenity": "place_of_worship",
        "building": "yes",
        "name": "Düğmecibaşı Mescidi",
        "religion": "muslim",
        "wikidata": "Q127418222",
        "@geometry": "center"
      },
      "geometry": {
        "type": "Point",
        "coordinates": [
          28.9271126,
          41.0472619
        ]
      },
      "id": "way/1301854913"
    },
    {
      "type": "Feature",
      "properties": {
        "@id": "way/1305531124",
        "amenity": "place_of_worship",
        "building": "yes",
        "name": "Bet İsrael Sinagogu",
        "religion": "jewish",
        "wikidata": "Q1593224",
        "wikipedia": "tr:Bet İsrael Sinagogu (İstanbul)",
        "@geometry": "center"
      },
      "geometry": {
        "type": "Point",
        "coordinates": [
          28.9858243,
          41.0543874
        ]
      },
      "id": "way/1305531124"
    },
    {
      "type": "Feature",
      "properties": {
        "@id": "way/1306651149",
        "amenity": "place_of_worship",
        "building": "yes",
        "name": "Ahmet Dede Mescidi, Eyüpsultan",
        "religion": "muslim",
        "wikidata": "Q132134540",
        "@geometry": "center"
      },
      "geometry": {
        "type": "Point",
        "coordinates": [
          28.9314844,
          41.0536169
        ]
      },
      "id": "way/1306651149"
    },
    {
      "type": "Feature",
      "properties": {
        "@id": "way/1309441862",
        "amenity": "place_of_worship",
        "building": "mosque",
        "denomination": "sunni",
        "name": "Otakçıbaşı Hüseyin Ağa Mescidi",
        "religion": "muslim",
        "wikidata": "Q127418195",
        "@geometry": "center"
      },
      "geometry": {
        "type": "Point",
        "coordinates": [
          28.9356358,
          41.0358028
        ]
      },
      "id": "way/1309441862"
    },
    {
      "type": "Feature",
      "properties": {
        "@id": "way/1311909368",
        "amenity": "place_of_worship",
        "building": "house",
        "name": "Bâli Hoca Camii",
        "religion": "muslim",
        "wikidata": "Q127418131",
        "@geometry": "center"
      },
      "geometry": {
        "type": "Point",
        "coordinates": [
          28.9306914,
          41.049309
        ]
      },
      "id": "way/1311909368"
    },
    {
      "type": "Feature",
      "properties": {
        "@id": "way/1313552608",
        "amenity": "place_of_worship",
        "building": "mosque",
        "denomination": "sunni",
        "name": "Daye Hatun Camii",
        "religion": "muslim",
        "wikidata": "Q127418211",
        "@geometry": "center"
      },
      "geometry": {
        "type": "Point",
        "coordinates": [
          28.9720432,
          41.0807279
        ]
      },
      "id": "way/1313552608"
    },
    {
      "type": "Feature",
      "properties": {
        "@id": "way/1317515398",
        "amenity": "place_of_worship",
        "building": "mosque",
        "denomination": "sunni",
        "name": "Murat Reis Camii",
        "name:ar": "جامع مراد ريسيس",
        "name:en": "Murat Reis Mosque",
        "religion": "muslim",
        "wikidata": "Q6043161",
        "wikipedia": "tr:Murad Reis Camii",
        "@geometry": "center"
      },
      "geometry": {
        "type": "Point",
        "coordinates": [
          29.027617,
          41.0184436
        ]
      },
      "id": "way/1317515398"
    },
    {
      "type": "Feature",
      "properties": {
        "@id": "way/1317516483",
        "amenity": "place_of_worship",
        "building": "mosque",
        "check_date": "2026-07-15",
        "denomination": "sunni",
        "name": "Gülfem Hatun Camii",
        "religion": "muslim",
        "wikidata": "Q127418256",
        "@geometry": "center"
      },
      "geometry": {
        "type": "Point",
        "coordinates": [
          29.0151339,
          41.0236673
        ]
      },
      "id": "way/1317516483"
    },
    {
      "type": "Feature",
      "properties": {
        "@id": "way/1317516484",
        "amenity": "place_of_worship",
        "building": "mosque",
        "denomination": "sunni",
        "name": "Fatma Hatun Camii",
        "name:ar": "جامع مرات ريّا",
        "name:en": "Murat Reia Camii",
        "religion": "muslim",
        "wikidata": "Q127418243",
        "wikimedia_commons": "Category:Fatma Hatun Mosque",
        "@geometry": "center"
      },
      "geometry": {
        "type": "Point",
        "coordinates": [
          29.0235665,
          41.0231603
        ]
      },
      "id": "way/1317516484"
    },
    {
      "type": "Feature",
      "properties": {
        "@id": "way/1317518146",
        "amenity": "place_of_worship",
        "building": "mosque",
        "denomination": "sunni",
        "name": "Merdivenköy Camii",
        "religion": "muslim",
        "wikidata": "Q127418416",
        "@geometry": "center"
      },
      "geometry": {
        "type": "Point",
        "coordinates": [
          29.0767752,
          40.9887638
        ]
      },
      "id": "way/1317518146"
    },
    {
      "type": "Feature",
      "properties": {
        "@id": "way/1317848963",
        "amenity": "place_of_worship",
        "building": "mosque",
        "denomination": "sunni",
        "name": "Haşimi Emir Osman Camii",
        "name:ar": "جامع هاشمي امير عثمان",
        "religion": "muslim",
        "wikidata": "Q132134378",
        "@geometry": "center"
      },
      "geometry": {
        "type": "Point",
        "coordinates": [
          28.963622,
          41.0367079
        ]
      },
      "id": "way/1317848963"
    },
    {
      "type": "Feature",
      "properties": {
        "@id": "way/1318084944",
        "amenity": "place_of_worship",
        "building": "mosque",
        "denomination": "sunni",
        "name": "Sinan Paşa Camii",
        "religion": "muslim",
        "wikidata": "Q127418604",
        "wikimedia_commons": "Category:Sinan Paşa Mosque Üsküdar",
        "@geometry": "center"
      },
      "geometry": {
        "type": "Point",
        "coordinates": [
          29.0102471,
          41.0182388
        ]
      },
      "id": "way/1318084944"
    },
    {
      "type": "Feature",
      "properties": {
        "@id": "way/1318084945",
        "amenity": "place_of_worship",
        "building": "mosque",
        "denomination": "sunni",
        "name": "Nasuhi Mehmet Efendi Camii",
        "religion": "muslim",
        "wikidata": "Q112678704",
        "wikimedia_commons": "Category:Nasuhi Mehmet Efendi Mosque",
        "@geometry": "center"
      },
      "geometry": {
        "type": "Point",
        "coordinates": [
          29.0133789,
          41.0179755
        ]
      },
      "id": "way/1318084945"
    },
    {
      "type": "Feature",
      "properties": {
        "@id": "way/1318085329",
        "amenity": "place_of_worship",
        "building": "mosque",
        "denomination": "sunni",
        "name": "Serçe Hatun Mescidi",
        "religion": "muslim",
        "wikidata": "Q127418520",
        "@geometry": "center"
      },
      "geometry": {
        "type": "Point",
        "coordinates": [
          29.0195037,
          41.0251889
        ]
      },
      "id": "way/1318085329"
    },
    {
      "type": "Feature",
      "properties": {
        "@id": "way/1318085331",
        "amenity": "place_of_worship",
        "building": "mosque",
        "denomination": "sunni",
        "name": "Selami Ali Efendi Tekkesi Camii",
        "religion": "muslim",
        "wikidata": "Q127418517",
        "wikimedia_commons": "Category:Selami Ali Efendi Tekkesi Mosque",
        "@geometry": "center"
      },
      "geometry": {
        "type": "Point",
        "coordinates": [
          29.0235822,
          41.024405
        ]
      },
      "id": "way/1318085331"
    },
    {
      "type": "Feature",
      "properties": {
        "@id": "way/1318086271",
        "amenity": "place_of_worship",
        "building": "mosque",
        "denomination": "sunni",
        "name": "Burhaniye Camii",
        "religion": "muslim",
        "wikidata": "Q127418157",
        "@geometry": "center"
      },
      "geometry": {
        "type": "Point",
        "coordinates": [
          29.0478073,
          41.0309282
        ]
      },
      "id": "way/1318086271"
    },
    {
      "type": "Feature",
      "properties": {
        "@id": "way/1318110249",
        "amenity": "place_of_worship",
        "building": "mosque",
        "denomination": "sunni",
        "name": "Hacı Ömer Efendi Camii",
        "religion": "muslim",
        "wikidata": "Q127418277",
        "wikimedia_commons": "Category:Hacı Ömer Efendi Mosque",
        "@geometry": "center"
      },
      "geometry": {
        "type": "Point",
        "coordinates": [
          29.0536256,
          41.0494301
        ]
      },
      "id": "way/1318110249"
    },
    {
      "type": "Feature",
      "properties": {
        "@id": "way/1318604577",
        "addr:city": "İstanbul",
        "amenity": "place_of_worship",
        "building": "mosque",
        "denomination": "sunni",
        "name": "Kayalar Mescidi",
        "religion": "muslim",
        "start_date": "1652",
        "wikidata": "Q127418366",
        "wikimedia_commons": "Category:Kayalar Mosque, Istanbul",
        "@geometry": "center"
      },
      "geometry": {
        "type": "Point",
        "coordinates": [
          29.0522772,
          41.0803561
        ]
      },
      "id": "way/1318604577"
    },
    {
      "type": "Feature",
      "properties": {
        "@id": "way/1318769460",
        "amenity": "place_of_worship",
        "building": "mosque",
        "denomination": "sunni",
        "name": "Kasım Çavuş Camii",
        "religion": "muslim",
        "wikidata": "Q111461841",
        "wikimedia_commons": "Category:Kasım Çavuş Mosque",
        "@geometry": "center"
      },
      "geometry": {
        "type": "Point",
        "coordinates": [
          28.9298222,
          41.0503566
        ]
      },
      "id": "way/1318769460"
    },
    {
      "type": "Feature",
      "properties": {
        "@id": "way/1318784198",
        "amenity": "place_of_worship",
        "building": "mosque",
        "denomination": "sunni",
        "name": "Hacı Nimet Özden Camii",
        "name:ar": "جامع الحاج نعمت اوزدين",
        "religion": "muslim",
        "wikidata": "Q127418460",
        "@geometry": "center"
      },
      "geometry": {
        "type": "Point",
        "coordinates": [
          29.0102047,
          41.0681721
        ]
      },
      "id": "way/1318784198"
    },
    {
      "type": "Feature",
      "properties": {
        "@id": "way/1318787665",
        "amenity": "place_of_worship",
        "building": "mosque",
        "denomination": "sunni",
        "name": "Süheyl Bey Camii",
        "religion": "muslim",
        "wikidata": "Q127418543",
        "@geometry": "center"
      },
      "geometry": {
        "type": "Point",
        "coordinates": [
          28.9874606,
          41.0294017
        ]
      },
      "id": "way/1318787665"
    },
    {
      "type": "Feature",
      "properties": {
        "@id": "way/1319621810",
        "addr:city": "İstanbul",
        "addr:district": "Fatih",
        "addr:street": "Mücevher Sokağı",
        "amenity": "place_of_worship",
        "building": "mosque",
        "denomination": "sunni",
        "name": "Tarsusi Mehmet Efendi Mescidi",
        "name:ar": "مسجد تارسوسي مهميت أفندي",
        "religion": "muslim",
        "wikidata": "Q127418573",
        "wikimedia_commons": "Category:Tarsus Mosque",
        "@geometry": "center"
      },
      "geometry": {
        "type": "Point",
        "coordinates": [
          28.9227146,
          41.0120922
        ]
      },
      "id": "way/1319621810"
    },
    {
      "type": "Feature",
      "properties": {
        "@id": "way/1319840718",
        "amenity": "place_of_worship",
        "building": "mosque",
        "denomination": "sunni",
        "name": "Tevkii Câfer Camii",
        "name:ar": "Tevkii Câfer Mosque",
        "religion": "muslim",
        "wikidata": "Q127418582",
        "wikimedia_commons": "Category:Tevkîî Cafer Çelebi Mosque",
        "@geometry": "center"
      },
      "geometry": {
        "type": "Point",
        "coordinates": [
          28.948787,
          41.0284848
        ]
      },
      "id": "way/1319840718"
    },
    {
      "type": "Feature",
      "properties": {
        "@id": "way/1320333141",
        "amenity": "place_of_worship",
        "building": "mosque",
        "denomination": "sunni",
        "name": "Merkezefendi Camii",
        "religion": "muslim",
        "wheelchair": "limited",
        "wikidata": "Q6089537",
        "wikimedia_commons": "Category:Merkez Efendi Mosque",
        "wikipedia": "tr:Merkez Efendi Camii",
        "@geometry": "center"
      },
      "geometry": {
        "type": "Point",
        "coordinates": [
          28.9197342,
          41.0157517
        ]
      },
      "id": "way/1320333141"
    },
    {
      "type": "Feature",
      "properties": {
        "@id": "way/1320388064",
        "amenity": "place_of_worship",
        "building": "mosque",
        "denomination": "sunni",
        "name": "Uzun Yusuf Camii",
        "name:ar": "جامع أوزون يوسف",
        "religion": "muslim",
        "wikidata": "Q127418599",
        "@geometry": "center"
      },
      "geometry": {
        "type": "Point",
        "coordinates": [
          28.9280091,
          41.0105478
        ]
      },
      "id": "way/1320388064"
    },
    {
      "type": "Feature",
      "properties": {
        "@id": "way/1321443242",
        "amenity": "place_of_worship",
        "building": "religious",
        "name": "Hamdullah Paşa Camii",
        "religion": "muslim",
        "wikidata": "Q127418285",
        "wikimedia_commons": "Category:Hamdullah Paşa Mosque",
        "@geometry": "center"
      },
      "geometry": {
        "type": "Point",
        "coordinates": [
          29.0529208,
          41.0502942
        ]
      },
      "id": "way/1321443242"
    },
    {
      "type": "Feature",
      "properties": {
        "@id": "way/1321443564",
        "amenity": "place_of_worship",
        "building": "religious",
        "name": "Kerime Hatun Camii",
        "religion": "muslim",
        "wikidata": "Q127418377",
        "wikimedia_commons": "Category:Kerime Hatun Mosque",
        "@geometry": "center"
      },
      "geometry": {
        "type": "Point",
        "coordinates": [
          29.0547709,
          41.050916
        ]
      },
      "id": "way/1321443564"
    },
    {
      "type": "Feature",
      "properties": {
        "@id": "way/1321856803",
        "building": "residential",
        "historic": "building",
        "name": "Amcazade Hüseyin Paşa Yalısı,",
        "wikidata": "Q6062531",
        "wikimedia_commons": "Category:Amcazade Yalısı",
        "wikipedia": "tr:Amcazâde Yalısı",
        "@geometry": "center"
      },
      "geometry": {
        "type": "Point",
        "coordinates": [
          29.0658482,
          41.0884794
        ]
      },
      "id": "way/1321856803"
    },
    {
      "type": "Feature",
      "properties": {
        "@id": "way/1321858645",
        "addr:city": "İstanbul",
        "addr:neighbourhood": "Anadolu Hisarı",
        "amenity": "place_of_worship",
        "building": "mosque",
        "denomination": "sunni",
        "name": "Muhaşşisinan Camii",
        "religion": "muslim",
        "wikidata": "Q127418447",
        "wikimedia_commons": "Category:Muhaşşisinan Mosque",
        "@geometry": "center"
      },
      "geometry": {
        "type": "Point",
        "coordinates": [
          29.0689753,
          41.0836137
        ]
      },
      "id": "way/1321858645"
    },
    {
      "type": "Feature",
      "properties": {
        "@id": "way/1322131348",
        "amenity": "place_of_worship",
        "building": "mosque",
        "name": "Bebek Cami",
        "religion": "muslim",
        "wikidata": "Q6049880",
        "wikimedia_commons": "Category:Bebek Mosque",
        "wikipedia": "en:Bebek Mosque",
        "@geometry": "center"
      },
      "geometry": {
        "type": "Point",
        "coordinates": [
          29.0440544,
          41.0768053
        ]
      },
      "id": "way/1322131348"
    },
    {
      "type": "Feature",
      "properties": {
        "@id": "way/1322138208",
        "amenity": "place_of_worship",
        "building": "mosque",
        "denomination": "sunni",
        "name": "Büyükdere Camii",
        "religion": "muslim",
        "wikidata": "Q127418161",
        "@geometry": "center"
      },
      "geometry": {
        "type": "Point",
        "coordinates": [
          29.0430481,
          41.1603822
        ]
      },
      "id": "way/1322138208"
    },
    {
      "type": "Feature",
      "properties": {
        "@id": "way/1322456339",
        "amenity": "place_of_worship",
        "building": "mosque",
        "denomination": "sunni",
        "name": "Yolcuzade camii",
        "religion": "muslim",
        "wikidata": "Q127418634",
        "@geometry": "center"
      },
      "geometry": {
        "type": "Point",
        "coordinates": [
          28.9697668,
          41.0264307
        ]
      },
      "id": "way/1322456339"
    },
    {
      "type": "Feature",
      "properties": {
        "@id": "way/1322465537",
        "amenity": "place_of_worship",
        "building": "mosque",
        "denomination": "sunni",
        "name": "Saribeyazit Camii",
        "name:ar": "جامع سرابيازيت",
        "religion": "muslim",
        "wikidata": "Q127418508",
        "@geometry": "center"
      },
      "geometry": {
        "type": "Point",
        "coordinates": [
          28.9609417,
          41.0177922
        ]
      },
      "id": "way/1322465537"
    },
    {
      "type": "Feature",
      "properties": {
        "@id": "way/1322491041",
        "amenity": "place_of_worship",
        "building": "mosque",
        "denomination": "sunni",
        "name": "Kırmızı Minare Camii",
        "religion": "muslim",
        "wikidata": "Q3866036",
        "wikipedia": "en:Kırmızı Minare Mosque",
        "@geometry": "center"
      },
      "geometry": {
        "type": "Point",
        "coordinates": [
          28.9508043,
          41.0419589
        ]
      },
      "id": "way/1322491041"
    },
    {
      "type": "Feature",
      "properties": {
        "@id": "way/1322868872",
        "amenity": "place_of_worship",
        "building": "mosque",
        "denomination": "sunni",
        "name": "Yolgeçen Camii",
        "religion": "muslim",
        "wikidata": "Q127418635",
        "@geometry": "center"
      },
      "geometry": {
        "type": "Point",
        "coordinates": [
          28.9316586,
          41.0070475
        ]
      },
      "id": "way/1322868872"
    },
    {
      "type": "Feature",
      "properties": {
        "@id": "way/1322881660",
        "amenity": "place_of_worship",
        "building": "mosque",
        "denomination": "sunni",
        "name": "Aksaray Katip Müslihiddin Camii",
        "name:ar": "جامع كاتب مصلح الدين",
        "religion": "muslim",
        "wikidata": "Q127418361",
        "@geometry": "center"
      },
      "geometry": {
        "type": "Point",
        "coordinates": [
          28.9477784,
          41.0086642
        ]
      },
      "id": "way/1322881660"
    },
    {
      "type": "Feature",
      "properties": {
        "@id": "way/1322881661",
        "amenity": "place_of_worship",
        "building": "mosque",
        "denomination": "sunni",
        "name": "Kürkçübaşı Camii",
        "religion": "muslim",
        "wikidata": "Q127418398",
        "wikimedia_commons": "Category:Kürkçübaşı Mosque",
        "wikipedia": "tr:Kürkçübaşı Camii",
        "@geometry": "center"
      },
      "geometry": {
        "type": "Point",
        "coordinates": [
          28.9456646,
          41.0071511
        ]
      },
      "id": "way/1322881661"
    },
    {
      "type": "Feature",
      "properties": {
        "@id": "way/1323107762",
        "addr:city": "İstanbul",
        "addr:district": "Fatih",
        "addr:street": "Draman Caddesi",
        "amenity": "place_of_worship",
        "building": "mosque",
        "denomination": "sunni",
        "name": "Kefeli Camii",
        "name:ar": "جامع كفوي",
        "name:ru": "Мечеть Кефели ( Церковь Св.Николая)",
        "religion": "muslim",
        "wikidata": "Q2565343",
        "wikimedia_commons": "Category:Kefeli Mosque",
        "wikipedia": "en:Kefeli Mosque",
        "@geometry": "center"
      },
      "geometry": {
        "type": "Point",
        "coordinates": [
          28.9415848,
          41.0295265
        ]
      },
      "id": "way/1323107762"
    },
    {
      "type": "Feature",
      "properties": {
        "@id": "way/1323847009",
        "amenity": "place_of_worship",
        "building": "mosque",
        "denomination": "sunni",
        "name": "Okçu Musa Camii",
        "name:en": "Okchu Musa Mosque",
        "religion": "muslim",
        "wikidata": "Q127418467",
        "wikimedia_commons": "Category:Okçu Musa Mosque",
        "@geometry": "center"
      },
      "geometry": {
        "type": "Point",
        "coordinates": [
          28.9719383,
          41.0258834
        ]
      },
      "id": "way/1323847009"
    },
    {
      "type": "Feature",
      "properties": {
        "@id": "way/1324069038",
        "amenity": "place_of_worship",
        "building": "mosque",
        "denomination": "sunni",
        "name": "Cambaziye Camii",
        "name:ar": "جامع جمبازية",
        "religion": "muslim",
        "wikidata": "Q127418170",
        "wikimedia_commons": "Category:Canbaziye Mosque",
        "@geometry": "center"
      },
      "geometry": {
        "type": "Point",
        "coordinates": [
          28.9433841,
          41.0073481
        ]
      },
      "id": "way/1324069038"
    },
    {
      "type": "Feature",
      "properties": {
        "@id": "way/1324298292",
        "addr:city": "İstanbul",
        "amenity": "place_of_worship",
        "building": "mosque",
        "denomination": "sunni",
        "name": "Hoca Ali Camii",
        "religion": "muslim",
        "wikidata": "Q127418302",
        "@geometry": "center"
      },
      "geometry": {
        "type": "Point",
        "coordinates": [
          28.9768059,
          41.0261364
        ]
      },
      "id": "way/1324298292"
    },
    {
      "type": "Feature",
      "properties": {
        "@id": "way/1324359870",
        "addr:city": "İstanbul",
        "addr:district": "Fatih",
        "amenity": "place_of_worship",
        "building": "mosque",
        "denomination": "sunni",
        "name": "Hoca Kasım Günani Camii",
        "name:ar": "هوجا قاسم غوناني جاميي",
        "religion": "muslim",
        "wikidata": "Q127418307",
        "@geometry": "center"
      },
      "geometry": {
        "type": "Point",
        "coordinates": [
          28.9731005,
          41.0131621
        ]
      },
      "id": "way/1324359870"
    },
    {
      "type": "Feature",
      "properties": {
        "@id": "way/1324359873",
        "addr:city": "İstanbul",
        "addr:district": "Fatih",
        "amenity": "place_of_worship",
        "building": "mosque",
        "denomination": "sunni",
        "name": "Sururi Daye Hatun Camii",
        "name:ar": "سروري دايي هاتون جاميي شريفي",
        "religion": "muslim",
        "wikidata": "Q127418542",
        "wikimedia_commons": "Category:Sururi Daye Hatun Mosque",
        "@geometry": "center"
      },
      "geometry": {
        "type": "Point",
        "coordinates": [
          28.9714321,
          41.0133821
        ]
      },
      "id": "way/1324359873"
    },
    {
      "type": "Feature",
      "properties": {
        "@id": "way/1324981833",
        "addr:city": "İstanbul",
        "amenity": "place_of_worship",
        "building": "mosque",
        "denomination": "sunni",
        "name": "Sultan Mustafa Camii",
        "name:ar": "سولتان موستافا جامي",
        "religion": "muslim",
        "wikidata": "Q127418316",
        "wikimedia_commons": "Category:Mustafa III Mosque",
        "wikipedia": "tr:Çakmakçılar Camii",
        "@geometry": "center"
      },
      "geometry": {
        "type": "Point",
        "coordinates": [
          28.968941,
          41.0132626
        ]
      },
      "id": "way/1324981833"
    },
    {
      "type": "Feature",
      "properties": {
        "@id": "way/1327389168",
        "access": "no",
        "area": "yes",
        "historic": "ruins",
        "historic:civilization": "byzantine",
        "name": "Adalet Binası ve Sayfiye Sarayı",
        "ruins": "building",
        "@geometry": "center"
      },
      "geometry": {
        "type": "Point",
        "coordinates": [
          28.8869445,
          40.9811984
        ]
      },
      "id": "way/1327389168"
    },
    {
      "type": "Feature",
      "properties": {
        "@id": "way/1334634117",
        "amenity": "place_of_worship",
        "building": "yes",
        "name": "Sefer Kethüda Mescidi",
        "religion": "muslim",
        "wikidata": "Q127418512",
        "@geometry": "center"
      },
      "geometry": {
        "type": "Point",
        "coordinates": [
          28.9792459,
          41.0289952
        ]
      },
      "id": "way/1334634117"
    },
    {
      "type": "Feature",
      "properties": {
        "@id": "way/1335767641",
        "building": "yes",
        "name": "Tekfur Sarayı Müzesi",
        "tourism": "museum",
        "@geometry": "center"
      },
      "geometry": {
        "type": "Point",
        "coordinates": [
          28.9406735,
          41.0339273
        ]
      },
      "id": "way/1335767641"
    },
    {
      "type": "Feature",
      "properties": {
        "@id": "way/1336463525",
        "historic": "bridge",
        "layer": "1",
        "man_made": "bridge",
        "name": "Ayamama Köprüsü",
        "name:en": "Ayamama Bridge",
        "wikidata": "Q131299566",
        "@geometry": "center"
      },
      "geometry": {
        "type": "Point",
        "coordinates": [
          28.8365088,
          40.986992
        ]
      },
      "id": "way/1336463525"
    },
    {
      "type": "Feature",
      "properties": {
        "@id": "way/1336466506",
        "historic": "bridge",
        "layer": "1",
        "man_made": "bridge",
        "name": "Papaz Köprüsü",
        "wikidata": "Q109182686",
        "wikimedia_commons": "Category:Papaz Bridge, Küçükçekmece",
        "wikipedia": "tr:Papaz Köprüsü",
        "@geometry": "center"
      },
      "geometry": {
        "type": "Point",
        "coordinates": [
          28.8085809,
          41.0283153
        ]
      },
      "id": "way/1336466506"
    },
    {
      "type": "Feature",
      "properties": {
        "@id": "way/1336472875",
        "amenity": "fountain",
        "building": "yes",
        "drinking_water": "no",
        "historic": "building",
        "lit": "no",
        "name": "Haseki Sultan Çeşmesi",
        "wikidata": "Q131299773",
        "@geometry": "center"
      },
      "geometry": {
        "type": "Point",
        "coordinates": [
          28.9016982,
          41.0206602
        ]
      },
      "id": "way/1336472875"
    },
    {
      "type": "Feature",
      "properties": {
        "@id": "way/1338341250",
        "amenity": "place_of_worship",
        "building": "yes",
        "name": "Tepeören Merkez Camii",
        "religion": "muslim",
        "wikidata": "Q127418579",
        "@geometry": "center"
      },
      "geometry": {
        "type": "Point",
        "coordinates": [
          29.3911866,
          40.9094956
        ]
      },
      "id": "way/1338341250"
    },
    {
      "type": "Feature",
      "properties": {
        "@id": "way/1338593489",
        "addr:city": "İstanbul",
        "alt_name": "Sinan Paşa Köşkü",
        "building": "pavilion",
        "historic": "building",
        "name": "İncili Köşk",
        "wikidata": "Q116701696",
        "wikimedia_commons": "Category:Pearl Kiosk",
        "wikipedia": "tr:İncili Köşk",
        "@geometry": "center"
      },
      "geometry": {
        "type": "Point",
        "coordinates": [
          28.9870946,
          41.0099738
        ]
      },
      "id": "way/1338593489"
    },
    {
      "type": "Feature",
      "properties": {
        "@id": "way/1341105369",
        "amenity": "place_of_worship",
        "building": "yes",
        "building:levels": "1",
        "name": "Rami Kışlası Camii",
        "religion": "muslim",
        "wikidata": "Q127418492",
        "@geometry": "center"
      },
      "geometry": {
        "type": "Point",
        "coordinates": [
          28.9142487,
          41.0496695
        ]
      },
      "id": "way/1341105369"
    },
    {
      "type": "Feature",
      "properties": {
        "@id": "node/1346157990",
        "addr:postcode": "34367",
        "name": "Askerî Müze",
        "name:en": "Military Museum",
        "name:ru": "Военный музей Стамбула",
        "name:tr": "Askeri Müze",
        "opening_hours": "We-Su 9:00-17:00",
        "phone": "+90 212 233 27 20",
        "tourism": "museum",
        "website": "http://www.askerimuze.tsk.tr/INGILIZCE/military_museum.htm",
        "wikidata": "Q12808583",
        "wikimedia_commons": "Category:Istanbul Military Museum",
        "wikipedia": "en:Istanbul Military Museum"
      },
      "geometry": {
        "type": "Point",
        "coordinates": [
          28.9882427,
          41.0488755
        ]
      },
      "id": "node/1346157990"
    },
    {
      "type": "Feature",
      "properties": {
        "@id": "node/1352425761",
        "addr:city": "İstanbul",
        "addr:postcode": "34445",
        "addr:street": "İmrahor Caddesi",
        "email": "info@miniaturk.com.tr",
        "name": "Miniatürk Açıkhava Müzesi",
        "name:en": "Miniature Park",
        "name:ru": "Миниатюрк парк миниатюр Турции",
        "name:tr": "Miniatürk Müzesi",
        "name:uk": "Парк мініатюр",
        "opening_hours": "Mo-Su 09:00-19:00",
        "phone": "+90 212 222 28 82",
        "tourism": "museum",
        "website": "https://www.miniaturk.com.tr/",
        "wheelchair": "yes",
        "wheelchair:description": "Ana girişte 16 derecelik bir adet rampa vardır. Engelli tuvaleti bulunmaktadır.",
        "wikidata": "Q1085952",
        "wikimedia_commons": "Category:Miniatürk",
        "wikipedia": "en:Miniatürk"
      },
      "geometry": {
        "type": "Point",
        "coordinates": [
          28.9490675,
          41.059005
        ]
      },
      "id": "node/1352425761"
    },
    {
      "type": "Feature",
      "properties": {
        "@id": "way/1355926686",
        "leisure": "park",
        "name": "Atatürk Havalimanı Millet Bahçesi",
        "operator": "T.C. Çevre, Şehircilik ve İklim Değişikliği Bakanlığı",
        "wikidata": "Q135677474",
        "wikipedia": "tr:Atatürk Havalimanı Millet Bahçesi",
        "@geometry": "center"
      },
      "geometry": {
        "type": "Point",
        "coordinates": [
          28.8081799,
          40.9843023
        ]
      },
      "id": "way/1355926686"
    },
    {
      "type": "Feature",
      "properties": {
        "@id": "way/1364231680",
        "amenity": "place_of_worship",
        "building": "yes",
        "name": "Abdülhalim Camii",
        "religion": "muslim",
        "wikidata": "Q127418084",
        "@geometry": "center"
      },
      "geometry": {
        "type": "Point",
        "coordinates": [
          29.0952903,
          40.9715066
        ]
      },
      "id": "way/1364231680"
    },
    {
      "type": "Feature",
      "properties": {
        "@id": "way/1364303429",
        "amenity": "place_of_worship",
        "building": "yes",
        "name": "Acemoğlu Camii",
        "religion": "muslim",
        "wikidata": "Q127418089",
        "wikimedia_commons": "Category:Acemoğlu Mosque (Fatih)",
        "@geometry": "center"
      },
      "geometry": {
        "type": "Point",
        "coordinates": [
          28.9467418,
          41.026865
        ]
      },
      "id": "way/1364303429"
    },
    {
      "type": "Feature",
      "properties": {
        "@id": "way/1364430386",
        "amenity": "place_of_worship",
        "building": "yes",
        "name": "Avcı Bey Camii",
        "religion": "muslim",
        "wikidata": "Q127418119",
        "wikimedia_commons": "Category:Avcı Bey Mosque",
        "@geometry": "center"
      },
      "geometry": {
        "type": "Point",
        "coordinates": [
          28.9397552,
          41.0354488
        ]
      },
      "id": "way/1364430386"
    },
    {
      "type": "Feature",
      "properties": {
        "@id": "way/1364432023",
        "amenity": "place_of_worship",
        "building": "yes",
        "name": "Baba Nakkaş Camii",
        "religion": "muslim",
        "wikidata": "Q127418125",
        "wikimedia_commons": "Category:Baba Nakkaş Mosque",
        "@geometry": "center"
      },
      "geometry": {
        "type": "Point",
        "coordinates": [
          28.5554237,
          41.1881403
        ]
      },
      "id": "way/1364432023"
    },
    {
      "type": "Feature",
      "properties": {
        "@id": "way/1364468236",
        "amenity": "place_of_worship",
        "building": "yes",
        "name": "Bozhane Köyü Camii",
        "religion": "muslim",
        "wikidata": "Q127418154",
        "@geometry": "center"
      },
      "geometry": {
        "type": "Point",
        "coordinates": [
          29.2718511,
          41.163681
        ]
      },
      "id": "way/1364468236"
    },
    {
      "type": "Feature",
      "properties": {
        "@id": "way/1364484065",
        "amenity": "place_of_worship",
        "building": "yes",
        "name": "Cafer Paşa Külliyesi Mescit ve Dershanesi",
        "religion": "muslim",
        "wikidata": "Q127418165",
        "@geometry": "center"
      },
      "geometry": {
        "type": "Point",
        "coordinates": [
          28.9347784,
          41.0465183
        ]
      },
      "id": "way/1364484065"
    },
    {
      "type": "Feature",
      "properties": {
        "@id": "way/1364488579",
        "amenity": "place_of_worship",
        "building": "yes",
        "name": "Camcılar Camii",
        "religion": "muslim",
        "wikidata": "Q127418169",
        "@geometry": "center"
      },
      "geometry": {
        "type": "Point",
        "coordinates": [
          28.9511303,
          41.0100812
        ]
      },
      "id": "way/1364488579"
    },
    {
      "type": "Feature",
      "properties": {
        "@id": "way/1364549439",
        "amenity": "place_of_worship",
        "building": "yes",
        "name": "Kaptan-ı Derya Cezayirli Gazi Hasan Paşa Camii",
        "religion": "muslim",
        "wikidata": "Q127418184",
        "@geometry": "center"
      },
      "geometry": {
        "type": "Point",
        "coordinates": [
          29.036012,
          41.1569241
        ]
      },
      "id": "way/1364549439"
    },
    {
      "type": "Feature",
      "properties": {
        "@id": "way/1364680479",
        "amenity": "place_of_worship",
        "building": "yes",
        "name": "Esenyurt Tarihi Merkez Camii",
        "religion": "muslim",
        "wikidata": "Q127418236",
        "@geometry": "center"
      },
      "geometry": {
        "type": "Point",
        "coordinates": [
          28.6781993,
          41.0346543
        ]
      },
      "id": "way/1364680479"
    },
    {
      "type": "Feature",
      "properties": {
        "@id": "way/1364722191",
        "amenity": "place_of_worship",
        "building": "yes",
        "name": "Güngörmez Mescidi",
        "religion": "muslim",
        "wikidata": "Q127418258",
        "wikipedia": "tr:Güngörmez Mescidi",
        "@geometry": "center"
      },
      "geometry": {
        "type": "Point",
        "coordinates": [
          28.976585,
          41.0045247
        ]
      },
      "id": "way/1364722191"
    },
    {
      "type": "Feature",
      "properties": {
        "@id": "way/1364777364",
        "amenity": "place_of_worship",
        "building": "yes",
        "name": "Hacı İlyas Camii",
        "religion": "muslim",
        "wikidata": "Q127418272",
        "@geometry": "center"
      },
      "geometry": {
        "type": "Point",
        "coordinates": [
          28.9256011,
          40.9933813
        ]
      },
      "id": "way/1364777364"
    },
    {
      "type": "Feature",
      "properties": {
        "@id": "way/1364792567",
        "amenity": "place_of_worship",
        "building": "yes",
        "name": "Hadım Baba Camii",
        "religion": "muslim",
        "wikidata": "Q127418281",
        "@geometry": "center"
      },
      "geometry": {
        "type": "Point",
        "coordinates": [
          28.6180096,
          41.1572482
        ]
      },
      "id": "way/1364792567"
    },
    {
      "type": "Feature",
      "properties": {
        "@id": "way/1364794831",
        "amenity": "place_of_worship",
        "building": "yes",
        "name": "Halep Mollası ve Müderris Abdülbaki Efendi Camii",
        "religion": "muslim",
        "wikidata": "Q127418282",
        "wikimedia_commons": "File:Müderris Abdülbaki Efendi Mosque.jpg",
        "wikipedia": "tr:Müderris Abdülbaki Efendi Camii",
        "@geometry": "center"
      },
      "geometry": {
        "type": "Point",
        "coordinates": [
          29.0203823,
          41.0275238
        ]
      },
      "id": "way/1364794831"
    },
    {
      "type": "Feature",
      "properties": {
        "@id": "way/1364844517",
        "amenity": "place_of_worship",
        "building": "yes",
        "name": "Kapalıçarşı Çakır Ağa Camii",
        "religion": "muslim",
        "wikidata": "Q127418340",
        "@geometry": "center"
      },
      "geometry": {
        "type": "Point",
        "coordinates": [
          28.9674678,
          41.0109559
        ]
      },
      "id": "way/1364844517"
    },
    {
      "type": "Feature",
      "properties": {
        "@id": "way/1364867653",
        "amenity": "place_of_worship",
        "building": "yes",
        "name": "Karabaş Mescidi",
        "religion": "muslim",
        "wikidata": "Q127418344",
        "@geometry": "center"
      },
      "geometry": {
        "type": "Point",
        "coordinates": [
          28.9536704,
          41.027996
        ]
      },
      "id": "way/1364867653"
    },
    {
      "type": "Feature",
      "properties": {
        "@id": "way/1364871647",
        "amenity": "place_of_worship",
        "building": "yes",
        "name": "Kaymak Mustafa Paşa Camii",
        "religion": "muslim",
        "wikidata": "Q127418368",
        "wikimedia_commons": "Category:Kaymak Mustafa Pasha Mosque",
        "@geometry": "center"
      },
      "geometry": {
        "type": "Point",
        "coordinates": [
          29.0531771,
          41.0572114
        ]
      },
      "id": "way/1364871647"
    },
    {
      "type": "Feature",
      "properties": {
        "@id": "way/1364924428",
        "amenity": "place_of_worship",
        "building": "yes",
        "name": "Küplüce Camii",
        "religion": "muslim",
        "wikidata": "Q127418397",
        "@geometry": "center"
      },
      "geometry": {
        "type": "Point",
        "coordinates": [
          29.0484147,
          41.0396341
        ]
      },
      "id": "way/1364924428"
    },
    {
      "type": "Feature",
      "properties": {
        "@id": "way/1364924672",
        "amenity": "place_of_worship",
        "building": "yes",
        "name": "Mahmut Çavuş Camii, İstinye",
        "religion": "muslim",
        "wikidata": "Q127418406",
        "wikimedia_commons": "Category:Mahmut Çavuş Mosque",
        "@geometry": "center"
      },
      "geometry": {
        "type": "Point",
        "coordinates": [
          29.0568272,
          41.1152449
        ]
      },
      "id": "way/1364924672"
    },
    {
      "type": "Feature",
      "properties": {
        "@id": "way/1364940474",
        "alt_name": "Hamamönü Camii",
        "amenity": "place_of_worship",
        "building": "yes",
        "name": "Mescit Camii",
        "religion": "muslim",
        "wikidata": "Q127418422",
        "@geometry": "center"
      },
      "geometry": {
        "type": "Point",
        "coordinates": [
          28.4658076,
          41.1384733
        ]
      },
      "id": "way/1364940474"
    },
    {
      "type": "Feature",
      "properties": {
        "@id": "way/1364947196",
        "amenity": "place_of_worship",
        "building": "yes",
        "name": "Namazgah Camii",
        "religion": "muslim",
        "wikidata": "Q127418456",
        "wikimedia_commons": "Category:Namazgâh Mosque",
        "@geometry": "center"
      },
      "geometry": {
        "type": "Point",
        "coordinates": [
          29.0805638,
          41.023167
        ]
      },
      "id": "way/1364947196"
    },
    {
      "type": "Feature",
      "properties": {
        "@id": "way/1365031160",
        "amenity": "place_of_worship",
        "building": "yes",
        "name": "Ramazan Ağa Cami",
        "religion": "muslim",
        "wikidata": "Q127418491",
        "@geometry": "center"
      },
      "geometry": {
        "type": "Point",
        "coordinates": [
          29.1115275,
          41.2331092
        ]
      },
      "id": "way/1365031160"
    },
    {
      "type": "Feature",
      "properties": {
        "@id": "way/1365031533",
        "amenity": "place_of_worship",
        "building": "yes",
        "name": "Reşadiye Camii",
        "religion": "muslim",
        "wikidata": "Q127418493",
        "@geometry": "center"
      },
      "geometry": {
        "type": "Point",
        "coordinates": [
          28.861163,
          40.9909744
        ]
      },
      "id": "way/1365031533"
    },
    {
      "type": "Feature",
      "properties": {
        "@id": "way/1365037493",
        "amenity": "place_of_worship",
        "building": "yes",
        "name": "Seyid Ali Çelebi Camii",
        "religion": "muslim",
        "wikidata": "Q127418523",
        "wikimedia_commons": "Category:Seyid Ali Çelebi Mosque",
        "@geometry": "center"
      },
      "geometry": {
        "type": "Point",
        "coordinates": [
          28.9617445,
          41.037132
        ]
      },
      "id": "way/1365037493"
    },
    {
      "type": "Feature",
      "properties": {
        "@id": "way/1365037793",
        "amenity": "place_of_worship",
        "building": "yes",
        "name": "Sırapınar Köyü Camii",
        "religion": "muslim",
        "wikidata": "Q127418525",
        "@geometry": "center"
      },
      "geometry": {
        "type": "Point",
        "coordinates": [
          29.3284574,
          41.1013547
        ]
      },
      "id": "way/1365037793"
    },
    {
      "type": "Feature",
      "properties": {
        "@id": "way/1365039968",
        "amenity": "place_of_worship",
        "building": "yes",
        "name": "Sirkeci Muslihiddin Camii",
        "religion": "muslim",
        "wikidata": "Q127418531",
        "@geometry": "center"
      },
      "geometry": {
        "type": "Point",
        "coordinates": [
          28.9666218,
          41.0356017
        ]
      },
      "id": "way/1365039968"
    },
    {
      "type": "Feature",
      "properties": {
        "@id": "way/1365042820",
        "amenity": "place_of_worship",
        "building": "yes",
        "name": "Şaban Kaptan Camii",
        "religion": "muslim",
        "wikidata": "Q127418546",
        "wikimedia_commons": "Category:Saban Kaptan Mosque",
        "@geometry": "center"
      },
      "geometry": {
        "type": "Point",
        "coordinates": [
          28.9722192,
          41.0287539
        ]
      },
      "id": "way/1365042820"
    },
    {
      "type": "Feature",
      "properties": {
        "@id": "way/1365047340",
        "amenity": "place_of_worship",
        "building": "mosque",
        "name": "Şahkulu Camii",
        "religion": "muslim",
        "wheelchair": "no",
        "wikidata": "Q127418548",
        "wikimedia_commons": "Category:Şahkulu Mosque",
        "@geometry": "center"
      },
      "geometry": {
        "type": "Point",
        "coordinates": [
          28.9743806,
          41.027322
        ]
      },
      "id": "way/1365047340"
    },
    {
      "type": "Feature",
      "properties": {
        "@id": "way/1365047639",
        "amenity": "place_of_worship",
        "building": "yes",
        "name": "Şamlar Köyü Camii",
        "religion": "muslim",
        "wikidata": "Q127418549",
        "wikipedia": "tr:Şamlar Köyü Camii",
        "@geometry": "center"
      },
      "geometry": {
        "type": "Point",
        "coordinates": [
          28.735929,
          41.1239786
        ]
      },
      "id": "way/1365047639"
    },
    {
      "type": "Feature",
      "properties": {
        "@id": "way/1365048185",
        "amenity": "place_of_worship",
        "building": "yes",
        "name": "Şeyh Nevruz Camii",
        "religion": "muslim",
        "wikidata": "Q127418561",
        "wikimedia_commons": "Category:Şeyh Nevruz Mosque",
        "@geometry": "center"
      },
      "geometry": {
        "type": "Point",
        "coordinates": [
          29.0535985,
          41.0463787
        ]
      },
      "id": "way/1365048185"
    },
    {
      "type": "Feature",
      "properties": {
        "@id": "way/1365050858",
        "amenity": "place_of_worship",
        "building": "yes",
        "name": "Tuz Baba Mescidi",
        "religion": "muslim",
        "wikidata": "Q127418593",
        "@geometry": "center"
      },
      "geometry": {
        "type": "Point",
        "coordinates": [
          29.0040888,
          41.0462432
        ]
      },
      "id": "way/1365050858"
    },
    {
      "type": "Feature",
      "properties": {
        "@id": "way/1365056491",
        "amenity": "place_of_worship",
        "building": "yes",
        "name": "Uskumruköy Camii",
        "religion": "muslim",
        "wikidata": "Q127418598",
        "@geometry": "center"
      },
      "geometry": {
        "type": "Point",
        "coordinates": [
          29.0224121,
          41.219463
        ]
      },
      "id": "way/1365056491"
    },
    {
      "type": "Feature",
      "properties": {
        "@id": "way/1365059008",
        "amenity": "place_of_worship",
        "building": "yes",
        "name": "Yahya Kethüda Camii",
        "religion": "muslim",
        "wikidata": "Q127418610",
        "wikimedia_commons": "Category:Yahya Kethüda Mosque",
        "@geometry": "center"
      },
      "geometry": {
        "type": "Point",
        "coordinates": [
          28.9709931,
          41.0338466
        ]
      },
      "id": "way/1365059008"
    },
    {
      "type": "Feature",
      "properties": {
        "@id": "way/1365072170",
        "amenity": "place_of_worship",
        "building": "yes",
        "name": "Yeldeğirmeni Mescidi",
        "religion": "muslim",
        "wikidata": "Q127418628",
        "@geometry": "center"
      },
      "geometry": {
        "type": "Point",
        "coordinates": [
          28.9641363,
          41.0332485
        ]
      },
      "id": "way/1365072170"
    },
    {
      "type": "Feature",
      "properties": {
        "@id": "way/1365072556",
        "amenity": "place_of_worship",
        "building": "yes",
        "name": "Yenigen Katibi Malkoç Mehmet Efendi Cami",
        "religion": "muslim",
        "wikidata": "Q127418631",
        "@geometry": "center"
      },
      "geometry": {
        "type": "Point",
        "coordinates": [
          28.9172854,
          41.0142633
        ]
      },
      "id": "way/1365072556"
    },
    {
      "type": "Feature",
      "properties": {
        "@id": "way/1365072781",
        "amenity": "place_of_worship",
        "building": "yes",
        "name": "Yusuf Ağa Camii",
        "religion": "muslim",
        "wikidata": "Q127418636",
        "@geometry": "center"
      },
      "geometry": {
        "type": "Point",
        "coordinates": [
          29.0721954,
          41.1836707
        ]
      },
      "id": "way/1365072781"
    },
    {
      "type": "Feature",
      "properties": {
        "@id": "way/1373169947",
        "amenity": "place_of_worship",
        "building": "yes",
        "name": "Ali Paşa Camii",
        "religion": "muslim",
        "wikidata": "Q132134544",
        "@geometry": "center"
      },
      "geometry": {
        "type": "Point",
        "coordinates": [
          28.2224496,
          41.1137892
        ]
      },
      "id": "way/1373169947"
    },
    {
      "type": "Feature",
      "properties": {
        "@id": "way/1374054548",
        "historic": "archaeological_site",
        "name": "Şamlar Arkeolojik Alanı",
        "@geometry": "center"
      },
      "geometry": {
        "type": "Point",
        "coordinates": [
          28.6932612,
          41.1050687
        ]
      },
      "id": "way/1374054548"
    },
    {
      "type": "Feature",
      "properties": {
        "@id": "way/1375097697",
        "building": "yes",
        "historic": "building",
        "name": "Beylerbeyi Namazgahı",
        "wikidata": "Q133822697",
        "wikimedia_commons": "Category:Beylerbeyi Namazgahı",
        "@geometry": "center"
      },
      "geometry": {
        "type": "Point",
        "coordinates": [
          29.0452159,
          41.0451074
        ]
      },
      "id": "way/1375097697"
    },
    {
      "type": "Feature",
      "properties": {
        "@id": "way/1375681086",
        "area": "yes",
        "historic": "yes",
        "name": "Çubuklu Siloları",
        "type": "multipolygon",
        "wikidata": "Q133817336",
        "wikimedia_commons": "Category:Çubuklu Silos",
        "wikipedia": "tr:Çubuklu Siloları",
        "@geometry": "center"
      },
      "geometry": {
        "type": "Point",
        "coordinates": [
          29.0834336,
          41.1094645
        ]
      },
      "id": "way/1375681086"
    },
    {
      "type": "Feature",
      "properties": {
        "@id": "way/1377155301",
        "amenity": "place_of_worship",
        "building": "yes",
        "name": "Fatih Camii, Küçükçekmece",
        "religion": "muslim",
        "wikidata": "Q133803329",
        "wikipedia": "tr:Fatih Camii, Küçükçekmece",
        "@geometry": "center"
      },
      "geometry": {
        "type": "Point",
        "coordinates": [
          28.7706191,
          40.9915411
        ]
      },
      "id": "way/1377155301"
    },
    {
      "type": "Feature",
      "properties": {
        "@id": "way/1377203430",
        "alt_name": "Değirmenköy Eski Camii",
        "amenity": "place_of_worship",
        "building": "mosque",
        "denomination": "sunni",
        "historic": "ruins",
        "name": "Germiyan Camii",
        "religion": "muslim",
        "wikidata": "Q132134495",
        "wikipedia": "tr:Değirmenköy Eski Camii",
        "@geometry": "center"
      },
      "geometry": {
        "type": "Point",
        "coordinates": [
          28.029459,
          41.1306378
        ]
      },
      "id": "way/1377203430"
    },
    {
      "type": "Feature",
      "properties": {
        "@id": "way/1377852887",
        "amenity": "place_of_worship",
        "building": "yes",
        "historic": "ruins",
        "name": "Cankurtaran Mescidi",
        "name_alt": "Seyyid Hasan Mesicid",
        "religion": "muslim",
        "wikidata": "Q132134443",
        "wikipedia": "tr:Cankurtaran Mescidi",
        "@geometry": "center"
      },
      "geometry": {
        "type": "Point",
        "coordinates": [
          28.9807878,
          41.0049146
        ]
      },
      "id": "way/1377852887"
    },
    {
      "type": "Feature",
      "properties": {
        "@id": "way/1377881422",
        "addr:city": "İstanbul",
        "addr:district": "Fatih",
        "addr:housenumber": "152/A",
        "addr:neighbourhood": "Cankurtaran Mahallesi",
        "addr:postcode": "34122",
        "addr:street": "Kennedy Caddesi",
        "amenity": "place_of_worship",
        "building": "yes",
        "denomination": "sunni",
        "historic": "ruins",
        "name": "Yedekçiler Mescidi",
        "religion": "muslim",
        "wikidata": "Q127418626",
        "wikipedia": "tr:Yedekçiler Mescidi",
        "@geometry": "center"
      },
      "geometry": {
        "type": "Point",
        "coordinates": [
          28.9873928,
          41.0135061
        ]
      },
      "id": "way/1377881422"
    },
    {
      "type": "Feature",
      "properties": {
        "@id": "way/1377906859",
        "amenity": "place_of_worship",
        "building": "yes",
        "historic": "ruins",
        "name": "Üçler Mescidi",
        "name:ar": "مسجد أوجلر",
        "name:fa": "سه مسجد",
        "religion": "muslim",
        "wikidata": "Q132134411",
        "wikipedia": "tr:Üçler Mescidi",
        "@geometry": "center"
      },
      "geometry": {
        "type": "Point",
        "coordinates": [
          28.9743308,
          41.0055263
        ]
      },
      "id": "way/1377906859"
    },
    {
      "type": "Feature",
      "properties": {
        "@id": "way/1379168992",
        "amenity": "place_of_worship",
        "building": "yes",
        "historic": "ruins",
        "name": "Katip Sinan Camii",
        "religion": "muslim",
        "wikidata": "Q127418364",
        "wikipedia": "tr:Katip Sinan Mescidi",
        "@geometry": "center"
      },
      "geometry": {
        "type": "Point",
        "coordinates": [
          28.9707766,
          41.0059631
        ]
      },
      "id": "way/1379168992"
    },
    {
      "type": "Feature",
      "properties": {
        "@id": "way/1382271689",
        "amenity": "place_of_worship",
        "building": "yes",
        "name": "Ese Kapı Camii",
        "religion": "muslim",
        "wikidata": "Q5397556",
        "wikimedia_commons": "Category:Ese Kapi Mosque",
        "wikipedia": "tr:Ese Kapı Camii",
        "@geometry": "center"
      },
      "geometry": {
        "type": "Point",
        "coordinates": [
          28.9366677,
          41.0048047
        ]
      },
      "id": "way/1382271689"
    },
    {
      "type": "Feature",
      "properties": {
        "@id": "way/1384642205",
        "building": "yes",
        "tourism": "museum",
        "@geometry": "center"
      },
      "geometry": {
        "type": "Point",
        "coordinates": [
          29.0422894,
          41.030102
        ]
      },
      "id": "way/1384642205"
    },
    {
      "type": "Feature",
      "properties": {
        "@id": "way/1386905910",
        "area": "yes",
        "building": "yes",
        "fee": "yes",
        "historic": "yes",
        "level": "0",
        "man_made": "reservoir_covered",
        "name": "Zeyrek Sarnıcı",
        "name:de": "Zeyrek Zisterne",
        "name:ru": "Цистерна Зейрек",
        "tourism": "attraction",
        "wikidata": "Q116142628",
        "wikimedia_commons": "Category:Zeyrek cistern",
        "wikipedia": "tr:Zeyrek Sarnıcı",
        "@geometry": "center"
      },
      "geometry": {
        "type": "Point",
        "coordinates": [
          28.9584063,
          41.0199311
        ]
      },
      "id": "way/1386905910"
    },
    {
      "type": "Feature",
      "properties": {
        "@id": "way/1388626967",
        "addr:city": "İstanbul",
        "addr:district": "Bakırköy",
        "addr:neighbourhood": "Zuhuratbaba Mahallesi",
        "addr:postcode": "34147",
        "building": "yes",
        "name": "Hastane Müze",
        "tourism": "museum",
        "@geometry": "center"
      },
      "geometry": {
        "type": "Point",
        "coordinates": [
          28.8642457,
          40.9876324
        ]
      },
      "id": "way/1388626967"
    },
    {
      "type": "Feature",
      "properties": {
        "@id": "way/1389560157",
        "building": "yes",
        "historic": "ruins",
        "historic:civilization": "modern",
        "name": "Korugan",
        "ruins": "bunker",
        "@geometry": "center"
      },
      "geometry": {
        "type": "Point",
        "coordinates": [
          28.557116,
          41.137263
        ]
      },
      "id": "way/1389560157"
    },
    {
      "type": "Feature",
      "properties": {
        "@id": "way/1389560158",
        "building": "bunker",
        "historic": "ruins",
        "historic:civilization": "modern",
        "name": "Korugan",
        "ruins": "bunker",
        "@geometry": "center"
      },
      "geometry": {
        "type": "Point",
        "coordinates": [
          28.5465167,
          41.1464744
        ]
      },
      "id": "way/1389560158"
    },
    {
      "type": "Feature",
      "properties": {
        "@id": "way/1389560159",
        "building": "bunker",
        "historic": "ruins",
        "historic:civilization": "modern",
        "name": "Korugan",
        "ruins": "bunker",
        "@geometry": "center"
      },
      "geometry": {
        "type": "Point",
        "coordinates": [
          28.5404262,
          41.1509952
        ]
      },
      "id": "way/1389560159"
    },
    {
      "type": "Feature",
      "properties": {
        "@id": "way/1389560160",
        "building": "bunker",
        "historic": "ruins",
        "historic:civilization": "modern",
        "name": "Korugan",
        "ruins": "bunker",
        "@geometry": "center"
      },
      "geometry": {
        "type": "Point",
        "coordinates": [
          28.5352206,
          41.148637
        ]
      },
      "id": "way/1389560160"
    },
    {
      "type": "Feature",
      "properties": {
        "@id": "way/1389560161",
        "building": "bunker",
        "historic": "ruins",
        "historic:civilization": "modern",
        "name": "Korugan",
        "ruins": "bunker",
        "@geometry": "center"
      },
      "geometry": {
        "type": "Point",
        "coordinates": [
          28.5332265,
          41.1493663
        ]
      },
      "id": "way/1389560161"
    },
    {
      "type": "Feature",
      "properties": {
        "@id": "way/1389560162",
        "building": "bunker",
        "historic": "ruins",
        "historic:civilization": "modern",
        "name": "Korugan",
        "ruins": "bunker",
        "@geometry": "center"
      },
      "geometry": {
        "type": "Point",
        "coordinates": [
          28.5325803,
          41.148737
        ]
      },
      "id": "way/1389560162"
    },
    {
      "type": "Feature",
      "properties": {
        "@id": "way/1389560163",
        "building": "bunker",
        "historic": "ruins",
        "historic:civilization": "modern",
        "name": "Korugan",
        "ruins": "bunker",
        "@geometry": "center"
      },
      "geometry": {
        "type": "Point",
        "coordinates": [
          28.5328268,
          41.1467979
        ]
      },
      "id": "way/1389560163"
    },
    {
      "type": "Feature",
      "properties": {
        "@id": "way/1389560164",
        "building": "bunker",
        "historic": "ruins",
        "historic:civilization": "modern",
        "name": "Korugan",
        "ruins": "bunker",
        "@geometry": "center"
      },
      "geometry": {
        "type": "Point",
        "coordinates": [
          28.5346184,
          41.1460452
        ]
      },
      "id": "way/1389560164"
    },
    {
      "type": "Feature",
      "properties": {
        "@id": "way/1389560165",
        "building": "bunker",
        "historic": "ruins",
        "historic:civilization": "modern",
        "name": "Korugan",
        "ruins": "bunker",
        "@geometry": "center"
      },
      "geometry": {
        "type": "Point",
        "coordinates": [
          28.5351332,
          41.1451201
        ]
      },
      "id": "way/1389560165"
    },
    {
      "type": "Feature",
      "properties": {
        "@id": "way/1389560166",
        "building": "yes",
        "historic": "ruins",
        "historic:civilization": "modern",
        "name": "Korugan",
        "ruins": "bunker",
        "@geometry": "center"
      },
      "geometry": {
        "type": "Point",
        "coordinates": [
          28.5457647,
          41.149049
        ]
      },
      "id": "way/1389560166"
    },
    {
      "type": "Feature",
      "properties": {
        "@id": "way/1389560167",
        "building": "bunker",
        "historic": "ruins",
        "historic:civilization": "modern",
        "name": "Korugan",
        "ruins": "bunker",
        "@geometry": "center"
      },
      "geometry": {
        "type": "Point",
        "coordinates": [
          28.5416611,
          41.1475262
        ]
      },
      "id": "way/1389560167"
    },
    {
      "type": "Feature",
      "properties": {
        "@id": "way/1389560168",
        "building": "bunker",
        "historic": "ruins",
        "historic:civilization": "modern",
        "name": "Korugan",
        "ruins": "bunker",
        "@geometry": "center"
      },
      "geometry": {
        "type": "Point",
        "coordinates": [
          28.5411344,
          41.1465734
        ]
      },
      "id": "way/1389560168"
    },
    {
      "type": "Feature",
      "properties": {
        "@id": "way/1389560169",
        "building": "bunker",
        "historic": "ruins",
        "historic:civilization": "modern",
        "name": "Korugan",
        "ruins": "bunker",
        "@geometry": "center"
      },
      "geometry": {
        "type": "Point",
        "coordinates": [
          28.5414175,
          41.1447285
        ]
      },
      "id": "way/1389560169"
    },
    {
      "type": "Feature",
      "properties": {
        "@id": "way/1389560170",
        "building": "bunker",
        "historic": "ruins",
        "historic:civilization": "modern",
        "name": "Korugan",
        "ruins": "bunker",
        "@geometry": "center"
      },
      "geometry": {
        "type": "Point",
        "coordinates": [
          28.5405831,
          41.1441269
        ]
      },
      "id": "way/1389560170"
    },
    {
      "type": "Feature",
      "properties": {
        "@id": "way/1389560171",
        "building": "bunker",
        "historic": "ruins",
        "historic:civilization": "modern",
        "name": "Korugan",
        "ruins": "bunker",
        "@geometry": "center"
      },
      "geometry": {
        "type": "Point",
        "coordinates": [
          28.5448222,
          41.1457671
        ]
      },
      "id": "way/1389560171"
    },
    {
      "type": "Feature",
      "properties": {
        "@id": "way/1389560172",
        "building": "bunker",
        "historic": "ruins",
        "historic:civilization": "modern",
        "name": "Korugan",
        "ruins": "bunker",
        "@geometry": "center"
      },
      "geometry": {
        "type": "Point",
        "coordinates": [
          28.5428609,
          41.1459688
        ]
      },
      "id": "way/1389560172"
    },
    {
      "type": "Feature",
      "properties": {
        "@id": "way/1389560173",
        "building": "bunker",
        "historic": "ruins",
        "historic:civilization": "modern",
        "name": "Korugan",
        "ruins": "bunker",
        "@geometry": "center"
      },
      "geometry": {
        "type": "Point",
        "coordinates": [
          28.5431769,
          41.1455354
        ]
      },
      "id": "way/1389560173"
    },
    {
      "type": "Feature",
      "properties": {
        "@id": "way/1389560174",
        "building": "bunker",
        "historic": "ruins",
        "historic:civilization": "modern",
        "name": "Korugan",
        "ruins": "bunker",
        "@geometry": "center"
      },
      "geometry": {
        "type": "Point",
        "coordinates": [
          28.543921,
          41.1460018
        ]
      },
      "id": "way/1389560174"
    },
    {
      "type": "Feature",
      "properties": {
        "@id": "way/1389560175",
        "building": "bunker",
        "historic": "ruins",
        "historic:civilization": "modern",
        "name": "Korugan",
        "ruins": "bunker",
        "@geometry": "center"
      },
      "geometry": {
        "type": "Point",
        "coordinates": [
          28.5443516,
          41.1455421
        ]
      },
      "id": "way/1389560175"
    },
    {
      "type": "Feature",
      "properties": {
        "@id": "way/1389560176",
        "building": "bunker",
        "historic": "ruins",
        "historic:civilization": "modern",
        "name": "Korugan",
        "ruins": "bunker",
        "@geometry": "center"
      },
      "geometry": {
        "type": "Point",
        "coordinates": [
          28.5445649,
          41.1454475
        ]
      },
      "id": "way/1389560176"
    },
    {
      "type": "Feature",
      "properties": {
        "@id": "way/1389560177",
        "building": "bunker",
        "historic": "ruins",
        "historic:civilization": "modern",
        "name": "Korugan",
        "ruins": "bunker",
        "@geometry": "center"
      },
      "geometry": {
        "type": "Point",
        "coordinates": [
          28.5444057,
          41.1452785
        ]
      },
      "id": "way/1389560177"
    },
    {
      "type": "Feature",
      "properties": {
        "@id": "way/1389560178",
        "building": "bunker",
        "historic": "ruins",
        "historic:civilization": "modern",
        "name": "Korugan",
        "ruins": "bunker",
        "@geometry": "center"
      },
      "geometry": {
        "type": "Point",
        "coordinates": [
          28.5438884,
          41.1449844
        ]
      },
      "id": "way/1389560178"
    },
    {
      "type": "Feature",
      "properties": {
        "@id": "way/1389560179",
        "building": "bunker",
        "historic": "ruins",
        "historic:civilization": "modern",
        "name": "Korugan",
        "ruins": "bunker",
        "@geometry": "center"
      },
      "geometry": {
        "type": "Point",
        "coordinates": [
          28.5435317,
          41.1453738
        ]
      },
      "id": "way/1389560179"
    },
    {
      "type": "Feature",
      "properties": {
        "@id": "way/1389564307",
        "building": "bunker",
        "historic": "ruins",
        "historic:civilization": "modern",
        "name": "Korugan",
        "ruins": "bunker",
        "@geometry": "center"
      },
      "geometry": {
        "type": "Point",
        "coordinates": [
          28.5419231,
          41.1439514
        ]
      },
      "id": "way/1389564307"
    },
    {
      "type": "Feature",
      "properties": {
        "@id": "way/1395835665",
        "building": "yes",
        "historic": "building",
        "layer": "1",
        "name": "Haseki Hafsa Sultan Türbesi",
        "wikidata": "Q131391069",
        "wikimedia_commons": "Category:Haseki Hafsa Sultan Tomb",
        "wikipedia": "tr:Hafsa Sultan Türbesi",
        "@geometry": "center"
      },
      "geometry": {
        "type": "Point",
        "coordinates": [
          28.9518703,
          41.0262652
        ]
      },
      "id": "way/1395835665"
    },
    {
      "type": "Feature",
      "properties": {
        "@id": "way/1408517425",
        "amenity": "fountain",
        "drinking_water": "yes",
        "fountain": "drinking",
        "historic": "building",
        "lit": "no",
        "name": "Atışalanı Çeşmesi",
        "wikidata": "Q131369023",
        "wikimedia_commons": "Category:Atışalanı Çeşmesi",
        "@geometry": "center"
      },
      "geometry": {
        "type": "Point",
        "coordinates": [
          28.8722534,
          41.0544962
        ]
      },
      "id": "way/1408517425"
    },
    {
      "type": "Feature",
      "properties": {
        "@id": "way/1415337774",
        "building": "yes",
        "historic": "fort",
        "name": "Kaleiçi Bizans Surları",
        "@geometry": "center"
      },
      "geometry": {
        "type": "Point",
        "coordinates": [
          28.4580143,
          41.1457401
        ]
      },
      "id": "way/1415337774"
    },
    {
      "type": "Feature",
      "properties": {
        "@id": "way/1416699707",
        "area": "yes",
        "historic": "ruins",
        "historic:civilization": "byzantine",
        "name": "Justinianus Cistern",
        "note": "Early Byzantine cistern ruins from 6th century and possible ruins of a 19-20th century French school. Thought to be \"Justinianus Cistern\" by archeologists.",
        "ruins": "yes",
        "@geometry": "center"
      },
      "geometry": {
        "type": "Point",
        "coordinates": [
          29.0406003,
          40.9715633
        ]
      },
      "id": "way/1416699707"
    },
    {
      "type": "Feature",
      "properties": {
        "@id": "way/1423624917",
        "building": "yes",
        "building:levels": "2",
        "museum": "history",
        "name": "Camlı Köşk",
        "tourism": "museum",
        "@geometry": "center"
      },
      "geometry": {
        "type": "Point",
        "coordinates": [
          28.99951,
          41.0401269
        ]
      },
      "id": "way/1423624917"
    },
    {
      "type": "Feature",
      "properties": {
        "@id": "way/1427911102",
        "historic": "memorial",
        "memorial": "statue",
        "name": "İstanbul Üniversitesi Atatürk ve Gençlik Anıtı",
        "wikidata": "Q118929941",
        "wikimedia_commons": "Category:Monument of Ataturk and Youth, İstanbul University",
        "wikipedia": "tr:İstanbul Üniversitesi Atatürk ve Gençlik Anıtı",
        "@geometry": "center"
      },
      "geometry": {
        "type": "Point",
        "coordinates": [
          28.9638645,
          41.0128139
        ]
      },
      "id": "way/1427911102"
    },
    {
      "type": "Feature",
      "properties": {
        "@id": "way/1451045101",
        "amenity": "fountain",
        "building": "yes",
        "drinking_water": "no",
        "fountain": "drinking",
        "historic": "building",
        "lit": "no",
        "name": "Behçet Bey Çeşmesi",
        "wikidata": "Q131368978",
        "wikimedia_commons": "Category:Behçet Bey Fountain",
        "@geometry": "center"
      },
      "geometry": {
        "type": "Point",
        "coordinates": [
          28.5593174,
          41.1920628
        ]
      },
      "id": "way/1451045101"
    },
    {
      "type": "Feature",
      "properties": {
        "@id": "way/1451300221",
        "historic": "archaeological_site",
        "name": "Değirmenaltı Kilisesi Kazı Alanı",
        "@geometry": "center"
      },
      "geometry": {
        "type": "Point",
        "coordinates": [
          29.3229554,
          40.8206769
        ]
      },
      "id": "way/1451300221"
    },
    {
      "type": "Feature",
      "properties": {
        "@id": "way/1454992412",
        "building": "yes",
        "historic": "building",
        "name": "Beylik Kubbesi",
        "wikidata": "Q133860367",
        "wikimedia_commons": "Category:Beylik Kubbesi",
        "@geometry": "center"
      },
      "geometry": {
        "type": "Point",
        "coordinates": [
          28.87325,
          41.0538641
        ]
      },
      "id": "way/1454992412"
    },
    {
      "type": "Feature",
      "properties": {
        "@id": "way/1458321039",
        "building": "yes",
        "historic": "building",
        "name": "Acımusluk Sarnıcı",
        "wikidata": "Q85967486",
        "wikimedia_commons": "Category:Acımusluk Cistern",
        "@geometry": "center"
      },
      "geometry": {
        "type": "Point",
        "coordinates": [
          28.9731158,
          41.0137529
        ]
      },
      "id": "way/1458321039"
    },
    {
      "type": "Feature",
      "properties": {
        "@id": "way/1460835621",
        "building": "yes",
        "castle_type": "fortress",
        "historic": "castle",
        "source": "microsoft/BuildingFootprints",
        "@geometry": "center"
      },
      "geometry": {
        "type": "Point",
        "coordinates": [
          29.2275674,
          40.9851702
        ]
      },
      "id": "way/1460835621"
    },
    {
      "type": "Feature",
      "properties": {
        "@id": "way/1463718217",
        "historic": "tomb",
        "name": "Eyüp Sabri Akgöl Mezarı",
        "name:en": "Eyüp Sabri Akgöl Tomb",
        "name:tr": "Eyüp Sabri Akgöl Mezarı",
        "wikidata": "Q6080570",
        "wikimedia_commons": "Category:Eyüp Sabri Akgöl",
        "wikipedia": "tr:Eyüp Sabri Akgöl",
        "@geometry": "center"
      },
      "geometry": {
        "type": "Point",
        "coordinates": [
          28.9813307,
          41.0680969
        ]
      },
      "id": "way/1463718217"
    },
    {
      "type": "Feature",
      "properties": {
        "@id": "way/1463718218",
        "historic": "tomb",
        "name": "Ahmed Şefik Midhat Paşa Anıt Mezarı",
        "name:en": "Ahmed Sefik Midhat Pasha Monumental Tomb",
        "name:tr": "Ahmed Şefik Midhat Paşa Anıt Mezarı",
        "wikidata": "Q134728107",
        "@geometry": "center"
      },
      "geometry": {
        "type": "Point",
        "coordinates": [
          28.9823686,
          41.0683652
        ]
      },
      "id": "way/1463718218"
    },
    {
      "type": "Feature",
      "properties": {
        "@id": "way/1463718219",
        "historic": "tomb",
        "name": "Talat Paşa Anıt Mezarı",
        "name:en": "Talat Pasha Mausoleum",
        "name:tr": "Talat Paşa Anıt Mezarı",
        "tomb": "mausoleum",
        "wikidata": "Q134728158",
        "@geometry": "center"
      },
      "geometry": {
        "type": "Point",
        "coordinates": [
          28.9814727,
          41.0679868
        ]
      },
      "id": "way/1463718219"
    },
    {
      "type": "Feature",
      "properties": {
        "@id": "way/1463718220",
        "historic": "tomb",
        "name": "Enver Paşa Anıt Mezarı",
        "name:en": "Enver Pasha Mausoleum",
        "name:tr": "Enver Paşa Anıt Mezarı",
        "tomb": "mausoleum",
        "wikidata": "Q134728159",
        "@geometry": "center"
      },
      "geometry": {
        "type": "Point",
        "coordinates": [
          28.9820829,
          41.0676852
        ]
      },
      "id": "way/1463718220"
    },
    {
      "type": "Feature",
      "properties": {
        "@id": "way/1463718222",
        "historic": "tomb",
        "name": "Mahmut Şevket Paşa Türbesi",
        "name:en": "Mahmut Sevket Pasha Tomb",
        "name:tr": "Mahmut Şevket Paşa Türbesi",
        "tomb": "turbe",
        "wikidata": "Q131391083",
        "wikipedia": "tr:Mahmud Şevket Paşa Türbesi",
        "@geometry": "center"
      },
      "geometry": {
        "type": "Point",
        "coordinates": [
          28.9818153,
          41.0685592
        ]
      },
      "id": "way/1463718222"
    },
    {
      "type": "Feature",
      "properties": {
        "@id": "way/1465652948",
        "building": "yes",
        "historic": "tomb",
        "name": "Karabaş Hazretleri Türbesi",
        "tomb": "turbe",
        "wikidata": "Q135429191",
        "@geometry": "center"
      },
      "geometry": {
        "type": "Point",
        "coordinates": [
          28.9803769,
          41.0272075
        ]
      },
      "id": "way/1465652948"
    },
    {
      "type": "Feature",
      "properties": {
        "@id": "way/1467139675",
        "name": "Açık Hava Müzesi",
        "operator": "Kağıthane Belediyesi",
        "operator:type": "government",
        "operator:wikidata": "Q284489",
        "outdoor": "yes",
        "tourism": "museum",
        "@geometry": "center"
      },
      "geometry": {
        "type": "Point",
        "coordinates": [
          28.9651553,
          41.0720156
        ]
      },
      "id": "way/1467139675"
    },
    {
      "type": "Feature",
      "properties": {
        "@id": "way/1478722706",
        "barrier": "city_wall",
        "historic": "citywalls",
        "man_made": "city_wall",
        "material": "limestone",
        "name": "İstanbul Surları",
        "name:de": "Theodosianische Landmauer",
        "name:en": "Theodosian Wall",
        "name:uk": "Феодосієви стіни",
        "source": "Maxar Premium-Luftbilder (Beta)",
        "wikidata": "Q89917",
        "wikipedia": "en:Walls of Constantinople",
        "@geometry": "center"
      },
      "geometry": {
        "type": "Point",
        "coordinates": [
          28.9222699,
          41.0101518
        ]
      },
      "id": "way/1478722706"
    },
    {
      "type": "Feature",
      "properties": {
        "@id": "way/1478722712",
        "barrier": "city_wall",
        "historic": "citywalls",
        "man_made": "city_wall",
        "material": "limestone",
        "name": "İstanbul Surları",
        "name:de": "Theodosianische Landmauer",
        "name:en": "Theodosian Wall",
        "name:uk": "Феодосієви стіни",
        "source": "Maxar Premium-Luftbilder (Beta)",
        "wikidata": "Q89917",
        "wikipedia": "en:Walls of Constantinople",
        "@geometry": "center"
      },
      "geometry": {
        "type": "Point",
        "coordinates": [
          28.9211352,
          41.0029473
        ]
      },
      "id": "way/1478722712"
    },
    {
      "type": "Feature",
      "properties": {
        "@id": "way/1478722718",
        "barrier": "city_wall",
        "historic": "citywalls",
        "man_made": "city_wall",
        "material": "limestone",
        "name": "İstanbul Surları",
        "name:de": "Theodosianische Landmauer",
        "name:en": "Theodosian Wall",
        "name:uk": "Феодосієви стіни",
        "source": "Maxar Premium-Luftbilder (Beta)",
        "wikidata": "Q89917",
        "wikipedia": "en:Walls of Constantinople",
        "@geometry": "center"
      },
      "geometry": {
        "type": "Point",
        "coordinates": [
          28.9223863,
          40.9931662
        ]
      },
      "id": "way/1478722718"
    },
    {
      "type": "Feature",
      "properties": {
        "@id": "way/1478722719",
        "historic": "citywalls",
        "man_made": "embankment",
        "name": "İstanbul Surları",
        "name:de": "Theodosianische Landmauer",
        "name:en": "Theodosian Wall",
        "name:uk": "Феодосієви стіни",
        "wikidata": "Q89917",
        "wikimedia_commons": "Category:Walls of Constantinople",
        "wikipedia": "en:Walls of Constantinople",
        "@geometry": "center"
      },
      "geometry": {
        "type": "Point",
        "coordinates": [
          28.9220603,
          40.9942172
        ]
      },
      "id": "way/1478722719"
    },
    {
      "type": "Feature",
      "properties": {
        "@id": "way/1495164591",
        "building": "yes",
        "height": "12",
        "man_made": "tower",
        "name": "Taksim Su Terazisi",
        "tower:construction": "freestanding",
        "wikidata": "Q134608723",
        "@geometry": "center"
      },
      "geometry": {
        "type": "Point",
        "coordinates": [
          28.9871089,
          41.0406294
        ]
      },
      "id": "way/1495164591"
    },
    {
      "type": "Feature",
      "properties": {
        "@id": "way/1508373585",
        "addr:city": "İstanbul",
        "addr:district": "Bakırköy",
        "addr:street": "Eski Havaalanı Caddesi",
        "building": "no",
        "email": "havacilikmuzesi@hho.edu.tr",
        "name": "İstanbul Havacılık Müzesi",
        "name:en": "Istanbul Aviation Museum",
        "name:ru": "Музей авиации в Стамбуле",
        "opening_hours": "Tu-Fr 09:00-16:30; Sa-Su 10:00-17:30",
        "phone": "+90 212 663 24 90",
        "tourism": "museum",
        "website": "http://www.hho.edu.tr/muze/muze.htm",
        "wikidata": "Q3394116",
        "wikimedia_commons": "Category:Istanbul Aviation Museum",
        "wikipedia": "en:Istanbul Aviation Museum",
        "@geometry": "center"
      },
      "geometry": {
        "type": "Point",
        "coordinates": [
          28.8255069,
          40.9642032
        ]
      },
      "id": "way/1508373585"
    },
    {
      "type": "Feature",
      "properties": {
        "@id": "way/1510748500",
        "building": "yes",
        "name": "Ulusal Bağımsızlık ve Kuruluş Müzesi ve Atatürk Devrimleri Müzesi",
        "tourism": "museum",
        "@geometry": "center"
      },
      "geometry": {
        "type": "Point",
        "coordinates": [
          28.582762,
          41.0180261
        ]
      },
      "id": "way/1510748500"
    },
    {
      "type": "Feature",
      "properties": {
        "@id": "way/1526838047",
        "building": "yes",
        "historic": "castle",
        "@geometry": "center"
      },
      "geometry": {
        "type": "Point",
        "coordinates": [
          29.110437,
          41.214184
        ]
      },
      "id": "way/1526838047"
    },
    {
      "type": "Feature",
      "properties": {
        "@id": "way/1528624243",
        "alt_name": "Garipçe Kulesi",
        "building": "historic",
        "historic": "tower",
        "image": "https://castles.nl/images/turkey/garipcet/01.jpg",
        "name": "Hasan Paşa Kulesi",
        "website": "https://castles.nl/garipce-tower",
        "wikidata": "Q135429069",
        "wikimedia_commons": "Category:Garipçe Tower",
        "@geometry": "center"
      },
      "geometry": {
        "type": "Point",
        "coordinates": [
          29.1074444,
          41.2137125
        ]
      },
      "id": "way/1528624243"
    },
    {
      "type": "Feature",
      "properties": {
        "@id": "way/1535027023",
        "historic": "archaeological_site",
        "@geometry": "center"
      },
      "geometry": {
        "type": "Point",
        "coordinates": [
          29.0227343,
          40.9980611
        ]
      },
      "id": "way/1535027023"
    },
    {
      "type": "Feature",
      "properties": {
        "@id": "node/1620494633",
        "addr:postcode": "34116",
        "historic": "monument",
        "name": "Hatice Turhan Sultan Türbesi",
        "name:en": "Tomb of Hatice Turhan Sultan",
        "name:ru": "Могила Турхана Султана",
        "wikidata": "Q621548",
        "wikimedia_commons": "Category:New Mosque (Istanbul) - Hatice Turhan Mausoleum",
        "wikipedia": "tr:Hatice Turhan Sultan"
      },
      "geometry": {
        "type": "Point",
        "coordinates": [
          28.9719047,
          41.0162025
        ]
      },
      "id": "node/1620494633"
    },
    {
      "type": "Feature",
      "properties": {
        "@id": "node/1652694014",
        "historic": "ruins",
        "name": "Magnaura Sarayı"
      },
      "geometry": {
        "type": "Point",
        "coordinates": [
          28.9796589,
          41.0054477
        ]
      },
      "id": "node/1652694014"
    },
    {
      "type": "Feature",
      "properties": {
        "@id": "node/1770612643",
        "addr:city": "İstanbul",
        "addr:district": "Karaköy",
        "addr:housenumber": "11",
        "addr:postcode": "34420",
        "addr:street": "Bankalar Caddesi",
        "name": "Osmanlı Bankası Müzesi",
        "name:en": "Ottoman Bank Museum",
        "phone": "+90 212 334 22 00",
        "tourism": "museum",
        "website": "https://obmuze.com/"
      },
      "geometry": {
        "type": "Point",
        "coordinates": [
          28.9736169,
          41.0238356
        ]
      },
      "id": "node/1770612643"
    },
    {
      "type": "Feature",
      "properties": {
        "@id": "node/1807703751",
        "name": "Istanbul Photography Museum",
        "name:ar": "متحف اسطنبول فوتوغرافي",
        "name:tr": "İstanbul Fotoğraf Müzesi",
        "opening_hours": "Tu-Su 10:00-18:00",
        "tourism": "museum"
      },
      "geometry": {
        "type": "Point",
        "coordinates": [
          28.967754,
          41.0046397
        ]
      },
      "id": "node/1807703751"
    },
    {
      "type": "Feature",
      "properties": {
        "@id": "node/1900616737",
        "historic": "archaeological_site",
        "name": "Ancient Hippodrome Substructure",
        "name:ar": "تنقيبات هيبيدروم القديمة",
        "name:zh": "1-11跑马场",
        "source": "survey"
      },
      "geometry": {
        "type": "Point",
        "coordinates": [
          28.973413,
          41.004072
        ]
      },
      "id": "node/1900616737"
    },
    {
      "type": "Feature",
      "properties": {
        "@id": "node/1908677124",
        "historic": "monument",
        "int_name": "The Stone of Million",
        "name": "Milyon Taşı",
        "name:en": "Milion",
        "name:tr": "Milyon Taşı",
        "wikidata": "Q1187329",
        "wikimedia_commons": "Category:Milion",
        "wikipedia": "en:Milion",
        "wikipedia:ru": "Милий"
      },
      "geometry": {
        "type": "Point",
        "coordinates": [
          28.9780181,
          41.0080674
        ]
      },
      "id": "node/1908677124"
    },
    {
      "type": "Feature",
      "properties": {
        "@id": "node/2201713283",
        "historic": "castle",
        "name": "Garipçe Kalesi",
        "tourism": "viewpoint",
        "wikidata": "Q19611309",
        "wikimedia_commons": "Category:Garipçe Castle",
        "wikipedia": "tr:Garipçe Kalesi"
      },
      "geometry": {
        "type": "Point",
        "coordinates": [
          29.1106021,
          41.2140768
        ]
      },
      "id": "node/2201713283"
    },
    {
      "type": "Feature",
      "properties": {
        "@id": "node/2201717708",
        "historic": "ruins",
        "name": "Pompeus Sütunu / Roke Kayalıkları"
      },
      "geometry": {
        "type": "Point",
        "coordinates": [
          29.1157573,
          41.23394
        ]
      },
      "id": "node/2201717708"
    },
    {
      "type": "Feature",
      "properties": {
        "@id": "node/2201720559",
        "historic": "castle",
        "name": "Rumeli Kavağı Tabyaları"
      },
      "geometry": {
        "type": "Point",
        "coordinates": [
          29.0746658,
          41.1820279
        ]
      },
      "id": "node/2201720559"
    },
    {
      "type": "Feature",
      "properties": {
        "@id": "node/2278535412",
        "historic": "ruins",
        "name": "Ancient Roman Ruins"
      },
      "geometry": {
        "type": "Point",
        "coordinates": [
          28.6905849,
          41.0010689
        ]
      },
      "id": "node/2278535412"
    },
    {
      "type": "Feature",
      "properties": {
        "@id": "node/2329194003",
        "height": "20",
        "historic": "memorial",
        "image": "https://photos.app.goo.gl/1kuFyFsfjiANqbd6A",
        "memorial": "statue",
        "name": "Cumhuriyet Anıtı",
        "name:ar": "ميدان تقسيم",
        "name:de": "Denkmal der Republik",
        "name:en": "Republic Monument",
        "name:fa": "بنای یادبود جمهوری",
        "name:fr": "Monument de la République",
        "name:ru": "Памятник «Республика»",
        "wheelchair": "yes",
        "wikidata": "Q1143790",
        "wikimedia_commons": "Category:Monument of the Republic, Istanbul",
        "wikipedia": "en:Republic Monument"
      },
      "geometry": {
        "type": "Point",
        "coordinates": [
          28.9851179,
          41.036999
        ]
      },
      "id": "node/2329194003"
    },
    {
      "type": "Feature",
      "properties": {
        "@id": "node/2446513068",
        "historic": "ruins",
        "name": "Osmanlı Hamam Kalıntısı"
      },
      "geometry": {
        "type": "Point",
        "coordinates": [
          29.028564,
          40.987487
        ]
      },
      "id": "node/2446513068"
    },
    {
      "type": "Feature",
      "properties": {
        "@id": "node/2454972018",
        "alt_name": "Haydarpaşa Dalgakıranı",
        "historic": "memorial",
        "name": "2. Abdülhamit Anıtı",
        "wikidata": "Q111978995",
        "wikimedia_commons": "File:Haydarpaşa Breakwater 20220506 103313 (cropped).jpg",
        "wikipedia": "tr:II. Abdülhamid Anıtı"
      },
      "geometry": {
        "type": "Point",
        "coordinates": [
          29.0071158,
          41.0017691
        ]
      },
      "id": "node/2454972018"
    },
    {
      "type": "Feature",
      "properties": {
        "@id": "node/2472730735",
        "check_date": "2025-04-06",
        "name": "Binbirdirek Sarnıcı",
        "name:ar": "متحف بنبيرديريك سارنيجي",
        "name:de": "Zisterne des Philoxenos",
        "name:el": "Κινστέρνα Φιλοξένου",
        "name:en": "Cistern of Philoxenos",
        "name:it": "Cisterna di Filosseno",
        "name:ru": "Цистерна Филоксена",
        "tourism": "museum",
        "wikidata": "Q2728644",
        "wikimedia_commons": "Category:Cistern of Philoxenos",
        "wikipedia": "en:Cistern of Philoxenos"
      },
      "geometry": {
        "type": "Point",
        "coordinates": [
          28.9744173,
          41.007606
        ]
      },
      "id": "node/2472730735"
    },
    {
      "type": "Feature",
      "properties": {
        "@id": "node/2517658756",
        "access": "yes",
        "historic": "ruins",
        "historic:civilization": "modern",
        "name": "St. George's Anglikan Kilisesi",
        "name:en": "St.George's Anglican Church",
        "ruins": "church"
      },
      "geometry": {
        "type": "Point",
        "coordinates": [
          28.9623135,
          41.1909401
        ]
      },
      "id": "node/2517658756"
    },
    {
      "type": "Feature",
      "properties": {
        "@id": "node/2575834483",
        "access": "yes",
        "historic": "ruins",
        "historic:civilization": "byzantine",
        "name": "Filiboz Antik Bizans kasabası",
        "ruins": "building"
      },
      "geometry": {
        "type": "Point",
        "coordinates": [
          28.7018667,
          41.1261093
        ]
      },
      "id": "node/2575834483"
    },
    {
      "type": "Feature",
      "properties": {
        "@id": "node/2892392880",
        "historic": "memorial",
        "material": "bronze",
        "memorial": "statue",
        "name": "Boğa Heykeli",
        "name:en": "Bull Statue",
        "name:ru": "Статуя Быка, перекрёсток 6 улиц",
        "name:tr": "Boğa Heykeli",
        "wikidata": "Q97709411",
        "wikimedia_commons": "Category:Bull Statue in Kadıköy",
        "wikipedia": "tr:Kadıköy Boğa Heykeli"
      },
      "geometry": {
        "type": "Point",
        "coordinates": [
          29.0292074,
          40.9904912
        ]
      },
      "id": "node/2892392880"
    },
    {
      "type": "Feature",
      "properties": {
        "@id": "node/3195027800",
        "email": "danisma.istanbul@ifturquie.org",
        "fee": "no",
        "name": "Fransız Kültür Merkezi",
        "name:en": "French Institute in Istanbul",
        "name:fr": "Institut français à Istanbul",
        "phone": "+90 850 755 6800",
        "tourism": "museum",
        "website": "https://ifturquie.org/"
      },
      "geometry": {
        "type": "Point",
        "coordinates": [
          28.9841655,
          41.0362806
        ]
      },
      "id": "node/3195027800"
    },
    {
      "type": "Feature",
      "properties": {
        "@id": "node/3236233297",
        "historic": "memorial",
        "material": "stone",
        "memorial": "stele",
        "name": "Kıztaşı",
        "name:el": "Στήλη του Μαρκιανού",
        "name:en": "Column of Marcian",
        "name:ru": "Колонна Маркиана",
        "name:tr": "Kıztaşı",
        "wikidata": "Q285236",
        "wikimedia_commons": "Category:Column of Marcian",
        "wikipedia": "en:Column of Marcian",
        "wikipedia:ru": "Колонна Маркиана"
      },
      "geometry": {
        "type": "Point",
        "coordinates": [
          28.9502846,
          41.0154411
        ]
      },
      "id": "node/3236233297"
    },
    {
      "type": "Feature",
      "properties": {
        "@id": "node/3254396169",
        "fee": "yes",
        "name": "Yıldız Seramik Fabrikası",
        "name:tr": "Yıldız Seramik Fabrikası",
        "tourism": "museum",
        "website": "https://www.millisaraylar.gov.tr/Lokasyon/18/Yildiz-Cini-ve-Porselen-Fabrikasi"
      },
      "geometry": {
        "type": "Point",
        "coordinates": [
          29.0188194,
          41.0482849
        ]
      },
      "id": "node/3254396169"
    },
    {
      "type": "Feature",
      "properties": {
        "@id": "node/3254460381",
        "historic": "memorial",
        "name": "Hava Şehitleri Anıtı",
        "name:en": "The Aviation Martyr’s Monument",
        "name:ru": "Памятник погибшим авиаторам Hava Sehitleri Aniti ( Tayyare Sehitleri Abidesi)",
        "name:tr": "Hava Şehitleri Anıtı",
        "wikidata": "Q1447350",
        "wikimedia_commons": "Category:Aviation Martyrs' Monument",
        "wikipedia": "tr:Tayyare Şehitleri Anıtı"
      },
      "geometry": {
        "type": "Point",
        "coordinates": [
          28.9526349,
          41.0160748
        ]
      },
      "id": "node/3254460381"
    },
    {
      "type": "Feature",
      "properties": {
        "@id": "node/3254468506",
        "addr:housenumber": "10",
        "addr:street": "Tatlı Badem Sokak",
        "email": "contact@muze.gen.tr",
        "name": "Adam Mickiewicz Müzesi",
        "name:en": "Adam Mickiewicz Museum",
        "name:ru": "музей Адама Мицкевича",
        "name:tr": "Adam Mickiewicz Müzesi",
        "opening_hours": "Tu-Su 09:00-16:30",
        "tourism": "museum",
        "website": "https://muze.gen.tr/muze-detay/adam",
        "wikidata": "Q4679495",
        "wikimedia_commons": "Category:Adam Mickiewicz Museum, Istanbul",
        "wikipedia": "en:Adam Mickiewicz Museum, Istanbul"
      },
      "geometry": {
        "type": "Point",
        "coordinates": [
          28.9771474,
          41.0387821
        ]
      },
      "id": "node/3254468506"
    },
    {
      "type": "Feature",
      "properties": {
        "@id": "node/3279398393",
        "addr:postcode": "34425",
        "fee": "yes",
        "name": "Masumiyet Müzesi",
        "name:en": "The Museum of Innocence",
        "name:ru": "Музей невинности",
        "name:tr": "Masumiyet Müzesi",
        "note": "Turkish Nobel laureate Orhan Pamuk created the muse Turkish Nobel laureate Orhan Pamuk created the museum in conjunction with his novel.um in conjunction with his novel of the same name. 1000 of every object 1950-1980.",
        "opening_hours": "Tu-Su 10:00-18:00",
        "tourism": "museum",
        "website": "https://www.masumiyetmuzesi.org/",
        "website:en": "http://www.masumiyetmuzesi.org/?Language=ENG",
        "website:tr": "http://www.masumiyetmuzesi.org/?Language=TUR",
        "wheelchair": "no",
        "wikidata": "Q15961492",
        "wikimedia_commons": "Category:The Museum of Innocence",
        "wikipedia": "en:The Museum of Innocence (museum)"
      },
      "geometry": {
        "type": "Point",
        "coordinates": [
          28.9797952,
          41.0308716
        ]
      },
      "id": "node/3279398393"
    },
    {
      "type": "Feature",
      "properties": {
        "@id": "node/3360668134",
        "addr:neighbourhood": "Bereketzade Mahallesi",
        "alt_name": "St. Pierre",
        "amenity": "place_of_worship",
        "built": "1843",
        "denomination": "catholic",
        "name": "Sen Piyer Kilisesi",
        "name:en": "Church of Saints Peter and Paul",
        "name:fr": "Eglise Saint Pierre et Paul",
        "name:it": "Chiesa dei Santi Apostoli Pietro e Paolo",
        "name:tr": "Azizler Petrus ve Pavlus Kilisesi",
        "opening_hours": "Th, Sa-Su 15:30-19:30",
        "religion": "christian",
        "wikidata": "Q3671773",
        "wikimedia_commons": "Category:Church of SS Peter and Paul, Istanbul",
        "wikipedia": "tr:Saint Peter ve Saint Paul Kilisesi"
      },
      "geometry": {
        "type": "Point",
        "coordinates": [
          28.9729448,
          41.0248386
        ]
      },
      "id": "node/3360668134"
    },
    {
      "type": "Feature",
      "properties": {
        "@id": "node/3360707037",
        "addr:housenumber": "174;215",
        "addr:postcode": "34433",
        "addr:street": "İstiklal Caddesi",
        "amenity": "place_of_worship",
        "denomination": "catholic",
        "name": "Santa Maria Draperis",
        "name:de": "St Mary Drapery Kirche",
        "name:en": "Church of Santa Maria Draperis",
        "name:fr": "Église Santa Maria Draperis",
        "name:ru": "Церковь Св.Марии Драперис",
        "name:tr": "Santa Maria Draperis Kilisesi",
        "opening_hours": "Mo-Su 09:00-18:00",
        "religion": "christian",
        "wheelchair": "no;limited",
        "wikidata": "Q32239",
        "wikimedia_commons": "Category:Santa Maria Draperis",
        "wikipedia": "en:Church of St. Mary Draperis, Istanbul"
      },
      "geometry": {
        "type": "Point",
        "coordinates": [
          28.9761517,
          41.0300987
        ]
      },
      "id": "node/3360707037"
    },
    {
      "type": "Feature",
      "properties": {
        "@id": "node/3386270532",
        "fee": "no",
        "name": "Galatasaray Müzesi",
        "name:de": "Galatasaray-Museum",
        "name:en": "Galatasaray Museum",
        "name:fr": "Musée de Galatasaray",
        "name:hy": "Գալաթասարայի թանգարան",
        "name:mk": "Музеј Галатасарај",
        "name:sr": "Музеј Галатасарај",
        "name:ur": "غلطہ سرائے عجائب گھر",
        "tourism": "museum",
        "wheelchair": "no",
        "wikidata": "Q3329724",
        "wikimedia_commons": "Category:Galatasaray Museum",
        "wikipedia": "en:Galatasaray Museum"
      },
      "geometry": {
        "type": "Point",
        "coordinates": [
          28.9769398,
          41.0334816
        ]
      },
      "id": "node/3386270532"
    },
    {
      "type": "Feature",
      "properties": {
        "@id": "node/3400112453",
        "addr:postcode": "34107",
        "name": "Yedi Kule Hisarı Müzesi",
        "opening_hours": "Mo-Su 08:30-17:00",
        "tourism": "museum"
      },
      "geometry": {
        "type": "Point",
        "coordinates": [
          28.9239308,
          40.9935689
        ]
      },
      "id": "node/3400112453"
    },
    {
      "type": "Feature",
      "properties": {
        "@id": "node/3580821812",
        "name": "Muzeum Adama Mickiewicza",
        "tourism": "museum"
      },
      "geometry": {
        "type": "Point",
        "coordinates": [
          28.9771474,
          41.0387821
        ]
      },
      "id": "node/3580821812"
    },
    {
      "type": "Feature",
      "properties": {
        "@id": "node/3597084430",
        "amenity": "place_of_worship",
        "name": "Anadolu Hisarı Namazgah",
        "wikidata": "Q124477642",
        "wikimedia_commons": "Category:Namazgah at Anadolu Hisarı",
        "wikipedia": "nl:Namazgâh van Anadoluhisarı"
      },
      "geometry": {
        "type": "Point",
        "coordinates": [
          29.0667781,
          41.0818296
        ]
      },
      "id": "node/3597084430"
    },
    {
      "type": "Feature",
      "properties": {
        "@id": "node/3811143694",
        "name": "Kartonpiyer Müzesi",
        "name:de": "Stuck Museum",
        "name:en": "Stucco Museum",
        "tourism": "museum"
      },
      "geometry": {
        "type": "Point",
        "coordinates": [
          28.9789875,
          41.029581
        ]
      },
      "id": "node/3811143694"
    },
    {
      "type": "Feature",
      "properties": {
        "@id": "node/3842144057",
        "historic": "fort",
        "name": "Süvari Birliği Nalbanthanesi",
        "note": "Forbidden to enter",
        "wheelchair": "no"
      },
      "geometry": {
        "type": "Point",
        "coordinates": [
          29.0106977,
          41.1085896
        ]
      },
      "id": "node/3842144057"
    },
    {
      "type": "Feature",
      "properties": {
        "@id": "node/4031869601",
        "name": "Panorama Zafer Müzesi",
        "name:en": "Panoramic Victory Museum",
        "tourism": "museum"
      },
      "geometry": {
        "type": "Point",
        "coordinates": [
          28.947846,
          41.0607508
        ]
      },
      "id": "node/4031869601"
    },
    {
      "type": "Feature",
      "properties": {
        "@id": "node/4477143891",
        "name": "Yıldız Sarayı",
        "name:en": "Yıldız Palace",
        "name:ru": "Дворец Йылдыз",
        "tourism": "attraction",
        "website": "https://muze.gen.tr/",
        "wikidata": "Q911734",
        "wikimedia_commons": "Category:Yıldız Palace",
        "wikipedia": "en:Yıldız Palace"
      },
      "geometry": {
        "type": "Point",
        "coordinates": [
          29.0117042,
          41.0507108
        ]
      },
      "id": "node/4477143891"
    },
    {
      "type": "Feature",
      "properties": {
        "@id": "node/4504319791",
        "addr:country": "TR",
        "addr:postcode": "34015",
        "amenity": "place_of_worship",
        "name": "Meryem Ana Rum Manastiri",
        "name:de": "Kirche der Muttergottes von der lebensspendenden Quelle",
        "name:el": "Μονὴ τῆς Θεοτὸκου τῆς Πηγῆς Moni tis Theotóku tis Pigis",
        "name:en": "Balikli Meryem Ana Rum Manastiri",
        "opening_hours": "Mo-Su 08:30-16:30",
        "religion": "christian",
        "start_date": "559",
        "wikidata": "Q3020134",
        "wikimedia_commons": "Category:Church of St. Mary of the Source (Istanbul)",
        "wikipedia": "en:Church of St. Mary of the Spring (Istanbul)"
      },
      "geometry": {
        "type": "Point",
        "coordinates": [
          28.9155212,
          41.0067555
        ]
      },
      "id": "node/4504319791"
    },
    {
      "type": "Feature",
      "properties": {
        "@id": "node/4506783904",
        "historic": "memorial",
        "memorial": "sculpture",
        "name": "Kanuni Sultan Suleyman 1 Turbesi",
        "name:ar": "ضريح سليمان القانوني",
        "name:en": "Mausoleum of Suleiman the Magnificent",
        "name:ru": "Мавзолей Сулеймана 1Великолепного (Кануни) (управлял 1520-1566)",
        "wikidata": "Q8474",
        "wikimedia_commons": "Category:Suleiman I",
        "wikipedia": "tr:I. Süleyman"
      },
      "geometry": {
        "type": "Point",
        "coordinates": [
          28.9644663,
          41.0156999
        ]
      },
      "id": "node/4506783904"
    },
    {
      "type": "Feature",
      "properties": {
        "@id": "node/4506862293",
        "historic": "memorial",
        "memorial": "sculpture",
        "name": "Hurrem Haseki (Roksolana) Turbesi",
        "name:ar": "قبر حريم السلطان (روكسيلانا)",
        "name:en": "Tomb of Hurrem Sultan (Roxelana)",
        "name:ru": "Maвзолей Хюррем Хасеки (Роксоланы )",
        "wikidata": "Q255809",
        "wikimedia_commons": "Category:Roxelana",
        "wikipedia": "tr:Hürrem Sultan"
      },
      "geometry": {
        "type": "Point",
        "coordinates": [
          28.9648085,
          41.0156683
        ]
      },
      "id": "node/4506862293"
    },
    {
      "type": "Feature",
      "properties": {
        "@id": "node/4516765191",
        "name:ru": "Музей Яхья Кемаля Беятлы",
        "tourism": "museum"
      },
      "geometry": {
        "type": "Point",
        "coordinates": [
          28.9677376,
          41.0085148
        ]
      },
      "id": "node/4516765191"
    },
    {
      "type": "Feature",
      "properties": {
        "@id": "node/4580125160",
        "historic": "monument",
        "int_name": "Clock Tower",
        "name": "Saat Kulesi",
        "name:en": "Clock Tower",
        "wikidata": "Q21524625",
        "wikimedia_commons": "File:IstanbulPrinceIslandSq.jpg",
        "wikipedia": "tr:Büyükada Saat Kulesi"
      },
      "geometry": {
        "type": "Point",
        "coordinates": [
          29.1286022,
          40.8741241
        ]
      },
      "id": "node/4580125160"
    },
    {
      "type": "Feature",
      "properties": {
        "@id": "node/4630953457",
        "amenity": "place_of_worship",
        "name": "Caddebostan Sinagogu",
        "religion": "jewish",
        "wikidata": "Q3409196",
        "wikipedia": "en:Caddebostan Synagogue"
      },
      "geometry": {
        "type": "Point",
        "coordinates": [
          29.0676302,
          40.9724211
        ]
      },
      "id": "node/4630953457"
    },
    {
      "type": "Feature",
      "properties": {
        "@id": "node/4651286997",
        "historic": "ruins",
        "name": "Kuzguncuk Gazhanesi"
      },
      "geometry": {
        "type": "Point",
        "coordinates": [
          29.0350237,
          41.035972
        ]
      },
      "id": "node/4651286997"
    },
    {
      "type": "Feature",
      "properties": {
        "@id": "node/4695996389",
        "addr:city": "İstanbul",
        "addr:district": "Fatih",
        "historic": "monument",
        "memorial": "column",
        "name": "Gotlar Sütunu",
        "name:en": "Column of the Goths",
        "name:fa": "ستون گوت‌ها",
        "name:ru": "Готская колонна",
        "name:uk": "Готська колона",
        "tourism": "attraction",
        "wikidata": "Q2887370",
        "wikimedia_commons": "Category:Column of the Goths",
        "wikipedia": "en:Column of the Goths"
      },
      "geometry": {
        "type": "Point",
        "coordinates": [
          28.9856774,
          41.0146409
        ]
      },
      "id": "node/4695996389"
    },
    {
      "type": "Feature",
      "properties": {
        "@id": "node/4721808990",
        "name": "Kapali Carsi",
        "name:de": "Großer Bazar",
        "name:en": "Grand Bazaar",
        "name:fa": "بازار بزرگ",
        "name:it": "Gran Bazar",
        "name:ru": "Большой базар",
        "name:tr": "Kapalı Carşı",
        "name:zh": "2-1大巴扎",
        "tourism": "museum"
      },
      "geometry": {
        "type": "Point",
        "coordinates": [
          28.969963,
          41.0101095
        ]
      },
      "id": "node/4721808990"
    },
    {
      "type": "Feature",
      "properties": {
        "@id": "node/4735960522",
        "alt_name": "Santa Maria İtalyan Katolik Kilisesi",
        "amenity": "place_of_worship",
        "denomination": "catholic",
        "name": "Aziz Meryem",
        "name:en": "Saint Mary",
        "name:it": "Santa Maria",
        "religion": "christian",
        "wikidata": "Q124283487",
        "wikimedia_commons": "Category:St Marie's Church, Istanbul",
        "wikipedia": "en:Church of Santa Maria, Istanbul"
      },
      "geometry": {
        "type": "Point",
        "coordinates": [
          29.0417196,
          41.1603501
        ]
      },
      "id": "node/4735960522"
    },
    {
      "type": "Feature",
      "properties": {
        "@id": "node/4868553761",
        "tourism": "museum"
      },
      "geometry": {
        "type": "Point",
        "coordinates": [
          28.9600568,
          41.0413327
        ]
      },
      "id": "node/4868553761"
    },
    {
      "type": "Feature",
      "properties": {
        "@id": "node/4889905032",
        "addr:city": "İstanbul",
        "addr:district": "Karaköy",
        "addr:housenumber": "11",
        "addr:postcode": "34420",
        "addr:street": "Bankalar Caddesi",
        "name": "SALT Galata",
        "name:en": "SALT Galata",
        "name:tr": "SALT Galata",
        "opening_hours": "Tu-Sa 11:00-19:00; Su 11:00-18:00",
        "phone": "+90 212 334 22 00",
        "tourism": "museum",
        "website": "https://saltonline.org/"
      },
      "geometry": {
        "type": "Point",
        "coordinates": [
          28.9734736,
          41.0238724
        ]
      },
      "id": "node/4889905032"
    },
    {
      "type": "Feature",
      "properties": {
        "@id": "node/4889958232",
        "addr:housenumber": "160A",
        "addr:postcode": "34433",
        "addr:street": "İstiklal Caddesi",
        "fee": "no",
        "name": "Borusan Sanat",
        "name:en": "Borusan Art",
        "name:tr": "Borusan Sanat",
        "opening_hours": "Mo-Fr 09:30-18:00",
        "phone": "+902127058700",
        "tourism": "museum",
        "wheelchair": "no"
      },
      "geometry": {
        "type": "Point",
        "coordinates": [
          28.9754498,
          41.0303466
        ]
      },
      "id": "node/4889958232"
    },
    {
      "type": "Feature",
      "properties": {
        "@id": "node/4889958234",
        "name": "ISTANBUL'74",
        "name:en": "ISTANBUL'74",
        "name:tr": "ISTANBUL'74",
        "tourism": "museum"
      },
      "geometry": {
        "type": "Point",
        "coordinates": [
          28.9795904,
          41.0332891
        ]
      },
      "id": "node/4889958234"
    },
    {
      "type": "Feature",
      "properties": {
        "@id": "node/4889959431",
        "addr:housenumber": "211",
        "addr:postcode": "34433",
        "addr:street": "İstiklal Caddesi",
        "email": "info@mesher.org",
        "fee": "yes",
        "name": "Meşher",
        "name:en": "ARTER contemporary art museum",
        "name:ru": "ARTER музей современного искусства",
        "name:tr": "ARTER",
        "opening_hours": "Tu-Su 11:00-19:00",
        "phone": "+902127085900",
        "tourism": "museum",
        "website": "https://www.mesher.org",
        "wheelchair": "limited"
      },
      "geometry": {
        "type": "Point",
        "coordinates": [
          28.9757547,
          41.0304385
        ]
      },
      "id": "node/4889959431"
    },
    {
      "type": "Feature",
      "properties": {
        "@id": "node/4889959432",
        "fee": "no",
        "name": "AK Bank Sanat Galerisi",
        "name:en": "AK Bank Sanat Galerisi",
        "name:tr": "AK Bank Sanat Galerisi",
        "opening_hours": "Tu-Sa 14:00-19:00; Su,Mo off",
        "tourism": "museum",
        "wheelchair": "limited"
      },
      "geometry": {
        "type": "Point",
        "coordinates": [
          28.9831097,
          41.0359382
        ]
      },
      "id": "node/4889959432"
    },
    {
      "type": "Feature",
      "properties": {
        "@id": "node/4889959434",
        "addr:housenumber": "42",
        "addr:street": "Balo Sokağı",
        "check_date": "2024-11-21",
        "fee": "no",
        "name": "Dogançay Müzesi",
        "name:en": "Dogançay Müzesi",
        "name:tr": "Dogançay Müzesi",
        "opening_hours": "Tu-Su 10:00-18:00",
        "tourism": "museum",
        "wikidata": "Q5303887",
        "wikimedia_commons": "Category:Doğançay Museum",
        "wikipedia": "en:Doğançay Museum"
      },
      "geometry": {
        "type": "Point",
        "coordinates": [
          28.9783705,
          41.0357703
        ]
      },
      "id": "node/4889959434"
    },
    {
      "type": "Feature",
      "properties": {
        "@id": "node/4889959435",
        "fee": "yes",
        "name": "Türvak Türker Inanoglu Vakfi",
        "name:en": "Cinema Museum",
        "name:tr": "Türvak Türker Inanoglu Vakfi",
        "tourism": "museum"
      },
      "geometry": {
        "type": "Point",
        "coordinates": [
          28.9777224,
          41.0326418
        ]
      },
      "id": "node/4889959435"
    },
    {
      "type": "Feature",
      "properties": {
        "@id": "node/4966376521",
        "name": "Turkuazoo",
        "name:en": "sea life",
        "name:tr": "Turkuazoo",
        "tourism": "attraction",
        "wikidata": "Q4809463",
        "wikimedia_commons": "Category:Sea Life İstanbul",
        "wikipedia": "en:TurkuaZoo"
      },
      "geometry": {
        "type": "Point",
        "coordinates": [
          28.896211,
          41.0455958
        ]
      },
      "id": "node/4966376521"
    },
    {
      "type": "Feature",
      "properties": {
        "@id": "node/4977947521",
        "historic": "ruins",
        "name": "Ayios Polieuktos Kilisesi",
        "name:en": "Church of St. Polyeuktos",
        "name:tr": "Ayios Polieuktos Kilisesi",
        "wikidata": "Q1578614",
        "wikimedia_commons": "Category:St Polyeuktos church (Constantinople)",
        "wikipedia": "en:Church of St. Polyeuctus"
      },
      "geometry": {
        "type": "Point",
        "coordinates": [
          28.9529591,
          41.0142319
        ]
      },
      "id": "node/4977947521"
    },
    {
      "type": "Feature",
      "properties": {
        "@id": "node/4990028128",
        "addr:city": "İstanbul",
        "addr:district": "Fatih",
        "addr:housenumber": "14",
        "addr:neighbourhood": "Cankurtaran Mahallesi",
        "addr:postcode": "34122",
        "addr:street": "Soğukçeşme Sokak",
        "email": "info@halimuzesi.com",
        "name": "Halı Müzesi",
        "name:de": "Teppichmuseum",
        "name:en": "Carpet Museum",
        "name:es": "Museo de las alfombras",
        "name:it": "Museo del tappeto",
        "name:ru": "Музей Ковров",
        "name:tr": "Halı Müzesi",
        "phone": "+90 212 512 69 93",
        "tourism": "museum",
        "website": "http://www.halimuzesi.com"
      },
      "geometry": {
        "type": "Point",
        "coordinates": [
          28.9809561,
          41.0087318
        ]
      },
      "id": "node/4990028128"
    },
    {
      "type": "Feature",
      "properties": {
        "@id": "node/5001163522",
        "historic": "monument",
        "name": "M.K. Atatürk & Salvador Allende",
        "wikidata": "Q135392853"
      },
      "geometry": {
        "type": "Point",
        "coordinates": [
          29.1259111,
          40.9904492
        ]
      },
      "id": "node/5001163522"
    },
    {
      "type": "Feature",
      "properties": {
        "@id": "node/5081442505",
        "addr:city": "İstanbul",
        "addr:district": "Fatih",
        "addr:street": "Yeşil Tulumba Sokağı",
        "denomination": "sunni",
        "historic": "tomb",
        "name": "Şeyh Ahmet Buhara Türbesi",
        "name:ar": "مزار الشيخ احمد بخارى",
        "wikidata": "Q131391134"
      },
      "geometry": {
        "type": "Point",
        "coordinates": [
          28.9602598,
          41.0231601
        ]
      },
      "id": "node/5081442505"
    },
    {
      "type": "Feature",
      "properties": {
        "@id": "node/5081442512",
        "addr:city": "İstanbul",
        "addr:district": "Fatih",
        "addr:postcode": "34083",
        "addr:street": "Nalıncı Kasım Sokağı",
        "name": "Rezan Has Museum",
        "name:ar": "متحف ريزان هاس",
        "name:tr": "Rezan Has Müzesi",
        "tourism": "museum",
        "website": "https://www.rhm.org.tr/",
        "wikidata": "Q7319839",
        "wikimedia_commons": "Category:Rezan Has Museum",
        "wikipedia": "en:Rezan Has Museum"
      },
      "geometry": {
        "type": "Point",
        "coordinates": [
          28.9584325,
          41.0252799
        ]
      },
      "id": "node/5081442512"
    },
    {
      "type": "Feature",
      "properties": {
        "@id": "node/5081445115",
        "addr:city": "İstanbul",
        "addr:district": "Fatih",
        "addr:street": "Esrar Dede Sokak",
        "denomination": "sunni",
        "historic": "tomb",
        "name": "Seyyit Velayet Türbesi",
        "name:ar": "مزار سيد وليد",
        "wikidata": "Q131391107"
      },
      "geometry": {
        "type": "Point",
        "coordinates": [
          28.954732,
          41.0238481
        ]
      },
      "id": "node/5081445115"
    },
    {
      "type": "Feature",
      "properties": {
        "@id": "node/5081610966",
        "addr:city": "İstanbul",
        "addr:district": "Fatih",
        "addr:street": "Hacı hamza mektebi sokağı",
        "amenity": "place_of_worship",
        "denomination": "jewish",
        "historic": "church",
        "name": "Panayia Belgradu Kilisesi",
        "name:ar": "كنيسة الروم الأورثودوكس",
        "religion": "christian",
        "wikidata": "Q3580499",
        "wikimedia_commons": "Category:Panagia Belgrade Church",
        "wikipedia": "fr:Église Notre-Dame-de-Belgrade d'Istanbul"
      },
      "geometry": {
        "type": "Point",
        "coordinates": [
          28.9219792,
          41.0001135
        ]
      },
      "id": "node/5081610966"
    },
    {
      "type": "Feature",
      "properties": {
        "@id": "node/5088190882",
        "addr:city": "İstanbul",
        "addr:district": "Fatih",
        "addr:street": "Akıncı Sokak",
        "amenity": "place_of_worship",
        "denomination": "roman_catholic",
        "name": "Samatya Aya Analipsiz Kilisesi",
        "name:ar": "كنيسة سماتيا أيا أناليبسيز",
        "religion": "christian",
        "wikidata": "Q31188693",
        "wikimedia_commons": "Category:Hagia Analipsiz Church, Samatya",
        "wikipedia": "tr:Samatya Aya Analipsiz Kilisesi"
      },
      "geometry": {
        "type": "Point",
        "coordinates": [
          28.9315881,
          40.9990416
        ]
      },
      "id": "node/5088190882"
    },
    {
      "type": "Feature",
      "properties": {
        "@id": "node/5103810789",
        "addr:city": "İstanbul",
        "addr:district": "Fatih",
        "addr:street": "Topkapı Caddesi",
        "name": "Hamidiye Kültür Ve Eğitim Vakfı Topkapı Nusret",
        "name:ar": "متحف حامدية الثقافي و التعليمي",
        "tourism": "museum"
      },
      "geometry": {
        "type": "Point",
        "coordinates": [
          28.9277844,
          41.0196249
        ]
      },
      "id": "node/5103810789"
    },
    {
      "type": "Feature",
      "properties": {
        "@id": "node/5108828006",
        "addr:city": "İstanbul",
        "addr:district": "Fatih",
        "addr:street": "Hüdavendigar Caddesi",
        "name": "Lions Rug and kilims Art Gallery",
        "phone": "+90 212 512 71 23",
        "tourism": "museum"
      },
      "geometry": {
        "type": "Point",
        "coordinates": [
          28.9778917,
          41.0128714
        ]
      },
      "id": "node/5108828006"
    },
    {
      "type": "Feature",
      "properties": {
        "@id": "node/5108828680",
        "addr:city": "İstanbul",
        "addr:district": "Fatih",
        "addr:postcode": "34110",
        "addr:street": "Sirkeci İstasyon Caddesi",
        "air_conditioning": "no",
        "check_date": "2024-06-08",
        "fee": "no",
        "museum": "railway",
        "name": "İstanbul Demiryolu Müzesi",
        "name:en": "İstanbul Railway Museum",
        "name:ru": "Стамбульский железнодорожный музей",
        "opening_hours": "Mo,PH off; Tu-Su 09:30-17:00",
        "phone": "+90 212 520 65 75",
        "tourism": "museum",
        "wheelchair": "yes",
        "wikidata": "Q15228897",
        "wikimedia_commons": "Category:Istanbul Railway Museum",
        "wikipedia": "en:Istanbul Railway Museum"
      },
      "geometry": {
        "type": "Point",
        "coordinates": [
          28.9766829,
          41.0151993
        ]
      },
      "id": "node/5108828680"
    },
    {
      "type": "Feature",
      "properties": {
        "@id": "node/5108837436",
        "addr:city": "İstanbul",
        "addr:district": "Fatih",
        "addr:street": "Hocapaşa Hamamı Sokağı",
        "name": "Hodjapasta",
        "name:ru": "Ходжапаша",
        "tourism": "museum"
      },
      "geometry": {
        "type": "Point",
        "coordinates": [
          28.9756894,
          41.0142713
        ]
      },
      "id": "node/5108837436"
    },
    {
      "type": "Feature",
      "properties": {
        "@id": "node/5108837438",
        "addr:city": "İstanbul",
        "addr:district": "Fatih",
        "addr:street": "Hoca Paşa Sokak",
        "name": "Tasciri Spettacolo",
        "tourism": "museum"
      },
      "geometry": {
        "type": "Point",
        "coordinates": [
          28.9756133,
          41.0140444
        ]
      },
      "id": "node/5108837438"
    },
    {
      "type": "Feature",
      "properties": {
        "@id": "node/5108843098",
        "addr:city": "İstanbul",
        "addr:district": "Fatih",
        "addr:street": "Divan Yolu Caddesi",
        "name": "Cevri Kalfa Çeşmesi",
        "tourism": "attraction",
        "wikidata": "Q131368516"
      },
      "geometry": {
        "type": "Point",
        "coordinates": [
          28.9767691,
          41.0080019
        ]
      },
      "id": "node/5108843098"
    },
    {
      "type": "Feature",
      "properties": {
        "@id": "node/5112732265",
        "addr:city": "İstanbul",
        "addr:district": "Fatih",
        "addr:housenumber": "02124400000",
        "addr:street": "Ordu Caddesi",
        "email": "muzeyum@istanbul.edu.tr",
        "name": "Beyazıt Türk Hamam Kültürü Müzesi",
        "name:ar": "متحف ثقافة الحمام التركي",
        "name:de": "Türkisches Bad-Kulturmuseum des Bayezid II.",
        "name:en": "II. Bayezid Turkish Bath Culture Museum",
        "name:fr": "Musée de la culture des bains turcs de Bayezid II",
        "name:tr": "II. Bayezid Türk Hamam Kültürü Müzesi",
        "tourism": "museum",
        "website": "https://muzeyum.istanbul.edu.tr/",
        "wikidata": "Q68217803",
        "wikimedia_commons": "Category:Bayezit Hamamı",
        "wikipedia": "en:Bayezid II Hamam",
        "wikipedia:fr": "Hammam de Bayezid II"
      },
      "geometry": {
        "type": "Point",
        "coordinates": [
          28.9615545,
          41.0099458
        ]
      },
      "id": "node/5112732265"
    },
    {
      "type": "Feature",
      "properties": {
        "@id": "node/5112750825",
        "addr:city": "İstanbul",
        "addr:district": "Fatih",
        "addr:street": "Hoca Çakır Caddesi",
        "amenity": "place_of_worship",
        "name": "Kasturya Sinagogu",
        "name:ar": "كنيس كاستوريا",
        "religion": "jewish",
        "wikidata": "Q6078289",
        "wikipedia": "tr:Kasturya Sinagogu"
      },
      "geometry": {
        "type": "Point",
        "coordinates": [
          28.9414755,
          41.0342139
        ]
      },
      "id": "node/5112750825"
    },
    {
      "type": "Feature",
      "properties": {
        "@id": "node/5112750831",
        "addr:city": "İstanbul",
        "addr:district": "Fatih",
        "addr:street": "Mahkeme Külhanı Sokağı",
        "historic": "yes",
        "name": "İvaz Efendi Çeşmesi",
        "name:ar": "نافورة إيفاز إفندي",
        "wikidata": "Q121944252",
        "wikimedia_commons": "Category:İvaz Efendi Çeşmesi",
        "wikipedia": "tr:İvaz Efendi Çeşmesi"
      },
      "geometry": {
        "type": "Point",
        "coordinates": [
          28.9411463,
          41.0378888
        ]
      },
      "id": "node/5112750831"
    },
    {
      "type": "Feature",
      "properties": {
        "@id": "node/5113500256",
        "addr:city": "İstanbul",
        "addr:district": "Fatih",
        "addr:street": "Atmeydanı Caddesi",
        "email": "contact@muze.gen.tr",
        "internet_access": "wlan",
        "name": "Türk ve İslam Eserleri Müzesi",
        "name:ar": "متحف الآثار التركية والإسلامية",
        "name:de": "Museum für türkische und islamische Kunst",
        "name:en": "Turkish and Islamic Arts Museum",
        "name:es": "Museo de Arte Turco e Islámico",
        "name:fa": "موزه هنر و هنر اسلامی ترکیه",
        "name:he": "‏מוזיאון האומנות הטורקית והאסלאמית",
        "name:hi": "तुर्क और इस्लामी कला संग्रहालय",
        "name:pt": "Museu de Arte Turca e Islámica",
        "name:pt-BR": "Museu de Arte Turca e Islâmica",
        "name:ru": "Музей турецкого и исламского искусства",
        "name:tr": "Türk ve İslam Eserleri Müzesi",
        "name:uk": "Музей турецкого и исламского искусства",
        "name:zh": "1-12艺术博物馆",
        "opening_hours": "Mo-Su 09:00-18:30",
        "phone": "+90 212 518 18 05",
        "tourism": "museum",
        "website": "https://muze.gen.tr/",
        "wheelchair": "limited",
        "wikidata": "Q525939",
        "wikimedia_commons": "Category:Turkish and Islamic Arts Museum",
        "wikipedia": "en:Turkish and Islamic Arts Museum"
      },
      "geometry": {
        "type": "Point",
        "coordinates": [
          28.974915,
          41.0062801
        ]
      },
      "id": "node/5113500256"
    },
    {
      "type": "Feature",
      "properties": {
        "@id": "node/5113620695",
        "addr:city": "İstanbul",
        "addr:district": "Fatih",
        "addr:postcode": "34122",
        "addr:street": "cankurtaran mahallesi",
        "email": "contact@muze.gen.tr",
        "fee": "yes",
        "name": "İslam bilim ve teknoloji tarihi müzesi",
        "name:en": "Museum of The History of Science and Technology in Islam",
        "name:ru": "Музей истории исламских науки и техники",
        "opening_hours": "Mo-Su 09:00-16:00",
        "phone": "+90 212 528 80 65",
        "tourism": "museum",
        "website": "https://muze.gen.tr",
        "wikidata": "Q16850295",
        "wikimedia_commons": "Category:İslam Bilim ve Teknoloji Tarihi Müzesi",
        "wikipedia": "en:Istanbul Museum of the History of Science and Technology in Islam"
      },
      "geometry": {
        "type": "Point",
        "coordinates": [
          28.9789678,
          41.0132188
        ]
      },
      "id": "node/5113620695"
    },
    {
      "type": "Feature",
      "properties": {
        "@id": "node/5209904925",
        "fee": "yes",
        "name": "Abdulmecit Efendi Köşkü",
        "tourism": "museum",
        "wikidata": "Q20474003",
        "wikimedia_commons": "Category:Abdülmecid Efendi Köşkü",
        "wikipedia": "tr:Abdülmecid Efendi Köşkü"
      },
      "geometry": {
        "type": "Point",
        "coordinates": [
          29.0415462,
          41.0282408
        ]
      },
      "id": "node/5209904925"
    },
    {
      "type": "Feature",
      "properties": {
        "@id": "node/5244801843",
        "addr:city": "İstanbul",
        "addr:district": "Fatih",
        "addr:street": "Şehit Mehmet Paşa Yokuşu",
        "fee": "no",
        "name": "Marmara Üniversitesi Cumhuriyet Müzesi ve Sanat Galerisi",
        "name:ar": "مرمرة يونيفيرستي موزيسي في سانات جوزال",
        "opening_hours": "Tu-Su 10:00-16:00",
        "operator": "Govermental",
        "tourism": "museum",
        "wheelchair": "no"
      },
      "geometry": {
        "type": "Point",
        "coordinates": [
          28.9743891,
          41.0051858
        ]
      },
      "id": "node/5244801843"
    },
    {
      "type": "Feature",
      "properties": {
        "@id": "node/5244801844",
        "addr:city": "İstanbul",
        "addr:district": "Fatih",
        "addr:street": "Şehit Mehmet Paşa Yokuşu",
        "name": "İstanbul Cumhuriyet Eğitim Müzesi",
        "name:ar": "استنبول جمهوريات اييتم موزيسي",
        "operator": "Govermental",
        "tourism": "museum"
      },
      "geometry": {
        "type": "Point",
        "coordinates": [
          28.9739331,
          41.0049596
        ]
      },
      "id": "node/5244801844"
    },
    {
      "type": "Feature",
      "properties": {
        "@id": "node/5244803053",
        "addr:city": "İstanbul",
        "addr:district": "Fatih",
        "addr:street": "Küçük Ayasofya Caddesi",
        "name": "Mehmet Efendi Çeşmesi",
        "name:ar": "مهمت إفندي تشمسي",
        "name:fa": "فواره مهمت افندی",
        "operator": "Govermental",
        "tourism": "attraction",
        "wikidata": "Q111697638",
        "wikimedia_commons": "Category:Mehmet Efendi Çeşmesi, Küçükayasofya",
        "wikipedia": "tr:Mehmed Efendi Çeşmesi"
      },
      "geometry": {
        "type": "Point",
        "coordinates": [
          28.9720795,
          41.0031805
        ]
      },
      "id": "node/5244803053"
    },
    {
      "type": "Feature",
      "properties": {
        "@id": "node/5244807623",
        "addr:city": "İstanbul",
        "addr:district": "Fatih",
        "addr:neighbourhood": "Molla Fenari Mahallesi",
        "addr:postcode": "34120",
        "addr:street": "Boyacı Ahmet Sokak",
        "alt_name": "TGC Basın Müzesi",
        "name": "Türkiye Gazeteciler Cemiyeti Basın Müzesi",
        "name:ar": "توركيا إازيتيجيلير جمعياتي باسن موزيسي",
        "name:en": "TGC Press Media Museum",
        "name:ru": "Музей прессы",
        "tourism": "museum",
        "wikidata": "Q6087315",
        "wikimedia_commons": "Category:Basın Müzesi",
        "wikipedia": "en:TGC Press Media Museum"
      },
      "geometry": {
        "type": "Point",
        "coordinates": [
          28.9722162,
          41.0085619
        ]
      },
      "id": "node/5244807623"
    },
    {
      "type": "Feature",
      "properties": {
        "@id": "node/5244807872",
        "addr:city": "İstanbul",
        "addr:district": "Fatih",
        "addr:street": "Karababa Türbesi Sokak",
        "denomination": "sunni",
        "historic": "tomb",
        "name": "Karababa Türbesi",
        "wikidata": "Q131391167"
      },
      "geometry": {
        "type": "Point",
        "coordinates": [
          28.9692078,
          41.0083008
        ]
      },
      "id": "node/5244807872"
    },
    {
      "type": "Feature",
      "properties": {
        "@id": "node/5244807883",
        "addr:city": "İstanbul",
        "addr:district": "Fatih",
        "addr:street": "Yeniçeriler Caddesi",
        "name": "Yahya Kemal Museum",
        "operator": "Govermental",
        "tourism": "museum"
      },
      "geometry": {
        "type": "Point",
        "coordinates": [
          28.967614,
          41.008741
        ]
      },
      "id": "node/5244807883"
    },
    {
      "type": "Feature",
      "properties": {
        "@id": "node/5434156221",
        "amenity": "place_of_worship",
        "name": "Telli Baba",
        "wikidata": "Q131391110"
      },
      "geometry": {
        "type": "Point",
        "coordinates": [
          29.0718364,
          41.1752693
        ]
      },
      "id": "node/5434156221"
    },
    {
      "type": "Feature",
      "properties": {
        "@id": "node/5478162925",
        "historic": "memorial",
        "memorial": "statue",
        "name": "Sarayburnu Atatürk Anıtı",
        "name:en": "Sarayburnu Atatürk Monument",
        "name:es": "Estatua de Atatürk",
        "wikidata": "Q21523731",
        "wikimedia_commons": "Category:Statue of Atatürk in Sarayburnu",
        "wikipedia": "tr:Sarayburnu Atatürk Anıtı"
      },
      "geometry": {
        "type": "Point",
        "coordinates": [
          28.9861325,
          41.016263
        ]
      },
      "id": "node/5478162925"
    },
    {
      "type": "Feature",
      "properties": {
        "@id": "node/5506396363",
        "addr:city": "İstanbul",
        "addr:district": "Beyoğlu",
        "addr:housenumber": "39",
        "addr:postcode": "34421",
        "addr:street": "Bereketzade Mahallesi Büyük Hendek Cadessi",
        "name": "500. Yıl Vakfı Türk Musevileri Müzesi",
        "name:en": "The Jewish Museum of Turkey",
        "opening_hours": "10:00-16:00; Fr 10:00-13:00; Su 10:00-14:00",
        "phone": "+90 212 292 63 33",
        "tourism": "museum",
        "website": "https://www.muze500.com/",
        "wheelchair": "no",
        "wikidata": "Q1059699",
        "wikimedia_commons": "Category:500. Yıl Vakfı Türk Musevileri Müzesi (İstanbul)",
        "wikipedia": "en:Jewish Museum of Turkey"
      },
      "geometry": {
        "type": "Point",
        "coordinates": [
          28.9727283,
          41.0267866
        ]
      },
      "id": "node/5506396363"
    },
    {
      "type": "Feature",
      "properties": {
        "@id": "node/5599930452",
        "alt_name": "Surp Pırgiç Ermeni Kilisesi",
        "amenity": "place_of_worship",
        "denomination": "catholic",
        "name": "Surp Pırgiç Kilisesi",
        "name:en": "Surp Pirgiç Catholic Church",
        "name:hy": "Սուրբ Փրկիչ եկեղեցի",
        "religion": "christian",
        "wikidata": "Q25474010",
        "wikimedia_commons": "Category:Surp Pırgiç Ermeni Katolik Kilisesi",
        "wikipedia": "tr:Surp Pırgiç Ermeni Katolik Kilisesi"
      },
      "geometry": {
        "type": "Point",
        "coordinates": [
          28.9760077,
          41.0245024
        ]
      },
      "id": "node/5599930452"
    },
    {
      "type": "Feature",
      "properties": {
        "@id": "node/5599994986",
        "addr:city": "İstanbul",
        "addr:district": "Fatih",
        "alt_name": "Sulu Manastırı;Surp Kevork Ermeni Kilisesi",
        "amenity": "place_of_worship",
        "building": "church",
        "denomination": "armenian_apostolic",
        "historic": "yes",
        "name": "Surp Kevork Kilisesi",
        "name:ar": "كنيسة سورب كيفورك للأرمن",
        "name:de": "St.-Georgs-Kirche von Samatya",
        "name:el": "Μονὴ τῆς Θεοτòκου τῆς Περιβλὲπτου",
        "name:en": "Church of St. George of Samatya",
        "name:hy": "Սամաթիոյ Սուրբ Գէորգ Եկեղեցի",
        "name:pl": "Kościół św. Jerzego",
        "religion": "christian",
        "source": "bing",
        "tourism": "attraction",
        "wikidata": "Q5117225",
        "wikimedia_commons": "Category:Church of St. George of Samatya",
        "wikipedia": "tr:Surp Kevork Kilisesi"
      },
      "geometry": {
        "type": "Point",
        "coordinates": [
          28.9331468,
          41.0018646
        ]
      },
      "id": "node/5599994986"
    },
    {
      "type": "Feature",
      "properties": {
        "@id": "node/5600011543",
        "addr:city": "İstanbul",
        "addr:district": "Fatih",
        "alt_name": "Surp Agop Ermeni Kilisesi",
        "amenity": "place_of_worship",
        "name": "Surp Hagop Kilisesi",
        "name:en": "Surp Hagop Church",
        "name:hy": "Սուրբ Յակոբ Գլխադիր Եկեղեցի",
        "religion": "christian",
        "wikidata": "Q20471265",
        "wikipedia": "tr:Surp Hagop Kilisesi"
      },
      "geometry": {
        "type": "Point",
        "coordinates": [
          28.9347471,
          41.0081065
        ]
      },
      "id": "node/5600011543"
    },
    {
      "type": "Feature",
      "properties": {
        "@id": "node/5600096372",
        "alt_name": "Surp Yerits Mangants Ermeni Kilisesi",
        "amenity": "place_of_worship",
        "name": "Surp Yerits Mangants Kilisesi",
        "name:en": "Surp Yerits Mangants Church",
        "name:hy": "Սուրբ Երից Մանկանց Եկեղեցի",
        "religion": "christian",
        "wikidata": "Q20471345",
        "wikipedia": "tr:Surp Yerits Mangants Kilisesi"
      },
      "geometry": {
        "type": "Point",
        "coordinates": [
          29.051159,
          41.1023462
        ]
      },
      "id": "node/5600096372"
    },
    {
      "type": "Feature",
      "properties": {
        "@id": "node/5600243670",
        "alt_name": "Beşiktaş Surp Asdvadzadzin Ermeni Kilisesi;Surp Asdvadzadzin Kilisesi",
        "amenity": "place_of_worship",
        "name": "Surp Asdvadzadzin Kilisesi",
        "name:ar": "كنيسة سورب ادفازادزين الارمنية في باشيكتاش",
        "name:fr": "Église arménienne Surp Asdvadzadzin",
        "name:hy": "Սուրբ Աստուածածին Եկեղեցի",
        "religion": "christian",
        "wikidata": "Q16008767",
        "wikimedia_commons": "Category:Surp Asdvadzadzin Armenian Church (Beşiktaş)",
        "wikipedia": "tr:Beşiktaş Surp Asdvadzadzin Kilisesi"
      },
      "geometry": {
        "type": "Point",
        "coordinates": [
          29.0053046,
          41.0445539
        ]
      },
      "id": "node/5600243670"
    },
    {
      "type": "Feature",
      "properties": {
        "@id": "node/5602054323",
        "name": "Çiçek Pasajı",
        "name:ru": "Цветочный Пассаж",
        "tourism": "attraction",
        "wheelchair": "no",
        "wikidata": "Q595289",
        "wikimedia_commons": "Category:Çiçek Pasajı",
        "wikipedia": "tr:Çiçek Pasajı"
      },
      "geometry": {
        "type": "Point",
        "coordinates": [
          28.9779211,
          41.0340997
        ]
      },
      "id": "node/5602054323"
    },
    {
      "type": "Feature",
      "properties": {
        "@id": "node/5618892734",
        "addr:housenumber": "10",
        "addr:street": "Hacı Murat Sokağı",
        "alt_name": "İlya Profiti Rum Ortodoks Kilisesi",
        "amenity": "place_of_worship",
        "denomination": "catholic",
        "name": "İlya Profiti Kilisesi",
        "phone": "+90 216 492 81 62",
        "religion": "christian",
        "wikidata": "Q131539150"
      },
      "geometry": {
        "type": "Point",
        "coordinates": [
          29.0324952,
          41.021359
        ]
      },
      "id": "node/5618892734"
    },
    {
      "type": "Feature",
      "properties": {
        "@id": "node/5640069827",
        "addr:city": "İstanbul",
        "addr:district": "Beyoğlu",
        "addr:housenumber": "1/1",
        "addr:neighbourhood": "Kılıç Ali Paşa Mahallesi",
        "addr:postcode": "34433",
        "addr:street": "Tophane İskele Caddesi",
        "check_date": "2023-11-30",
        "email": "info@istanbulmodern.org",
        "fee": "yes",
        "museum": "art",
        "name": "İstanbul Modern Sanat Müzesi",
        "name:en": "Istanbul Museum of Modern Art",
        "name:fa": "موزه هنرهای مدرن استانبول",
        "name:ru": "Стамбульский музей современного искусства",
        "name:tr": "İstanbul Modern Sanat Müzesi",
        "opening_hours": "Tu-Th, Sa-Su 10:00-18:00; Fr 10:00-20:00",
        "phone": "+902123347300",
        "tourism": "museum",
        "website": "https://www.istanbulmodern.org/",
        "wheelchair": "designated",
        "wikidata": "Q1463961",
        "wikimedia_commons": "Category:İstanbul Modern",
        "wikipedia": "tr:İstanbul Modern"
      },
      "geometry": {
        "type": "Point",
        "coordinates": [
          28.982812,
          41.025911
        ]
      },
      "id": "node/5640069827"
    },
    {
      "type": "Feature",
      "properties": {
        "@id": "node/5645608922",
        "addr:housenumber": "5-7",
        "addr:postcode": "34734",
        "addr:street": "145.Sokak",
        "email": "denizpireci@yahoo.com",
        "name": "Pireci Studio",
        "opening_hours": "Mo-Fr 10:00-18:00",
        "operator": "Deniz Pireci",
        "phone": "+90 535 891 36 39",
        "tourism": "museum",
        "website": "http://denizpireci.blogspot.com.tr"
      },
      "geometry": {
        "type": "Point",
        "coordinates": [
          29.2379176,
          41.0526945
        ]
      },
      "id": "node/5645608922"
    },
    {
      "type": "Feature",
      "properties": {
        "@id": "node/5872511485",
        "fee": "yes",
        "name": "Borusan Holding",
        "name:en": "Borusan contemporary",
        "name:fr": "Musée d'art moderne Borusan",
        "tourism": "museum"
      },
      "geometry": {
        "type": "Point",
        "coordinates": [
          29.0565723,
          41.0892526
        ]
      },
      "id": "node/5872511485"
    },
    {
      "type": "Feature",
      "properties": {
        "@id": "node/6180706492",
        "fee": "yes",
        "museum": "history",
        "name": "Saray Koleksiyonları Müzesi",
        "name:en": "Palace Collections Museum",
        "name:ru": "Музей дворцовых коллекций",
        "name:tr": "Saray Koleksiyonları Müzesi",
        "opening_hours": "Tu-Su 09:00-17:00",
        "operator": "Millî Saraylar Başkanlığı",
        "tourism": "museum",
        "website": "https://www.millisaraylar.gov.tr/Lokasyon/15/Saray-Koleksiyonlari-Museum",
        "wikidata": "Q112585751",
        "wikimedia_commons": "Category:Istanbul Palace Collections Museum"
      },
      "geometry": {
        "type": "Point",
        "coordinates": [
          29.004119,
          41.04121
        ]
      },
      "id": "node/6180706492"
    },
    {
      "type": "Feature",
      "properties": {
        "@id": "node/6185937305",
        "addr:postcode": "34420",
        "addr:street": "Bankalar Caddesi",
        "check_date:opening_hours": "2022-12-10",
        "fee": "yes",
        "name": "Sabanci Universitesi Kasa Galerisi",
        "name:en": "Sabancı University Vault Gallery",
        "name:tr": "Sabancı Üniversitesi Kasa Galerisi",
        "opening_hours:signed": "no",
        "phone": "+90 212 292 49 39",
        "shop": "art",
        "tourism": "museum",
        "website": "http://kasagaleri.sabanciuniv.edu",
        "wheelchair": "no"
      },
      "geometry": {
        "type": "Point",
        "coordinates": [
          28.9750813,
          41.0238431
        ]
      },
      "id": "node/6185937305"
    },
    {
      "type": "Feature",
      "properties": {
        "@id": "node/6271751254",
        "addr:postcode": "34425",
        "alt_name": "Galata Yeni Türk Ortodoks Kilisesi",
        "amenity": "place_of_worship",
        "denomination": "independent",
        "name": "Aziz Yahya Kilisesi",
        "name:en": "Saint John Turkish Orthodox Church",
        "name:ru": "православная церковь Святого Иоанна",
        "name:tr": "Aziz Yahya Türk Ortodoks Kilisesi",
        "religion": "christian",
        "wikidata": "Q25477759",
        "wikimedia_commons": "Category:Saint John Turkish Orthodox Church",
        "wikipedia": "tr:Karaköy Aya Nikola Kilisesi"
      },
      "geometry": {
        "type": "Point",
        "coordinates": [
          28.9781298,
          41.0252215
        ]
      },
      "id": "node/6271751254"
    },
    {
      "type": "Feature",
      "properties": {
        "@id": "node/6271794608",
        "alt_name": "Kal de los Frankos",
        "amenity": "place_of_worship",
        "name": "İtalyan Sinagogu",
        "religion": "jewish",
        "wikidata": "Q2574448",
        "wikipedia": "en:Italian Synagogue (Istanbul)"
      },
      "geometry": {
        "type": "Point",
        "coordinates": [
          28.9725458,
          41.025424
        ]
      },
      "id": "node/6271794608"
    },
    {
      "type": "Feature",
      "properties": {
        "@id": "node/6327118881",
        "historic": "archaeological_site",
        "name": "Melantias",
        "wikipedia": "en:Melantias"
      },
      "geometry": {
        "type": "Point",
        "coordinates": [
          28.7383917,
          41.0584379
        ]
      },
      "id": "node/6327118881"
    },
    {
      "type": "Feature",
      "properties": {
        "@id": "node/6345489656",
        "historic": "ruins",
        "name": "Tarihi Hamam"
      },
      "geometry": {
        "type": "Point",
        "coordinates": [
          29.6118871,
          41.1761776
        ]
      },
      "id": "node/6345489656"
    },
    {
      "type": "Feature",
      "properties": {
        "@id": "node/6373152085",
        "addr:housenumber": "10",
        "addr:postcode": "34087",
        "addr:street": "Dervişzade Sokağı",
        "name": "Prison of Anemas",
        "name:de": "Gefängnis des Anemas",
        "name:en": "Prison of Anemas",
        "name:ru": "Тюрьма Анемас",
        "name:tr": "Anemas Zindanları",
        "tourism": "attraction",
        "wikidata": "Q3081830",
        "wikimedia_commons": "Category:Prison of Anemas",
        "wikipedia": "tr:Anemas Zindanları"
      },
      "geometry": {
        "type": "Point",
        "coordinates": [
          28.9407981,
          41.038414
        ]
      },
      "id": "node/6373152085"
    },
    {
      "type": "Feature",
      "properties": {
        "@id": "node/6398329629",
        "historic": "ruins",
        "historic:civilization": "ancient_roman",
        "name": "Spradon",
        "note": "There are ruins around this large area - city wall, bathhouse etc., believed to remains of an ancient settlement Spradon, from which obviously the modern name Ispartakule \"Isparta tower\" was derived.",
        "source": "http://www.hurriyetdailynews.com/ancient-city-of-spradon-waits-for-final-decision-32801"
      },
      "geometry": {
        "type": "Point",
        "coordinates": [
          28.7086192,
          41.0686511
        ]
      },
      "id": "node/6398329629"
    },
    {
      "type": "Feature",
      "properties": {
        "@id": "node/6410833306",
        "name": "Zosia Teyze'nin Anı Evi",
        "name:en": "Aunt Zosia's Memorial House",
        "name:pl": "Dom Pamieci Cioci Zosi",
        "name:tr": "Zosia Teyze'nin Anı Evi",
        "tourism": "museum"
      },
      "geometry": {
        "type": "Point",
        "coordinates": [
          29.2099873,
          41.1100143
        ]
      },
      "id": "node/6410833306"
    },
    {
      "type": "Feature",
      "properties": {
        "@id": "node/6458152384",
        "alt_name": "Kadıköy Meydanı",
        "alt_name_1": "İskele Meydanı",
        "name": "Rıhtım Meydanı",
        "place": "square",
        "wikidata": "Q109389732",
        "wikimedia_commons": "File:Kadıköy p1.JPG",
        "wikipedia": "tr:Kadıköy Meydanı"
      },
      "geometry": {
        "type": "Point",
        "coordinates": [
          29.0215951,
          40.9912468
        ]
      },
      "id": "node/6458152384"
    },
    {
      "type": "Feature",
      "properties": {
        "@id": "node/6783390887",
        "name:en": "The Hippodrome Exhibition",
        "operator": "nakkas",
        "tourism": "museum"
      },
      "geometry": {
        "type": "Point",
        "coordinates": [
          28.9751882,
          41.0041339
        ]
      },
      "id": "node/6783390887"
    },
    {
      "type": "Feature",
      "properties": {
        "@id": "node/6822252690",
        "historic": "ruins",
        "name": "Altıntepsi Su Terazisi"
      },
      "geometry": {
        "type": "Point",
        "coordinates": [
          28.8968447,
          41.0346712
        ]
      },
      "id": "node/6822252690"
    },
    {
      "type": "Feature",
      "properties": {
        "@id": "node/6834315797",
        "historic": "yes",
        "name": "Sadrazam Bahir Mustafa Paşa Çeşmesi",
        "wikidata": "Q131368564"
      },
      "geometry": {
        "type": "Point",
        "coordinates": [
          28.9181886,
          41.0425394
        ]
      },
      "id": "node/6834315797"
    },
    {
      "type": "Feature",
      "properties": {
        "@id": "node/7033014485",
        "name:en": "Jurassic land",
        "tourism": "museum"
      },
      "geometry": {
        "type": "Point",
        "coordinates": [
          28.8987682,
          41.0471791
        ]
      },
      "id": "node/7033014485"
    },
    {
      "type": "Feature",
      "properties": {
        "@id": "node/7128155031",
        "amenity": "place_of_worship",
        "denomination": "armenian_apostolic",
        "name": "Surp Vartanans",
        "religion": "christian",
        "wikidata": "Q20471335",
        "wikimedia_commons": "Category:Surp Vartanants Church",
        "wikipedia": "tr:Surp Vartanants Kilisesi"
      },
      "geometry": {
        "type": "Point",
        "coordinates": [
          28.981291,
          41.0536475
        ]
      },
      "id": "node/7128155031"
    },
    {
      "type": "Feature",
      "properties": {
        "@id": "node/7177998220",
        "historic": "castle",
        "name": "Binkılıç Bizans Kalesi",
        "ruins": "yes"
      },
      "geometry": {
        "type": "Point",
        "coordinates": [
          28.189778,
          41.419602
        ]
      },
      "id": "node/7177998220"
    },
    {
      "type": "Feature",
      "properties": {
        "@id": "node/7580601342",
        "museum": "art",
        "name": "Discovery Museum",
        "tourism": "museum"
      },
      "geometry": {
        "type": "Point",
        "coordinates": [
          28.691469,
          41.0673647
        ]
      },
      "id": "node/7580601342"
    },
    {
      "type": "Feature",
      "properties": {
        "@id": "node/7816988589",
        "historic": "castle",
        "name": "Sarıkavak Kalesi",
        "website": "https://aktuelarkeoloji.com.tr/kategori/blog-yazarligi/santorini-volkani-ve-minoan-puskurmesinin-turkiye-deki-izleri",
        "wikidata": "Q131902164"
      },
      "geometry": {
        "type": "Point",
        "coordinates": [
          29.6458173,
          41.0185817
        ]
      },
      "id": "node/7816988589"
    },
    {
      "type": "Feature",
      "properties": {
        "@id": "node/7817933285",
        "name:ru": "Старый дом,заброшка",
        "tourism": "museum"
      },
      "geometry": {
        "type": "Point",
        "coordinates": [
          29.0947111,
          40.8751072
        ]
      },
      "id": "node/7817933285"
    },
    {
      "type": "Feature",
      "properties": {
        "@id": "node/8050489585",
        "addr:postcode": "34433",
        "name": "MSGSÜ Istanbul Resim ve Heykel Müzesi",
        "name:en": "Museum Of Painting And Sculpture",
        "name:ru": "Стамбульский музей живописи и скульптуры",
        "tourism": "museum",
        "website": "https://irhm.msgsu.edu.tr/"
      },
      "geometry": {
        "type": "Point",
        "coordinates": [
          28.984281,
          41.0274396
        ]
      },
      "id": "node/8050489585"
    },
    {
      "type": "Feature",
      "properties": {
        "@id": "node/8071687535",
        "addr:postcode": "34277",
        "charge": "13 EUR",
        "check_date": "2025-10-08",
        "email": "istanbularkeoloji@ktb.gov.tr",
        "fee": "yes",
        "level": "3",
        "name": "İstanbul Havalimanı Müzesi",
        "name:en": "Istanbul Airport Museum",
        "name:fa": "موزه فرودگاه استانبول",
        "name:ru": "Музей аэропорта Стамбула",
        "name:tk": "Stambul Gonalgasy Muzeýi",
        "opening_hours": "08:30-23:00",
        "phone": "+90 212 520 7740",
        "start_date": "2020-02-17",
        "tourism": "museum",
        "website": "https://muze.gen.tr/muze-detay/havaalani",
        "wheelchair": "yes"
      },
      "geometry": {
        "type": "Point",
        "coordinates": [
          28.7418358,
          41.2613157
        ]
      },
      "id": "node/8071687535"
    },
    {
      "type": "Feature",
      "properties": {
        "@id": "node/8204812917",
        "name:en": "Mübadele Müzesi",
        "tourism": "museum"
      },
      "geometry": {
        "type": "Point",
        "coordinates": [
          28.4572273,
          41.1437529
        ]
      },
      "id": "node/8204812917"
    },
    {
      "type": "Feature",
      "properties": {
        "@id": "node/8205092817",
        "addr:postcode": "34122",
        "fee": "no",
        "name:en": "Tombs Museum",
        "name:ru": "Музей гробниц",
        "tourism": "museum"
      },
      "geometry": {
        "type": "Point",
        "coordinates": [
          28.9851066,
          41.0154482
        ]
      },
      "id": "node/8205092817"
    },
    {
      "type": "Feature",
      "properties": {
        "@id": "node/8330028656",
        "historic": "ruins",
        "historic:civilization": "modern",
        "name": "Korugan",
        "ruins": "bunker",
        "wikidata": "Q6098756",
        "wikipedia": "tr:Çakmak Hattı"
      },
      "geometry": {
        "type": "Point",
        "coordinates": [
          28.5523747,
          41.1085597
        ]
      },
      "id": "node/8330028656"
    },
    {
      "type": "Feature",
      "properties": {
        "@id": "node/8330074651",
        "building": "yes",
        "historic": "ruins",
        "historic:civilization": "modern",
        "name": "Korugan",
        "ruins": "bunker",
        "wikidata": "Q6098756",
        "wikipedia": "tr:Çakmak Hattı"
      },
      "geometry": {
        "type": "Point",
        "coordinates": [
          28.5515726,
          41.1081279
        ]
      },
      "id": "node/8330074651"
    },
    {
      "type": "Feature",
      "properties": {
        "@id": "node/8330256189",
        "building": "yes",
        "historic": "ruins",
        "historic:civilization": "modern",
        "name": "Korugan",
        "ruins": "bunker",
        "wikidata": "Q6098756",
        "wikipedia": "tr:Çakmak Hattı"
      },
      "geometry": {
        "type": "Point",
        "coordinates": [
          28.5476668,
          41.1181358
        ]
      },
      "id": "node/8330256189"
    },
    {
      "type": "Feature",
      "properties": {
        "@id": "node/8330256190",
        "building": "yes",
        "historic": "ruins",
        "historic:civilization": "modern",
        "name": "Korugan",
        "ruins": "bunker",
        "wikidata": "Q6098756",
        "wikipedia": "tr:Çakmak Hattı"
      },
      "geometry": {
        "type": "Point",
        "coordinates": [
          28.5483993,
          41.1170005
        ]
      },
      "id": "node/8330256190"
    },
    {
      "type": "Feature",
      "properties": {
        "@id": "node/8330277241",
        "building": "yes",
        "historic": "ruins",
        "historic:civilization": "modern",
        "name": "Korugan",
        "ruins": "bunker",
        "wikidata": "Q6098756",
        "wikipedia": "tr:Çakmak Hattı"
      },
      "geometry": {
        "type": "Point",
        "coordinates": [
          28.5672647,
          41.0913516
        ]
      },
      "id": "node/8330277241"
    },
    {
      "type": "Feature",
      "properties": {
        "@id": "node/8330277242",
        "building": "yes",
        "historic": "ruins",
        "historic:civilization": "modern",
        "name": "Korugan",
        "ruins": "bunker",
        "wikidata": "Q6098756",
        "wikipedia": "tr:Çakmak Hattı"
      },
      "geometry": {
        "type": "Point",
        "coordinates": [
          28.5663517,
          41.0918764
        ]
      },
      "id": "node/8330277242"
    },
    {
      "type": "Feature",
      "properties": {
        "@id": "node/8330278862",
        "building": "yes",
        "historic": "ruins",
        "historic:civilization": "modern",
        "name": "Korugan",
        "ruins": "bunker",
        "wikidata": "Q6098756",
        "wikipedia": "tr:Çakmak Hattı"
      },
      "geometry": {
        "type": "Point",
        "coordinates": [
          28.5487738,
          41.0975839
        ]
      },
      "id": "node/8330278862"
    },
    {
      "type": "Feature",
      "properties": {
        "@id": "node/8330278863",
        "building": "yes",
        "historic": "ruins",
        "historic:civilization": "modern",
        "name": "Korugan",
        "ruins": "bunker",
        "wikidata": "Q6098756",
        "wikipedia": "tr:Çakmak Hattı"
      },
      "geometry": {
        "type": "Point",
        "coordinates": [
          28.5427556,
          41.1029987
        ]
      },
      "id": "node/8330278863"
    },
    {
      "type": "Feature",
      "properties": {
        "@id": "node/8330278864",
        "building": "yes",
        "historic": "ruins",
        "historic:civilization": "modern",
        "name": "Korugan",
        "ruins": "bunker",
        "wikidata": "Q6098756",
        "wikipedia": "tr:Çakmak Hattı"
      },
      "geometry": {
        "type": "Point",
        "coordinates": [
          28.5567259,
          41.0886182
        ]
      },
      "id": "node/8330278864"
    },
    {
      "type": "Feature",
      "properties": {
        "@id": "node/8699169212",
        "fee": "no",
        "name": "PTT Müzesi",
        "name:en": "Post Museum",
        "opening_hours": "Mo-Fr 09:00-12:00,12:30-16:00",
        "tourism": "museum"
      },
      "geometry": {
        "type": "Point",
        "coordinates": [
          28.9738991,
          41.0147153
        ]
      },
      "id": "node/8699169212"
    },
    {
      "type": "Feature",
      "properties": {
        "@id": "node/9033978485",
        "historic": "memorial",
        "name": "Nişan Taşı",
        "wikidata": "Q135429787"
      },
      "geometry": {
        "type": "Point",
        "coordinates": [
          28.9915153,
          41.051731
        ]
      },
      "id": "node/9033978485"
    },
    {
      "type": "Feature",
      "properties": {
        "@id": "node/9104296117",
        "amenity": "place_of_worship",
        "name": "Kilise aya Paraskevi",
        "name:el": "ΙΝ της Αγίας Παρασκευής",
        "name:en": "St. Paraskevi Church",
        "name:ru": "Церковь св. Параскевы",
        "religion": "christian",
        "wikidata": "Q110694725"
      },
      "geometry": {
        "type": "Point",
        "coordinates": [
          29.0562959,
          41.1366995
        ]
      },
      "id": "node/9104296117"
    },
    {
      "type": "Feature",
      "properties": {
        "@id": "node/9217070484",
        "description": "Türkiye’nin ilk Eczacılık Tarihi Müzesi olan müzemiz 1960 yılında Prof. Dr. Turhan Baytop tarafından kurulmuştur. Müzenin çekirdeğini T. Baytop’un kişisel koleksiyonu oluşturmuş, daha sonra eczacıların ve hekimlerin bağışladığı eşyalar ile müze zenginleşm",
        "email": "eczaciliktarihi@istanbul.edu.tr",
        "fee": "no",
        "image": "https://sivilalanarastirmalari.org.tr/wp-content/uploads/2020/06/eczac%C4%B1l%C4%B1k.jpg",
        "museum": "history",
        "name": "Türk Eczacılık Tarihi İhtisas Müzesi",
        "operator": "İstanbul Üniversitesi",
        "phone": "+90 212 440 00 00",
        "tourism": "museum",
        "website": "https://muzeyum.istanbul.edu.tr/tr/content/muzeler/istanbul-universitesi-turk-eczacilik-tarihi-ihtisas-muzesi",
        "wikidata": "Q77780889",
        "wikipedia": "tr:İstanbul Üniversitesi Türk Eczacılık Tarihi İhtisas Müzesi"
      },
      "geometry": {
        "type": "Point",
        "coordinates": [
          28.9631157,
          41.0108493
        ]
      },
      "id": "node/9217070484"
    },
    {
      "type": "Feature",
      "properties": {
        "@id": "node/9217099231",
        "addr:city": "İstanbul",
        "addr:district": "Fatih",
        "addr:street": "Ordu Caddesi",
        "email": "arkeolojimuzesi@istanbul.edu.tr",
        "fee": "no",
        "image": "https://bilimveaydinlanma.org/content/images/2019/09/haber0.jpg",
        "museum": "history",
        "name": "İstanbul Üniversitesi Rıdvan Çelikel Arkeoloji Müzesi",
        "operator": "İstanbul Üniversitesi",
        "phone": "+90 212 440 00 00",
        "tourism": "museum",
        "website": "https://arkeolojimuzesi.istanbul.edu.tr/",
        "wikidata": "Q68219486",
        "wikimedia_commons": "Category:İstanbul Üniversitesi Rıdvan Çelikel Arkeoloji Müzesi",
        "wikipedia": "tr:İstanbul Üniversitesi Rıdvan Çelikel Arkeoloji Müzesi"
      },
      "geometry": {
        "type": "Point",
        "coordinates": [
          28.9601156,
          41.0098561
        ]
      },
      "id": "node/9217099231"
    },
    {
      "type": "Feature",
      "properties": {
        "@id": "node/9252958276",
        "museum": "history",
        "name": "Bizans Zindanları",
        "name:en": "Byzantine Dungeons",
        "tourism": "museum"
      },
      "geometry": {
        "type": "Point",
        "coordinates": [
          28.9930175,
          40.8650138
        ]
      },
      "id": "node/9252958276"
    },
    {
      "type": "Feature",
      "properties": {
        "@id": "node/9252958337",
        "castle_type": "fortress",
        "historic": "castle",
        "name": "Henry Bulwer Şatosu"
      },
      "geometry": {
        "type": "Point",
        "coordinates": [
          28.9957822,
          40.8647943
        ]
      },
      "id": "node/9252958337"
    },
    {
      "type": "Feature",
      "properties": {
        "@id": "node/9393846207",
        "historic": "fountain",
        "name": "İslambey Çeşmesi",
        "wikidata": "Q131368501"
      },
      "geometry": {
        "type": "Point",
        "coordinates": [
          28.9267588,
          41.0514574
        ]
      },
      "id": "node/9393846207"
    },
    {
      "type": "Feature",
      "properties": {
        "@id": "node/9597969110",
        "addr:city": "İstanbul",
        "addr:district": "Beyoğlu",
        "addr:housenumber": "180",
        "addr:neighbourhood": "Asmalı Mescit Mahallesi",
        "addr:postcode": "34430",
        "addr:street": "İstiklal Caddesi",
        "email": "info@museumofillusions.com.tr",
        "fee": "yes",
        "name": "Illusion Museum",
        "name:tr": "İllüzyon Müzesi",
        "phone": "+90 212 244 06 64",
        "tourism": "museum",
        "website": "https://museumofillusions.com.tr/"
      },
      "geometry": {
        "type": "Point",
        "coordinates": [
          28.9749298,
          41.02917
        ]
      },
      "id": "node/9597969110"
    },
    {
      "type": "Feature",
      "properties": {
        "@id": "node/9698150917",
        "addr:city": "İstanbul",
        "addr:district": "Beyoğlu",
        "addr:housenumber": "13",
        "addr:neighbourhood": "Yenişehir Mahallesi",
        "addr:postcode": "34435",
        "addr:street": "Irmak Caddesi",
        "name": "ARTER",
        "tourism": "museum",
        "website": "https://www.arter.org.tr",
        "wikidata": "Q25338955",
        "wikimedia_commons": "Category:Arter (art center)",
        "wikipedia": "tr:Arter (sanat mekanı)"
      },
      "geometry": {
        "type": "Point",
        "coordinates": [
          28.9787641,
          41.0408994
        ]
      },
      "id": "node/9698150917"
    },
    {
      "type": "Feature",
      "properties": {
        "@id": "node/9708710318",
        "addr:housenumber": "42",
        "addr:street": "Akçaburgaz Caddesi",
        "historic": "castle",
        "name": "tab ilaç"
      },
      "geometry": {
        "type": "Point",
        "coordinates": [
          28.6298674,
          41.0721481
        ]
      },
      "id": "node/9708710318"
    },
    {
      "type": "Feature",
      "properties": {
        "@id": "node/9813018692",
        "historic": "fountain",
        "historic:civilization": "ottoman",
        "name": "Zeynep Hanım Çeşmesi",
        "wikidata": "Q131368434",
        "wikimedia_commons": "Category:Zeynep Hanım Fountain"
      },
      "geometry": {
        "type": "Point",
        "coordinates": [
          29.2234299,
          40.91703
        ]
      },
      "id": "node/9813018692"
    },
    {
      "type": "Feature",
      "properties": {
        "@id": "node/9909824529",
        "fee": "no",
        "name": "Orhan Kemal Müzesi",
        "tourism": "museum"
      },
      "geometry": {
        "type": "Point",
        "coordinates": [
          28.9836008,
          41.0305186
        ]
      },
      "id": "node/9909824529"
    },
    {
      "type": "Feature",
      "properties": {
        "@id": "node/9933672047",
        "name": "Kâğıthane Belediyesi Şehir Müzesi",
        "tourism": "museum"
      },
      "geometry": {
        "type": "Point",
        "coordinates": [
          28.9722841,
          41.0810779
        ]
      },
      "id": "node/9933672047"
    },
    {
      "type": "Feature",
      "properties": {
        "@id": "node/9963395908",
        "amenity": "fountain",
        "drinking_water": "no",
        "historic": "fountain",
        "name": "Erenköy Station Fountain",
        "name:en": "Erenköy Station Fountain",
        "name:tr": "Erenköy İstasyon Çeşmesi",
        "wikidata": "Q106009519",
        "wikimedia_commons": "Category:Erenköy Station Fountain",
        "wikipedia": "tr:Erenköy İstasyon Çeşmesi"
      },
      "geometry": {
        "type": "Point",
        "coordinates": [
          29.0754164,
          40.9739147
        ]
      },
      "id": "node/9963395908"
    },
    {
      "type": "Feature",
      "properties": {
        "@id": "node/9964513645",
        "historic": "yes",
        "name": "Yoğurtçu Çeşmesi",
        "wikidata": "Q105982169",
        "wikimedia_commons": "File:Yoğurtçu Parkı Çeşmesi.jpg",
        "wikipedia": "tr:Yoğurtçu Çeşmesi"
      },
      "geometry": {
        "type": "Point",
        "coordinates": [
          29.0332419,
          40.983629
        ]
      },
      "id": "node/9964513645"
    },
    {
      "type": "Feature",
      "properties": {
        "@id": "node/9967219116",
        "addr:city": "İstanbul",
        "addr:district": "Adalar",
        "addr:neighbourhood": "Burgazada Mahallesi",
        "name": "Sait Faik Abasıyanık Museum",
        "name:en": "Sait Faik Abasıyanık Museum",
        "name:tr": "Sait Faik Abasıyanık Müzesi",
        "tourism": "museum",
        "website": "https://saitfaikmuzesi.org/",
        "wikidata": "Q6069887",
        "wikimedia_commons": "Category:Sait Faik Abasıyanık Museum",
        "wikipedia": "en:Sait Faik Abasıyanık Museum"
      },
      "geometry": {
        "type": "Point",
        "coordinates": [
          29.0674547,
          40.8810298
        ]
      },
      "id": "node/9967219116"
    },
    {
      "type": "Feature",
      "properties": {
        "@id": "node/9967223417",
        "addr:city": "İstanbul",
        "addr:district": "Adalar",
        "addr:housenumber": "67",
        "addr:neighbourhood": "Heybeliada Mahallesi",
        "addr:street": "Refah Şehitleri Caddesi",
        "name": "İsmet İnönü House Museum",
        "name:tr": "İsmet İnönü Evi Müzesi",
        "tourism": "museum",
        "website": "https://www.ismetinonu.org.tr/heybeliada-ismet-inonu-evi/",
        "wikidata": "Q30623170",
        "wikimedia_commons": "Category:İsmet İnönü House Museum",
        "wikipedia": "en:İsmet İnönü House Museum"
      },
      "geometry": {
        "type": "Point",
        "coordinates": [
          29.0935365,
          40.8781563
        ]
      },
      "id": "node/9967223417"
    },
    {
      "type": "Feature",
      "properties": {
        "@id": "node/10032971940",
        "check_date": "2022-09-18",
        "name": "Müze Girişi",
        "tourism": "museum"
      },
      "geometry": {
        "type": "Point",
        "coordinates": [
          29.0708351,
          41.0352023
        ]
      },
      "id": "node/10032971940"
    },
    {
      "type": "Feature",
      "properties": {
        "@id": "node/10113477451",
        "amenity": "clock",
        "building": "tower",
        "historic": "yes",
        "name": "Yıldız Clock Tower",
        "name:en": "Yıldız Clock Tower",
        "name:tr": "Yıldız Saat Kulesi",
        "name:zh": "耶尔德兹钟楼",
        "wikidata": "Q3394745",
        "wikimedia_commons": "Category:Yıldız Clock Tower",
        "wikipedia": "en:Yıldız Clock Tower"
      },
      "geometry": {
        "type": "Point",
        "coordinates": [
          29.0097995,
          41.0498637
        ]
      },
      "id": "node/10113477451"
    },
    {
      "type": "Feature",
      "properties": {
        "@id": "node/10139098094",
        "historic": "ruins",
        "name": "Dervişkapı Germesi Kalıntıları"
      },
      "geometry": {
        "type": "Point",
        "coordinates": [
          28.3027031,
          41.3401596
        ]
      },
      "id": "node/10139098094"
    },
    {
      "type": "Feature",
      "properties": {
        "@id": "node/10139098103",
        "historic": "ruins",
        "name": "Ballıgerme Su kemer"
      },
      "geometry": {
        "type": "Point",
        "coordinates": [
          28.2894756,
          41.3480864
        ]
      },
      "id": "node/10139098103"
    },
    {
      "type": "Feature",
      "properties": {
        "@id": "node/10139098105",
        "historic": "ruins",
        "name": "Gümüşpınar Germesi"
      },
      "geometry": {
        "type": "Point",
        "coordinates": [
          28.290729,
          41.3394205
        ]
      },
      "id": "node/10139098105"
    },
    {
      "type": "Feature",
      "properties": {
        "@id": "node/10284696709",
        "addr:postcode": "34122",
        "check_date": "2023-09-03",
        "description": "The quintessential [[Ottoman Empire|Ottoman]] palace was built over centuries starting from the Fall of Constantinople in 1453, and includes many mansions tastefully decorated with delicate tiles. It is on the Seraglio Point, ancient Byzantium's Acropolis",
        "email": "info@millisaraylar.gov.tr",
        "fee": "yes",
        "museum": "history",
        "name": "Topkapi Sarayı",
        "name:ar": "قصر طوب قابي",
        "name:el": "Τοπ Καπί",
        "name:en": "Topkapi Palace",
        "name:fa": "کاخ توپکاپی",
        "name:ru": "Дворец Топкапы",
        "name:zh": "托普卡匹皇宮",
        "name:zh-Hans": "托普卡匹皇宮",
        "name:zh-Hant": "托普卡匹皇宮",
        "opening_hours": "Mo, We-Su 09:00-18:00",
        "payment:mastercard": "yes",
        "payment:visa": "yes",
        "phone": "+902125285991",
        "price": "2400 TL for Topkapi-Palace, Harem and Hagia Irene (no separate tickets)",
        "tourism": "museum",
        "website": "https://muze.gen.tr/muze-detay/topkapi",
        "wikidata": "Q170495",
        "wikimedia_commons": "Category:Topkapı Palace",
        "wikipedia": "en:Topkapı Palace"
      },
      "geometry": {
        "type": "Point",
        "coordinates": [
          28.9832034,
          41.011344
        ]
      },
      "id": "node/10284696709"
    },
    {
      "type": "Feature",
      "properties": {
        "@id": "node/10543470929",
        "historic": "building",
        "name": "Hababam Sınıfı Müzesi",
        "name:en": "Hababam School Museum",
        "tourism": "museum"
      },
      "geometry": {
        "type": "Point",
        "coordinates": [
          29.0419533,
          41.0136158
        ]
      },
      "id": "node/10543470929"
    },
    {
      "type": "Feature",
      "properties": {
        "@id": "node/10799481041",
        "amenity": "clock",
        "man_made": "tower",
        "name": "Etfal Hospital Clock Tower",
        "name:tr": "Şişli Etfal Hastanesi Saat Kulesi",
        "wikidata": "Q5402823",
        "wikimedia_commons": "Category:Etfal Hospital Clock Tower",
        "wikipedia": "en:Etfal Hospital Clock Tower"
      },
      "geometry": {
        "type": "Point",
        "coordinates": [
          28.9895672,
          41.0577831
        ]
      },
      "id": "node/10799481041"
    },
    {
      "type": "Feature",
      "properties": {
        "@id": "node/10942957525",
        "historic": "drinking_fountain",
        "name": "Taâvün Çeşmesi",
        "start_date": "1921",
        "wikidata": "Q131368772"
      },
      "geometry": {
        "type": "Point",
        "coordinates": [
          28.9224391,
          41.0511855
        ]
      },
      "id": "node/10942957525"
    },
    {
      "type": "Feature",
      "properties": {
        "@id": "node/10945908788",
        "addr:city": "İstanbul",
        "addr:district": "Ataşehir",
        "addr:neighbourhood": "Atatürk Mahallesi",
        "addr:postcode": "34758",
        "addr:street": "Ataşehir Bulvarı",
        "name": "X Media Art Müsesi",
        "tourism": "museum",
        "website": "https://xmediaartmuseum.com"
      },
      "geometry": {
        "type": "Point",
        "coordinates": [
          29.1253363,
          40.993222
        ]
      },
      "id": "node/10945908788"
    },
    {
      "type": "Feature",
      "properties": {
        "@id": "node/11006008339",
        "addr:city": "İstanbul",
        "addr:country": "TR",
        "addr:district": "Fatih",
        "addr:housenumber": "1",
        "addr:postcode": "34110",
        "addr:street": "Yerebatan Caddesi",
        "email": "info@yerebatan.com",
        "historic": "cistern",
        "int_name": "Basilica Cistern",
        "location": "underground",
        "name": "Yerebatan Sarnıcı",
        "name:ar": "خزان البزايليك الأرضي",
        "name:en": "Basilica Cistern (Exit)",
        "name:fa": "باسیلیکا سیسترن",
        "name:ru": "Цистерна Базилика",
        "name:tr": "Yerebatan Sarnıcı اب انبار",
        "name:zh": "地下水宮殿",
        "name:zh-Hans": "地下水宫殿",
        "name:zh-Hant": "地下水宮殿",
        "opening_hours": "Mo-Su 09:00-19:00",
        "phone": "+90 212 522 12 59",
        "tourism": "attraction",
        "website": "http://yerebatansarnici.com/",
        "wheelchair": "no",
        "wikidata": "Q216511",
        "wikimedia_commons": "Category:Basilica Cistern",
        "wikipedia": "tr:Yerebatan Sarnıcı"
      },
      "geometry": {
        "type": "Point",
        "coordinates": [
          28.9783826,
          41.0084795
        ]
      },
      "id": "node/11006008339"
    },
    {
      "type": "Feature",
      "properties": {
        "@id": "node/11345051694",
        "alt_name": "Yeşilköy Çeşmesi",
        "historic": "memorial",
        "memorial": "fountain",
        "name": "Çoban Çeşmesi",
        "wikidata": "Q109173337",
        "wikimedia_commons": "Category:Çoban Fountain (Yenibosna)",
        "wikipedia": "tr:Çoban Çeşmesi"
      },
      "geometry": {
        "type": "Point",
        "coordinates": [
          28.8194808,
          40.993706
        ]
      },
      "id": "node/11345051694"
    },
    {
      "type": "Feature",
      "properties": {
        "@id": "node/11421909485",
        "name": "İSKİ Terkos Su Medeniyetleri Müzesi",
        "operator": "İSKİ",
        "tourism": "museum"
      },
      "geometry": {
        "type": "Point",
        "coordinates": [
          28.6735305,
          41.3007516
        ]
      },
      "id": "node/11421909485"
    },
    {
      "type": "Feature",
      "properties": {
        "@id": "node/11757911880",
        "name": "Hazzopulo Pasajı",
        "name:ar": "ممر هازوبولو",
        "name:az": "Hazzopulo keçidi",
        "name:de": "Hazzopulo-Passage",
        "name:el": "Χατζόπουλο Πέρασμα",
        "name:en": "Passaggio Hazzopulo",
        "name:es": "Pasaje Hazzopulo",
        "name:fr": "Passage Hazzopulo",
        "name:ja": "ハッツォプロ航路",
        "name:ko": "하조풀로 통로",
        "name:ku": "Derbasbûna Hazzopulo",
        "name:ru": "Проход Хаццопуло",
        "name:uk": "Пасаж Хаццопуло",
        "tourism": "attraction",
        "wikidata": "Q109394292",
        "wikimedia_commons": "Category:Hazzopulo Pasajı",
        "wikipedia": "tr:Hazzopulo Pasajı"
      },
      "geometry": {
        "type": "Point",
        "coordinates": [
          28.9760307,
          41.0333902
        ]
      },
      "id": "node/11757911880"
    },
    {
      "type": "Feature",
      "properties": {
        "@id": "node/11867279469",
        "addr:postcode": "34122",
        "fee": "yes",
        "name": "Ayasofya Tarih ve Deneyim Müzesi",
        "name:en": "Hagia Sophia History and Experience Museum",
        "name:pt": "Museu de História e Experiência da Santa Sofia",
        "opening_hours": "Mo-Su 09:00-19:00",
        "phone": "+90 212 227 30 35;+90 212 227 30 36",
        "price": "25 €",
        "tourism": "museum",
        "website": "https://www.demmuseums.com/museums/hagia-sophia-museum/"
      },
      "geometry": {
        "type": "Point",
        "coordinates": [
          28.9753667,
          41.0064549
        ]
      },
      "id": "node/11867279469"
    },
    {
      "type": "Feature",
      "properties": {
        "@id": "node/11978636718",
        "access": "yes",
        "amenity": "drinking_water",
        "fee": "no",
        "historic": "drinking_fountain",
        "name": "Kayışdağı Suyu Çeşmesi",
        "wikidata": "Q119716768",
        "wikimedia_commons": "File:Kayışdağı Suyu Çeşmesi (Sahrayıcedid).jpg",
        "wikipedia": "tr:Kayışdağı Suyu Çeşmesi (Erenköy)"
      },
      "geometry": {
        "type": "Point",
        "coordinates": [
          29.077375,
          40.9802988
        ]
      },
      "id": "node/11978636718"
    },
    {
      "type": "Feature",
      "properties": {
        "@id": "node/11985288314",
        "addr:housenumber": "1",
        "addr:street": "Birahane Sokak",
        "check_date": "2024-06-16",
        "level": "0",
        "museum": "art",
        "name": "Ara Güler Müzesi",
        "name:tr": "Ara Güler Müzesi",
        "opening_hours": "Mo-Sa 10:00-18:00; Su 12:00-18:00",
        "tourism": "museum",
        "wheelchair": "limited",
        "wikidata": "Q96756361",
        "wikimedia_commons": "Category:Ara Güler Museum",
        "wikipedia": "en:Ara Güler Museum"
      },
      "geometry": {
        "type": "Point",
        "coordinates": [
          28.9803794,
          41.0583124
        ]
      },
      "id": "node/11985288314"
    },
    {
      "type": "Feature",
      "properties": {
        "@id": "node/12001618898",
        "historic": "ruins",
        "historic:civilization": "roman",
        "name": "Su Havuzu"
      },
      "geometry": {
        "type": "Point",
        "coordinates": [
          28.9044202,
          41.0918277
        ]
      },
      "id": "node/12001618898"
    },
    {
      "type": "Feature",
      "properties": {
        "@id": "node/12243524937",
        "email": "contact@muze.gen.tr",
        "name": "Fethiye Müzesi",
        "name:en": "Fethiye Museum",
        "name:ru": "Музей Фетхие (закрыто)",
        "name:zh": "3-2费特希耶博物馆",
        "old_name:en": "Pammakaristos Church",
        "tourism": "museum",
        "website": "https://muze.gen.tr/"
      },
      "geometry": {
        "type": "Point",
        "coordinates": [
          28.946518,
          41.0292105
        ]
      },
      "id": "node/12243524937"
    },
    {
      "type": "Feature",
      "properties": {
        "@id": "node/12248507560",
        "fee": "yes",
        "museum": "clock",
        "name": "Dolmabahçe Saat Müzesi",
        "name:en": "Dolmabahçe Clock Museum",
        "name:fa": "موزه ساعت دلماباغچه",
        "name:ru": "Музей часов Долмабахче",
        "name:tr": "Dolmabahçe Saat Müzesi",
        "operator": "Millî Saraylar Başkanlığı",
        "tourism": "museum",
        "website": "https://www.millisaraylar.gov.tr/Lokasyon/16/Dolmabahce-Clock-Museum"
      },
      "geometry": {
        "type": "Point",
        "coordinates": [
          28.9963411,
          41.0376899
        ]
      },
      "id": "node/12248507560"
    },
    {
      "type": "Feature",
      "properties": {
        "@id": "node/12347693517",
        "addr:housenumber": "144",
        "addr:street": "İstiklal Caddesi",
        "check_date": "2024-11-15",
        "level": "0",
        "name": "Türkiye İş Bankası Resim Heykel Müzesi",
        "tourism": "museum"
      },
      "geometry": {
        "type": "Point",
        "coordinates": [
          28.9759016,
          41.0315115
        ]
      },
      "id": "node/12347693517"
    },
    {
      "type": "Feature",
      "properties": {
        "@id": "node/12382547352",
        "historic": "ruins",
        "historic:civilization": "byzantine",
        "name": "Arkadyos Sütunu",
        "name:be": "Калона Аркадзія",
        "name:da": "Arcadius-søjlen",
        "name:el": "Στήλη του Αρκαδίου",
        "name:en": "Column of Arcadius",
        "name:es": "Columna de Arcadio",
        "name:fa": "ستون آرکادیوس",
        "name:fr": "Colonne d'Arcadius",
        "name:hu": "Arcadius oszlopa",
        "name:id": "Tugu Arkadius",
        "name:it": "Colonna di Arcadio",
        "name:la": "Columna Arcadii",
        "name:mk": "Столб на Аркадиј",
        "name:pt": "Coluna de Arcádio",
        "name:ro": "Coloana lui Arcadius",
        "name:ru": "Колонна Аркадия",
        "name:tr": "Arkadyos Sütunu",
        "name:uk": "Колона Аркадія",
        "name:zh": "阿卡狄奧斯柱",
        "ruins": "column",
        "wikidata": "Q776353",
        "wikimedia_commons": "Category:Column of Arcadius",
        "wikipedia": "tr:Arkadios Sütunu"
      },
      "geometry": {
        "type": "Point",
        "coordinates": [
          28.9430614,
          41.0077359
        ]
      },
      "id": "node/12382547352"
    },
    {
      "type": "Feature",
      "properties": {
        "@id": "node/12395478630",
        "name": "İstanbul Robot Müzesi",
        "operator": "Akınsoft",
        "tourism": "museum",
        "wikidata": "Q123652871",
        "wikimedia_commons": "Category:Istanbul Robot Museum"
      },
      "geometry": {
        "type": "Point",
        "coordinates": [
          28.7285492,
          40.9825453
        ]
      },
      "id": "node/12395478630"
    },
    {
      "type": "Feature",
      "properties": {
        "@id": "node/12456058886",
        "addr:city": "İstanbul",
        "addr:district": "Ataşehir",
        "addr:neighbourhood": "Barbaros Mahallesi",
        "addr:postcode": "34746",
        "addr:street": "Ataşehir Bulvarı",
        "name": "Düştepe Oyun Müzesi",
        "opening_hours": "Tu-Fr 08:30-17:00; Sa-Su 09:30-18:00",
        "tourism": "museum",
        "website": "https://www.atasehir.bel.tr/dustepe-oyun-muzesi"
      },
      "geometry": {
        "type": "Point",
        "coordinates": [
          29.1124414,
          40.9936089
        ]
      },
      "id": "node/12456058886"
    },
    {
      "type": "Feature",
      "properties": {
        "@id": "node/12539082074",
        "historic": "ruins",
        "name": "Eski Hamam"
      },
      "geometry": {
        "type": "Point",
        "coordinates": [
          28.5800394,
          41.0220856
        ]
      },
      "id": "node/12539082074"
    },
    {
      "type": "Feature",
      "properties": {
        "@id": "node/12561201962",
        "addr:city": "İstanbul",
        "addr:district": "Büyükçekmece",
        "addr:housenumber": "9",
        "addr:neighbourhood": "Fatih Mah. Belediye Kent Meydanı",
        "addr:postcode": "34500",
        "addr:street": "Piyade Sokağı",
        "contact:facebook": "https://www.facebook.com/profile.php?id=61572620077600",
        "name": "Ulusal Bağımsızlık ve Kuruluş Müzesi",
        "opening_hours": "Salı-Pazar 09:30-17:00",
        "tourism": "museum"
      },
      "geometry": {
        "type": "Point",
        "coordinates": [
          28.5827468,
          41.0179076
        ]
      },
      "id": "node/12561201962"
    },
    {
      "type": "Feature",
      "properties": {
        "@id": "node/12561204075",
        "addr:city": "İstanbul",
        "addr:country": "TR",
        "addr:district": "Büyükçekmece",
        "addr:housenumber": "7",
        "addr:neighbourhood": "Fatih Mah. Piyade Sok. No:7, 34500 Belediye Kent Meydanı",
        "addr:postcode": "34500",
        "addr:street": "Piyade Sokağı",
        "contact:facebook": "https://www.facebook.com/profile.php?id=61572732184862",
        "name": "Atatürk Devrimleri Müzesi",
        "opening_hours": "Salı-Pazar 09:30-17:00",
        "tourism": "museum"
      },
      "geometry": {
        "type": "Point",
        "coordinates": [
          28.5826466,
          41.0181895
        ]
      },
      "id": "node/12561204075"
    },
    {
      "type": "Feature",
      "properties": {
        "@id": "node/12669158467",
        "archaeological_site": "church",
        "historic": "archaeological_site",
        "historic:civilization": "byzantine",
        "name": "Değirmenaltı Kilisesi"
      },
      "geometry": {
        "type": "Point",
        "coordinates": [
          29.3232055,
          40.8205445
        ]
      },
      "id": "node/12669158467"
    },
    {
      "type": "Feature",
      "properties": {
        "@id": "node/12766787301",
        "historic": "archaeological_site",
        "historic:civilization": "byzantine"
      },
      "geometry": {
        "type": "Point",
        "coordinates": [
          28.9622209,
          41.0094465
        ]
      },
      "id": "node/12766787301"
    },
    {
      "type": "Feature",
      "properties": {
        "@id": "node/12766787501",
        "historic": "archaeological_site"
      },
      "geometry": {
        "type": "Point",
        "coordinates": [
          28.9611542,
          41.0094546
        ]
      },
      "id": "node/12766787501"
    },
    {
      "type": "Feature",
      "properties": {
        "@id": "node/12768472401",
        "addr:street": "Bankacilar 1",
        "fee": "no",
        "historic": "castle",
        "name": "Padişah Mahfili - Yeni Cami",
        "name:en": "Sultans Pavillion - the new Mosque"
      },
      "geometry": {
        "type": "Point",
        "coordinates": [
          28.9727768,
          41.0168929
        ]
      },
      "id": "node/12768472401"
    },
    {
      "type": "Feature",
      "properties": {
        "@id": "node/12997285701",
        "name": "Museum of Turkish & Islamic Arts",
        "tourism": "museum"
      },
      "geometry": {
        "type": "Point",
        "coordinates": [
          29.0708259,
          41.0343138
        ]
      },
      "id": "node/12997285701"
    },
    {
      "type": "Feature",
      "properties": {
        "@id": "node/13094040818",
        "access": "yes",
        "historic": "ruins",
        "historic:civilization": "ancient_roman",
        "name": "Tarihi Kemer Kalıntısı",
        "ruins": "yes"
      },
      "geometry": {
        "type": "Point",
        "coordinates": [
          28.952164,
          41.021825
        ]
      },
      "id": "node/13094040818"
    },
    {
      "type": "Feature",
      "properties": {
        "@id": "node/13313649957",
        "name": "Gezi Parkı olaylarının gerçekleştiği yer",
        "name:en": "Site of Gezi Park protests",
        "tourism": "attraction",
        "wikidata": "Q13410316",
        "wikimedia_commons": "Category:2013 Taksim Gezi Park protests",
        "wikipedia": "tr:Gezi Parkı olayları"
      },
      "geometry": {
        "type": "Point",
        "coordinates": [
          28.9862711,
          41.0372496
        ]
      },
      "id": "node/13313649957"
    },
    {
      "type": "Feature",
      "properties": {
        "@id": "node/13385771381",
        "historic": "tomb",
        "name": "IV. Mehmet Türbesi",
        "name:en": "Tomb of Mehmed the Hunter",
        "wikidata": "Q170514",
        "wikimedia_commons": "Category:Mehmed IV",
        "wikipedia": "tr:IV. Mehmed"
      },
      "geometry": {
        "type": "Point",
        "coordinates": [
          28.9717905,
          41.0160855
        ]
      },
      "id": "node/13385771381"
    },
    {
      "type": "Feature",
      "properties": {
        "@id": "node/13385771382",
        "historic": "tomb",
        "name": "Sultan Abdulaziz Han kabri",
        "wikidata": "Q151500",
        "wikimedia_commons": "Category:Abdül Aziz I",
        "wikipedia": "tr:Abdülaziz"
      },
      "geometry": {
        "type": "Point",
        "coordinates": [
          28.9725794,
          41.008552
        ]
      },
      "id": "node/13385771382"
    },
    {
      "type": "Feature",
      "properties": {
        "@id": "node/13385771383",
        "historic": "tomb",
        "name": "V. Murat Türbesi",
        "wikidata": "Q199827",
        "wikimedia_commons": "Category:Murad V",
        "wikipedia": "tr:V. Murad"
      },
      "geometry": {
        "type": "Point",
        "coordinates": [
          28.9717123,
          41.0161468
        ]
      },
      "id": "node/13385771383"
    },
    {
      "type": "Feature",
      "properties": {
        "@id": "node/13385771384",
        "historic": "tomb",
        "name": "II. Abdülhamid Türbesi",
        "wikidata": "Q134817",
        "wikipedia": "tr:II. Abdülhamid"
      },
      "geometry": {
        "type": "Point",
        "coordinates": [
          28.972596,
          41.0086349
        ]
      },
      "id": "node/13385771384"
    },
    {
      "type": "Feature",
      "properties": {
        "@id": "node/13388465311",
        "historic": "battlefield",
        "name": "İstanbul'un Fethi",
        "name:en": "Fall of Constantinople",
        "name:tr": "İstanbul'un Fethi",
        "wikidata": "Q160077",
        "wikipedia": "tr:İstanbul'un Fethi"
      },
      "geometry": {
        "type": "Point",
        "coordinates": [
          28.9263123,
          41.0216527
        ]
      },
      "id": "node/13388465311"
    },
    {
      "type": "Feature",
      "properties": {
        "@id": "node/13388465314",
        "historic": "battlefield",
        "name": "Konstantinopolis Kuşatması (717-718)",
        "name:en": "Siege of Constantinople (717-718)",
        "name:tr": "Konstantinopolis Kuşatması (717-718)",
        "wikidata": "Q27900",
        "wikipedia": "tr:Konstantinopolis Kuşatması (717-718)"
      },
      "geometry": {
        "type": "Point",
        "coordinates": [
          28.9741304,
          41.025776
        ]
      },
      "id": "node/13388465314"
    },
    {
      "type": "Feature",
      "properties": {
        "@id": "node/13388465315",
        "historic": "battlefield",
        "name": "Konstantinopolis'in Yağmalanması",
        "name:en": "Sack of Constantinople",
        "name:tr": "Konstantinopolis'in Yağmalanması",
        "wikidata": "Q1750892",
        "wikipedia": "tr:Konstantinopolis'in Yağmalanması"
      },
      "geometry": {
        "type": "Point",
        "coordinates": [
          28.9405573,
          41.0385746
        ]
      },
      "id": "node/13388465315"
    },
    {
      "type": "Feature",
      "properties": {
        "@id": "node/13415553542",
        "historic": "fountain",
        "name": "Mahmut Bey Çeşmesi",
        "wikidata": "Q131368441",
        "wikimedia_commons": "Category:Mahmut Bey Fountain"
      },
      "geometry": {
        "type": "Point",
        "coordinates": [
          29.109356,
          40.9696434
        ]
      },
      "id": "node/13415553542"
    },
    {
      "type": "Feature",
      "properties": {
        "@id": "node/13422218469",
        "historic": "battlefield",
        "name": "15 Temmuz Darbe Girişiminin başlangıç ​​noktası",
        "name:en": "Starting point of 2016 Turkish coup d'etat",
        "wikidata": "Q25906338",
        "wikipedia": "tr:15 Temmuz Darbe Girişimi"
      },
      "geometry": {
        "type": "Point",
        "coordinates": [
          29.0282822,
          41.0510031
        ]
      },
      "id": "node/13422218469"
    },
    {
      "type": "Feature",
      "properties": {
        "@id": "node/13428973191",
        "historic": "yes",
        "name": "Validebağ Su Terazisi",
        "name:en": "Validebağ Water Balance Tower",
        "wikidata": "Q134497121",
        "wikimedia_commons": "Category:Validebağ Water Balance Tower"
      },
      "geometry": {
        "type": "Point",
        "coordinates": [
          29.0436556,
          41.0170792
        ]
      },
      "id": "node/13428973191"
    },
    {
      "type": "Feature",
      "properties": {
        "@id": "node/13565832354",
        "barrier": "sally_port",
        "historic": "city_gate",
        "historic:civilization": "byzantine",
        "name": "Belgrad Kapı",
        "name:de": "Belgrader Tor",
        "name:en": "Belgrade Gate",
        "name:it": "Porta di Belgrado",
        "name:sr": "Београдска капија",
        "name:sr-Latn": "Beogradska kapija",
        "start_date": "C5",
        "wikidata": "Q3908912",
        "wikimedia_commons": "Category:Second Military Gate (Constantinople)"
      },
      "geometry": {
        "type": "Point",
        "coordinates": [
          28.9204773,
          40.9998307
        ]
      },
      "id": "node/13565832354"
    },
    {
      "type": "Feature",
      "properties": {
        "@id": "node/13615790287",
        "archaeological_site": "roman_villa",
        "historic": "archaeological_site",
        "historic:civilization": "byzantine",
        "name": "Lausos Sarayı'nın Kalıntıları"
      },
      "geometry": {
        "type": "Point",
        "coordinates": [
          28.9755539,
          41.007586
        ]
      },
      "id": "node/13615790287"
    },
    {
      "type": "Feature",
      "properties": {
        "@id": "node/13633237834",
        "name": "Polonezköy Ağaç Oyma Heykel Sergisi",
        "tourism": "museum"
      },
      "geometry": {
        "type": "Point",
        "coordinates": [
          29.2111389,
          41.1098409
        ]
      },
      "id": "node/13633237834"
    },
    {
      "type": "Feature",
      "properties": {
        "@id": "node/13724835245",
        "historic": "ruins",
        "historic:civilization": "ancient_roman",
        "name": "Tarihi Hasanderesi Köprüsü",
        "ruins": "bridge"
      },
      "geometry": {
        "type": "Point",
        "coordinates": [
          28.7567958,
          41.0620171
        ]
      },
      "id": "node/13724835245"
    },
    {
      "type": "Feature",
      "properties": {
        "@id": "node/13839764593",
        "archaeological_site": "settlement",
        "historic": "archaeological_site"
      },
      "geometry": {
        "type": "Point",
        "coordinates": [
          28.0667719,
          41.1058118
        ]
      },
      "id": "node/13839764593"
    },
    {
      "type": "Feature",
      "properties": {
        "@id": "node/13849744569",
        "addr:city": "İstanbul",
        "addr:district": "Çekmeköy",
        "addr:housenumber": "319A",
        "addr:neighbourhood": "Nişantepe Mahallesi",
        "addr:postcode": "34000",
        "addr:street": "Saray Caddesi",
        "contact:facebook": "https://www.facebook.com/zambaoyuncakmuzesi",
        "contact:instagram": "https://www.instagram.com/zambaoyuncakmuzesi/",
        "email": "info@zambaoyuncakmuzesi.com",
        "mobile": "+90 543 425 05 46",
        "museum": "local",
        "name": "Zamba Oyuncak Müzesi",
        "official_name": "Zamba Oyuncak Müzesi",
        "official_name:en": "Zamba Toy Museum",
        "official_name:tr": "Zamba Oyuncak Müzesi",
        "opening_hours": "Mo-Su 10:00-19:00",
        "operator": "Zamba Oyuncak Müzesi",
        "toilets": "yes",
        "tourism": "museum",
        "website": "https://www.zambaoyuncakmuzesi.com/"
      },
      "geometry": {
        "type": "Point",
        "coordinates": [
          29.2684019,
          41.0459991
        ]
      },
      "id": "node/13849744569"
    },
    {
      "type": "Feature",
      "properties": {
        "@id": "node/13878412891",
        "archaeological_site": "tumulus",
        "historic": "archaeological_site",
        "name": "Yolçatı Höyüğü"
      },
      "geometry": {
        "type": "Point",
        "coordinates": [
          28.1288516,
          41.1335548
        ]
      },
      "id": "node/13878412891"
    },
    {
      "type": "Feature",
      "properties": {
        "@id": "node/13878412893",
        "archaeological_site": "tumulus",
        "historic": "archaeological_site",
        "name": "Çeltik Höyüğü"
      },
      "geometry": {
        "type": "Point",
        "coordinates": [
          28.1286626,
          41.1072518
        ]
      },
      "id": "node/13878412893"
    },
    {
      "type": "Feature",
      "properties": {
        "@id": "node/14007018311",
        "historic": "archaeological_site",
        "name": "Sarayburnu Arkeopark"
      },
      "geometry": {
        "type": "Point",
        "coordinates": [
          28.9847049,
          41.0170577
        ]
      },
      "id": "node/14007018311"
    },
    {
      "type": "Feature",
      "properties": {
        "@id": "node/14038557502",
        "name:en": "Голубая мечеть Султанахмет",
        "tourism": "museum"
      },
      "geometry": {
        "type": "Point",
        "coordinates": [
          28.9768363,
          41.0054953
        ]
      },
      "id": "node/14038557502"
    },
    {
      "type": "Feature",
      "properties": {
        "@id": "node/14038557503",
        "name:en": "Сулеймание мечеть",
        "tourism": "museum"
      },
      "geometry": {
        "type": "Point",
        "coordinates": [
          28.9639,
          41.0162273
        ]
      },
      "id": "node/14038557503"
    },
    {
      "type": "Feature",
      "properties": {
        "@id": "node/14038557504",
        "name:en": "Ортакей мечеть",
        "tourism": "museum"
      },
      "geometry": {
        "type": "Point",
        "coordinates": [
          29.0266181,
          41.0472821
        ]
      },
      "id": "node/14038557504"
    },
    {
      "type": "Feature",
      "properties": {
        "@id": "node/14038557602",
        "name:en": "Голубая мечеть Султанахмет",
        "tourism": "museum"
      },
      "geometry": {
        "type": "Point",
        "coordinates": [
          28.9769034,
          41.0053109
        ]
      },
      "id": "node/14038557602"
    },
    {
      "type": "Feature",
      "properties": {
        "@id": "node/14038557603",
        "name:en": "Айя София мечеть",
        "tourism": "museum"
      },
      "geometry": {
        "type": "Point",
        "coordinates": [
          28.9801834,
          41.008841
        ]
      },
      "id": "node/14038557603"
    },
    {
      "type": "Feature",
      "properties": {
        "@id": "node/14038557701",
        "name:en": "Топкапы Дворец",
        "tourism": "museum"
      },
      "geometry": {
        "type": "Point",
        "coordinates": [
          28.9832026,
          41.0113115
        ]
      },
      "id": "node/14038557701"
    },
    {
      "type": "Feature",
      "properties": {
        "@id": "node/14038557702",
        "name:en": "Таксим площадь",
        "tourism": "museum"
      },
      "geometry": {
        "type": "Point",
        "coordinates": [
          28.9855973,
          41.0377963
        ]
      },
      "id": "node/14038557702"
    },
    {
      "type": "Feature",
      "properties": {
        "@id": "node/14038557801",
        "name:en": "Долмабахче Дворец",
        "tourism": "museum"
      },
      "geometry": {
        "type": "Point",
        "coordinates": [
          28.9994057,
          41.038727
        ]
      },
      "id": "node/14038557801"
    },
    {
      "type": "Feature",
      "properties": {
        "@id": "node/14038730201",
        "name:en": "Нишанташи",
        "tourism": "museum"
      },
      "geometry": {
        "type": "Point",
        "coordinates": [
          28.9918785,
          41.0515259
        ]
      },
      "id": "node/14038730201"
    },
    {
      "type": "Feature",
      "properties": {
        "@id": "node/14038730202",
        "name:en": "Сладости Baklavist",
        "tourism": "museum"
      },
      "geometry": {
        "type": "Point",
        "coordinates": [
          28.9642386,
          41.0081087
        ]
      },
      "id": "node/14038730202"
    },
    {
      "type": "Feature",
      "properties": {
        "@id": "node/14038730301",
        "name:en": "Церковь исполнения желаний",
        "tourism": "museum"
      },
      "geometry": {
        "type": "Point",
        "coordinates": [
          28.9589931,
          41.018048
        ]
      },
      "id": "node/14038730301"
    },
    {
      "type": "Feature",
      "properties": {
        "@id": "node/14067136702",
        "name:tr": "Музей Дмитрия Кантемира",
        "tourism": "museum"
      },
      "geometry": {
        "type": "Point",
        "coordinates": [
          28.9495925,
          41.0301217
        ]
      },
      "id": "node/14067136702"
    }
  ]
}